bin,domain,signal_CAZ_count,total_CAZ_count,signal_CAZ_aa,MAG_ORFs_aa,ORF_count,signal_pep_count,total_pep_count,signal_pep_aa
ARS-1360,Bacteria,0,16,0,175065,627,3,23,1043
ARS-125,Bacteria,1,27,555,308578,1047,9,42,3795
ARS-13,Bacteria,6,67,3778,1116066,3438,59,154,30089
ARS-1358,Archaea,0,9,0,209501,763,1,35,1493
ARS-117,Archaea,0,100,0,916250,2463,13,145,8205
ARS-38,Bacteria,21,158,11728,1808461,5515,68,234,33581
ARS-1199,Archaea,0,20,0,281420,1050,4,40,5190
ARS-45,Bacteria,4,45,2419,894336,2868,47,140,21105
ARS-1203,Archaea,0,10,0,323216,1079,0,37,0
ARS-93,Bacteria,41,134,25066,1087836,3353,111,209,72566
ARS-77,Bacteria,1,38,436,432900,1388,8,58,3075
ARS-4,Bacteria,2,35,1185,538095,1800,23,84,10043
ARS-104,Bacteria,76,182,40460,1089252,3516,110,224,75468
ARS-1032,Bacteria,10,114,5041,1314605,4207,36,222,14869
ARS-70,Bacteria,0,51,0,874875,3075,10,181,3984
ARS-3,Bacteria,22,122,11178,1361745,4271,137,271,76161
ARS-1279,Bacteria,2,53,849,786918,2461,64,156,37208
ARS-1297,Bacteria,7,40,4374,411806,1290,16,62,6542
ARS-42,Bacteria,2,42,1207,736467,2370,3,153,875
ARS-14,Bacteria,8,62,4364,973742,3008,52,141,27320
ARS-63,Bacteria,17,71,12570,1110164,3042,80,180,48553
ARS-51,Bacteria,132,239,82652,2380457,7148,201,350,149285
ARS-1019,Bacteria,11,114,4267,688161,2550,21,120,8077
ARS-1427,Archaea,0,10,0,171208,630,0,19,0
ARS-67,Bacteria,12,70,8014,1307758,3717,78,181,46944
ARS-1307,Archaea,0,21,0,231315,809,0,33,0
ARS-46,Bacteria,1,58,604,856554,2689,21,138,9665
ARS-31,Bacteria,6,87,2783,1280143,3907,32,193,13030
ARS-1004,Bacteria,12,63,8626,483024,1522,33,87,19860
ARS-1434,Bacteria,66,127,52717,1794814,4663,168,296,108335
ARS-7,Bacteria,8,110,3598,1131945,3515,31,158,13456
ARS-74,Archaea,0,22,0,375062,1319,3,47,3207
ARS-90,Bacteria,17,93,14888,1033443,2714,58,141,35409
ARS-1036,Bacteria,18,83,8616,875885,2861,90,189,47189
ARS-73,Archaea,0,13,0,290921,1084,0,32,0
ARS-100,Bacteria,3,27,3439,571457,1532,21,68,17665
ARS-1009,Bacteria,115,198,73365,994487,2610,56,124,29593
ARS-84,Bacteria,1,45,439,551690,1738,8,84,3213
ARS-60,Archaea,0,25,0,693983,1838,6,81,4889
ARS-17,Bacteria,27,119,16225,1447249,4175,169,287,92092
ARS-52,Bacteria,2,36,1187,330864,1124,11,45,7232
ARS-86,Bacteria,21,71,13213,671646,1896,51,128,33556
ARS-68,Bacteria,17,76,15385,875410,2288,48,115,29616
ARS-62,Bacteria,35,123,18562,957189,3092,84,188,41110
ARS-15,Bacteria,51,147,35864,1536983,3833,84,201,50988
ARS-123,Bacteria,3,52,2010,586679,1974,9,99,3697
ARS-1012,Bacteria,14,110,7717,1036939,3251,79,244,43732
ARS-1168,Bacteria,1,23,433,348349,1223,4,44,2700
ARS-1018,Archaea,1,54,1347,598474,2217,4,41,3732
ARS-27,Bacteria,5,57,2810,474372,1551,16,90,6675
ARS-1330,Bacteria,1,38,840,395082,1387,7,60,2945
ARS-102,Archaea,0,25,0,258735,968,0,38,0
ARS-1134,Archaea,0,15,0,432604,1189,10,74,8582
ARS-71,Bacteria,10,65,5482,725069,2355,27,120,11652
ARS-95,Bacteria,3,44,1797,526201,1528,44,103,32135
ARS-34,Bacteria,1,39,1000,989113,3200,18,184,9886
ARS-49,Archaea,1,15,383,342621,1338,2,33,1798
ARS-33,Bacteria,10,56,5287,603719,2019,24,95,11493
ARS-1176,Archaea,0,15,0,301434,1206,2,43,2366
ARS-1441,Archaea,1,20,428,267813,940,1,29,1255
ARS-5,Bacteria,46,176,24115,1663000,5237,54,246,23358
ARS-76,Bacteria,35,76,25415,684884,1935,21,77,19965
ARS-1034,Bacteria,1,40,446,588485,1890,7,96,2487
ARS-81,Bacteria,103,166,69934,1089695,2853,62,144,40794
ARS-65,Bacteria,16,150,10835,2354033,5735,34,224,26050
ARS-1419,Archaea,0,13,0,283833,1007,1,35,776
ARS-16,Bacteria,5,101,2490,937411,2938,27,137,11983
ARS-61,Bacteria,31,112,19935,1611356,4649,74,226,45445
ARS-112,Bacteria,17,97,8722,1088511,3296,44,167,20510
ARS-24,Bacteria,9,69,4475,757778,2501,72,170,37137
ARS-59,Bacteria,2,47,1457,768596,2342,16,119,6538
ARS-1215,Bacteria,3,29,2077,452908,1413,7,93,4087
ARS-120,Bacteria,7,68,4267,1847097,5512,58,284,28529
ARS-1030,Bacteria,10,83,5932,825113,2682,13,144,5647
ARS-1,Bacteria,2,42,814,413199,1422,8,69,3060
ARS-40,Bacteria,121,189,96480,1218996,3074,88,172,51466
ARS-30,Bacteria,1,49,465,578448,1936,13,78,5859
ARS-1037,Bacteria,11,91,5579,837012,2586,40,140,18332
ARS-75,Bacteria,89,189,65062,1332341,3389,69,178,42188
ARS-1386,Bacteria,1,19,432,224129,762,9,29,6168
ARS-29,Bacteria,5,69,2607,681327,2188,15,110,8314
ARS-1426,Bacteria,2,40,1757,576587,1824,11,110,6009
ARS-115,Bacteria,15,84,8494,762511,2331,61,137,35138
ARS-66,Bacteria,9,77,5439,1498543,4629,62,269,30270
ARS-11,Bacteria,7,66,3817,878836,2747,32,118,13205
ARS-1414,Archaea,0,13,0,257652,1011,2,23,1553
CPC-41,Bacteria,24,129,13956,1047419,3025,74,161,58759
CPC-316,Bacteria,23,119,10452,1018799,3148,85,241,46609
CPC-97,Bacteria,17,80,10778,531315,1489,35,91,22987
CPC-73,Bacteria,11,82,5654,642591,1993,51,124,28767
CPC-288,Bacteria,41,98,23993,620462,1845,71,149,44324
CPC-25,Bacteria,34,127,21161,1038374,3286,118,237,66303
CPC-52,Bacteria,112,204,67149,1063669,3028,60,140,29767
CPC-58,Bacteria,14,86,7887,871241,2821,18,139,7368
CPC-17,Bacteria,59,221,37115,1451168,4273,129,265,75000
CPC-84,Bacteria,14,73,9528,590788,1562,44,98,29719
CPC-305,Bacteria,12,107,6997,712912,2291,24,110,10604
CPC-67,Bacteria,27,126,16258,937341,3105,82,174,51124
CPC-7,Bacteria,30,139,16887,1093091,3522,102,223,57912
CPC-28,Bacteria,25,120,12399,1245521,3830,65,210,31859
CPC-74,Bacteria,3,60,1733,586552,1850,8,119,3367
CPC-323,Bacteria,23,83,13375,491083,1460,36,106,20821
CPC-46,Bacteria,16,102,7367,901204,2974,112,243,65263
CPC-31,Bacteria,197,378,117832,2059772,6017,89,251,46003
CPC-42,Bacteria,20,160,8712,1377384,4080,87,203,53639
CPC-48,Bacteria,25,156,12143,1319904,4103,41,179,18244
CPC-327,Bacteria,31,139,19981,970192,2836,92,194,54901
CPC-70,Bacteria,34,151,22763,1044579,3286,85,176,56095
CPC-51,Bacteria,69,239,57183,1655145,4206,133,260,89290
CPC-69,Bacteria,37,165,17830,1339917,4184,45,173,22755
CPC-14,Bacteria,26,123,13299,865194,2590,85,179,52223
CPC-9,Bacteria,96,239,63957,1535935,4063,120,248,73312
CPC-3,Bacteria,65,207,39903,1133924,3020,101,202,58628
CPC-19,Bacteria,38,241,21398,1971981,6154,56,316,22349
CPC-80,Bacteria,16,81,7963,673616,2131,59,133,32920
CPC-64,Bacteria,19,102,8406,955652,3048,35,153,18046
CPC-13,Bacteria,58,196,31647,1525102,4793,140,299,79724
CPC-21,Bacteria,30,180,20192,1950851,5852,60,268,30560
CPC-32,Bacteria,16,132,7965,1020963,3335,39,188,20116
CPC-45,Bacteria,24,124,11705,1084980,3469,43,186,18213
CPC-320,Bacteria,11,93,4569,985623,3286,18,140,8087
CPC-38,Bacteria,35,180,20870,1490396,4591,63,251,30267
CPC-75,Bacteria,9,73,4442,684771,2122,60,142,38398
CPC-310,Bacteria,20,98,10389,719088,2148,76,166,47194
CPC-30,Bacteria,3,67,1459,612884,1957,9,90,3496
CPC-1232,Bacteria,8,91,4166,547521,1815,12,78,7101
CPC-47,Bacteria,20,78,9510,650459,2175,60,148,31612
CPC-322,Bacteria,34,113,18498,845161,2401,48,124,28587
CPC-297,Bacteria,38,123,24499,906146,2567,46,114,27877
CPC-309,Bacteria,10,74,4629,905046,2894,28,113,9353
CPC-11,Bacteria,22,128,11368,1094382,3381,45,166,21866
CPC-6,Bacteria,43,164,21151,1233095,3851,124,257,69885
CPC-29,Bacteria,7,57,3900,427051,1364,12,53,5399
CPC-1326,Bacteria,18,78,9456,529220,1598,44,100,27348
CPC-23,Bacteria,114,241,76242,1423238,4124,47,135,26036
CPC-54,Bacteria,23,100,10975,776952,2567,69,159,37561
CPC-59,Bacteria,9,77,4055,683769,2257,16,112,6501
CPC-53,Bacteria,8,104,4002,1092066,3479,10,144,5014
CPC-24,Bacteria,16,119,7664,1154619,3517,41,181,21068
CPC-1,Bacteria,33,217,14266,1732292,8395,24,204,9937
CPC-85,Bacteria,56,167,34973,1091646,2973,71,148,45153
CPC-16,Bacteria,9,58,3749,833416,2700,23,91,8680
CPC-61,Bacteria,12,108,6479,938005,3099,22,119,11053
CPC-40,Bacteria,36,229,14746,1570436,5016,65,243,23283
CPC-289,Bacteria,4,47,1879,345513,1193,6,52,2797
CPC-72,Bacteria,31,132,14249,1120414,3401,47,192,21607
CPC-1399,Bacteria,13,67,7073,580599,1883,51,119,27063
CPC-98,Bacteria,58,179,36463,1072168,3206,0,0,0
CPC-319,Bacteria,28,128,14240,756087,2318,57,145,31691
CPC-39,Bacteria,21,115,10839,916147,3160,97,213,51484
CPC-33,Bacteria,17,86,7682,642901,2101,66,150,36510
CPC-5,Bacteria,37,133,21966,1024378,2976,110,210,71232
CPC-12,Bacteria,28,160,11922,1365057,4112,98,226,58506
CPC-294,Bacteria,138,265,78669,1150246,3371,145,247,109412
CPC-300,Bacteria,91,162,53459,874954,2362,45,121,24281
CPC-20,Bacteria,8,85,3770,762121,2477,35,165,17784
CPC-27,Bacteria,21,107,12503,1018503,3428,130,230,68076
CPC-50,Bacteria,106,185,69783,983713,2722,52,122,29703
CPC-62,Bacteria,24,115,11087,1127845,3716,44,189,18686
CPC-86,Bacteria,40,108,23778,903877,2487,51,143,36648
CPC-2,Bacteria,30,147,15089,1467782,4424,57,225,35360
CPC-8,Bacteria,33,162,16787,1419752,4407,47,181,20936
CPC-49,Bacteria,32,136,14801,1027227,3343,94,213,48102
CPC-34,Bacteria,30,113,17063,960045,2880,104,188,63310
CPC-43,Bacteria,19,167,8843,1393491,4353,41,204,18783
CPC-95,Bacteria,37,143,23765,1185430,3711,61,192,33838
deep_MAG_0339,Bacteria,10,57,6355,566529,1780,66,140,38432
deep_MAG_0344,Bacteria,0,53,0,1032127,3649,12,195,4475
deep_MAG_0047,Bacteria,23,110,10886,850120,2809,35,141,15430
deep_MAG_0400,Bacteria,0,47,0,767960,2690,13,130,6382
deep_MAG_0477,Bacteria,1,23,821,277307,973,8,40,2480
deep_MAG_0570,Bacteria,2,54,983,629068,2201,14,114,6354
deep_MAG_0507,Archaea,0,13,0,399973,1362,6,63,3031
deep_MAG_0140,Bacteria,8,104,5827,1172490,3456,65,188,41622
deep_MAG_0137,Bacteria,16,135,7483,1507375,4769,46,226,16798
deep_MAG_0295,Bacteria,18,104,6292,890337,3006,37,157,13241
deep_MAG_0376,Bacteria,12,85,5848,810516,2724,86,189,44480
deep_MAG_0548,Bacteria,49,161,29623,1246878,3878,91,212,51382
deep_MAG_0075,Bacteria,24,133,10125,1159000,3762,38,183,15561
deep_MAG_0196,Archaea,0,6,0,260841,994,1,40,1246
deep_MAG_0178,Bacteria,6,57,2949,1093057,3701,45,143,21404
deep_MAG_0008,Bacteria,12,81,5297,876332,3410,36,202,18093
deep_MAG_0438,Bacteria,21,57,12672,528464,1582,45,109,25378
deep_MAG_0535,Bacteria,3,72,1856,971650,3138,14,172,6619
deep_MAG_0542,Bacteria,14,99,7594,1268197,4002,42,196,19208
deep_MAG_0320,Bacteria,11,61,5172,622969,2117,56,148,28358
deep_MAG_0250,Bacteria,6,58,2896,960012,2942,77,177,47240
deep_MAG_0617,Bacteria,23,90,12453,995387,3221,48,165,26079
deep_MAG_0153,Bacteria,17,111,7835,1084823,3455,90,203,51753
deep_MAG_0029,Bacteria,14,111,7031,943983,3228,90,220,48786
deep_MAG_0480,Bacteria,6,89,2497,742297,2489,12,111,5690
deep_MAG_0514,Bacteria,12,48,7661,556228,1574,30,94,17055
deep_MAG_0286,Bacteria,3,47,2216,682169,2216,11,131,4605
deep_MAG_0262,Bacteria,11,111,6690,1606980,5065,35,247,13626
deep_MAG_0318,Bacteria,11,69,7866,1119932,3592,38,130,16364
deep_MAG_0082,Bacteria,16,60,8453,380770,1143,50,95,27457
deep_MAG_0161,Bacteria,28,81,18486,1257646,3945,248,363,138661
deep_MAG_0011,Bacteria,176,410,110637,1924857,5798,44,212,24034
deep_MAG_0185,Bacteria,22,119,12908,1235947,3929,49,204,28744
deep_MAG_0421,Bacteria,21,103,16360,2660476,6714,120,291,75407
deep_MAG_0166,Bacteria,22,144,14666,1568924,5017,47,238,23740
deep_MAG_0182,Bacteria,8,84,3777,858880,2881,38,124,15922
deep_MAG_0362,Bacteria,6,67,3220,958601,2764,83,171,52523
deep_MAG_0315,Bacteria,11,78,5321,812104,2932,30,137,11199
deep_MAG_0218,Bacteria,10,60,4780,626463,1995,45,122,30211
deep_MAG_0368,Bacteria,15,52,10737,788476,2297,43,112,27872
deep_MAG_0386,Bacteria,13,81,9681,1074177,3224,67,177,39579
deep_MAG_0212,Bacteria,1,37,747,540128,2031,24,86,9682
deep_MAG_0564,Bacteria,10,90,5249,1166439,4083,27,224,13402
deep_MAG_0580,Bacteria,24,119,14756,963887,2902,82,170,54034
deep_MAG_0519,Bacteria,40,97,23378,726587,2235,26,86,14399
deep_MAG_0053,Bacteria,70,188,44918,1190294,3609,116,225,73485
deep_MAG_0327,Bacteria,10,73,4833,664747,2346,38,113,12515
deep_MAG_0435,Bacteria,11,89,5220,833137,2657,36,121,14463
deep_MAG_0108,Bacteria,49,173,28599,1214114,3645,104,220,62421
deep_MAG_0191,Bacteria,15,63,10267,635759,2006,66,143,44078
deep_MAG_0175,Bacteria,37,103,19726,824978,2698,81,177,41656
deep_MAG_0102,Bacteria,31,113,18393,807134,2446,75,180,52864
deep_MAG_0096,Bacteria,11,116,4911,1052756,3632,21,178,8360
deep_MAG_0545,Bacteria,27,113,15566,1083846,3466,115,240,67794
deep_MAG_0040,Bacteria,27,182,10455,1142177,3616,33,158,12014
deep_MAG_0037,Bacteria,29,112,15158,1357020,4275,72,169,38716
deep_MAG_0593,Bacteria,28,120,19605,922801,2774,105,196,66318
deep_MAG_0494,Bacteria,19,112,12885,883493,2613,74,148,49543
deep_MAG_0603,Bacteria,16,87,9652,1031077,2995,109,203,71838
deep_MAG_0233,Bacteria,6,55,3250,724457,2340,29,106,12068
deep_MAG_0349,Bacteria,19,84,13836,1973800,4982,77,199,45273
deep_MAG_0239,Bacteria,18,86,10221,1098534,3291,84,206,65482
deep_MAG_0334,Bacteria,7,62,3751,651229,2052,24,100,8855
deep_MAG_0343,Bacteria,2,37,1325,489629,1580,11,74,4048
deep_MAG_0609,Bacteria,5,53,3067,703454,2208,53,153,35006
deep_MAG_0134,Bacteria,13,122,7168,1177773,4087,41,172,17819
deep_MAG_0490,Bacteria,24,143,20163,2050148,7021,67,257,41088
deep_MAG_0573,Bacteria,7,55,3901,1041363,3409,42,134,19479
deep_MAG_0044,Bacteria,45,144,24226,1276460,4230,134,293,62697
deep_MAG_0149,Bacteria,6,73,3758,951828,2822,30,147,13490
deep_MAG_0330,Bacteria,71,174,42800,1293305,4307,56,167,25960
deep_MAG_0347,Bacteria,20,102,11259,1102510,3548,47,161,26817
deep_MAG_0607,Bacteria,8,51,4102,599207,1859,20,93,10081
deep_MAG_0195,Bacteria,9,113,4514,1674779,5721,42,264,17318
deep_MAG_0098,Bacteria,28,114,16259,1061822,3416,136,230,70170
deep_MAG_0375,Bacteria,0,29,0,569635,2121,6,94,2776
deep_MAG_0296,Bacteria,20,117,8546,1141198,3658,36,180,13025
deep_MAG_0391,Bacteria,9,56,5506,855135,2556,167,267,96409
deep_MAG_0489,Bacteria,14,77,9771,963689,3053,112,210,56637
deep_MAG_0467,Bacteria,112,200,67926,1169160,3315,141,232,100274
deep_MAG_0410,Bacteria,23,107,18040,2765206,6921,119,289,76892
deep_MAG_0483,Bacteria,8,57,4403,687281,2253,24,98,9753
deep_MAG_0560,Bacteria,6,55,2795,678662,2370,22,115,8561
deep_MAG_0127,Bacteria,35,237,14015,1904688,6365,49,320,18394
deep_MAG_0614,Bacteria,1,51,310,824073,2880,8,147,3778
deep_MAG_0323,Bacteria,1,42,747,535068,1772,23,85,9746
deep_MAG_0422,Bacteria,3,71,1635,1051156,3412,15,201,7650
deep_MAG_0455,Bacteria,0,46,0,810709,2660,13,132,6900
deep_MAG_0186,Bacteria,23,106,11780,896922,2963,82,195,45472
deep_MAG_0162,Bacteria,0,32,0,574795,1940,6,112,2286
deep_MAG_0081,Bacteria,37,178,17397,1688336,4807,72,234,33972
deep_MAG_0018,Bacteria,2,71,759,549847,2233,6,89,2650
deep_MAG_0366,Bacteria,12,96,11633,1100327,3254,56,182,38921
deep_MAG_0285,Bacteria,16,135,9710,1844977,5948,48,242,33211
deep_MAG_0282,Bacteria,3,41,1391,428574,1464,8,74,2948
deep_MAG_0361,Bacteria,14,84,7025,968799,3112,44,164,18558
deep_MAG_0452,Bacteria,3,50,1350,536591,1562,11,53,5191
deep_MAG_0528,Bacteria,17,126,8268,1268024,4100,39,199,14788
deep_MAG_0181,Bacteria,3,41,1236,370353,1361,8,67,2482
deep_MAG_0118,Bacteria,26,161,11963,1410378,4573,59,216,22484
deep_MAG_0165,Bacteria,36,138,20434,1160516,3783,95,211,53251
deep_MAG_0555,Bacteria,135,291,77142,1678694,5336,196,337,144665
deep_MAG_0223,Bacteria,11,68,6438,878915,2798,119,211,60486
deep_MAG_0353,Bacteria,2,44,984,500592,1757,20,87,8101
deep_MAG_0229,Bacteria,39,183,13595,1521804,5455,59,290,20078
deep_MAG_0619,Bacteria,10,61,6344,696824,2028,120,206,74583
deep_MAG_0027,Bacteria,44,168,28511,1327741,3856,139,239,91623
deep_MAG_0050,Bacteria,20,105,9648,813924,2634,60,151,29799
deep_MAG_0510,Bacteria,17,65,9277,520484,1816,52,142,27955
deep_MAG_0484,Bacteria,7,64,3915,791038,2459,39,136,20170
deep_MAG_0305,Bacteria,13,87,6423,826972,2641,26,126,10734
deep_MAG_0291,Bacteria,111,216,62087,1136069,3381,124,222,77607
deep_MAG_0275,Bacteria,1,46,312,1015096,3799,13,216,6113
deep_MAG_0202,Bacteria,28,166,15849,1828993,5979,64,284,27409
deep_MAG_0378,Bacteria,65,179,41626,1398997,4022,138,264,83898
deep_MAG_0531,Bacteria,15,105,6490,969228,3365,35,147,14859
deep_MAG_0101,Bacteria,5,81,2167,649571,2308,10,108,3856
deep_MAG_0095,Bacteria,7,72,3689,507027,1718,9,94,3508
deep_MAG_0176,Bacteria,1,60,732,738323,2602,27,101,11425
deep_MAG_0441,Bacteria,10,100,4046,694330,2271,23,104,10544
deep_MAG_0340,Bacteria,13,47,7314,764607,2434,101,191,55202
deep_MAG_0600,Bacteria,20,82,10608,724378,2612,63,183,33715
deep_MAG_0144,Bacteria,20,116,10757,1337258,4312,41,197,23278
deep_MAG_0503,Bacteria,40,89,27644,776336,2226,38,115,20468
deep_MAG_0509,Bacteria,27,164,11097,1733932,5691,60,251,23134
deep_MAG_0590,Bacteria,17,65,13971,916477,2787,117,204,56910
deep_MAG_0404,Bacteria,10,53,6301,429745,1283,48,101,27616
deep_MAG_0533,Bacteria,15,132,6288,1073516,3390,27,160,9766
deep_MAG_0103,Bacteria,19,78,8447,925469,2870,44,126,19877
deep_MAG_0539,Bacteria,39,147,22056,3385254,10009,129,354,61958
deep_MAG_0434,Bacteria,13,80,10128,1491903,4351,70,194,31735
deep_MAG_0307,Archaea,0,17,0,353174,1189,5,56,3821
deep_MAG_0293,Bacteria,0,59,0,996720,3404,10,200,3883
deep_MAG_0200,Bacteria,5,43,2786,458394,1455,33,96,21733
deep_MAG_0146,Bacteria,0,41,0,950359,3683,7,197,2558
deep_MAG_0131,Bacteria,3,45,1298,392287,1349,6,65,2496
deep_MAG_0592,Bacteria,19,102,11239,1057566,3551,45,197,25913
deep_MAG_0471,Bacteria,12,71,8232,711279,2336,51,149,38149
deep_MAG_0036,Bacteria,89,244,53520,1571797,4744,138,270,79321
deep_MAG_0608,Bacteria,62,170,42672,1992438,5488,197,354,130617
deep_MAG_0238,Bacteria,7,54,3598,495705,1599,44,109,26327
deep_MAG_0342,Bacteria,4,57,2068,542116,1844,22,90,9294
deep_MAG_0335,Bacteria,37,114,25268,1030320,3400,22,114,11567
deep_MAG_0060,Bacteria,44,161,29580,937168,2858,91,170,59509
deep_MAG_0183,Archaea,0,11,0,295377,1054,1,43,668
deep_MAG_0084,Bacteria,25,169,9874,1129210,3579,32,163,11835
deep_MAG_0167,Bacteria,4,61,1990,1069247,3892,29,170,10703
deep_MAG_0557,Bacteria,19,102,7690,838685,2893,26,153,8799
deep_MAG_0213,Bacteria,10,126,4930,1675255,5409,107,269,61031
deep_MAG_0314,Bacteria,22,134,8574,1451459,5238,43,231,15494
deep_MAG_0280,Bacteria,25,145,10481,1349116,4473,42,212,21082
deep_MAG_0363,Bacteria,11,53,7627,506360,1622,44,113,30884
deep_MAG_0052,Bacteria,3,92,1477,846903,2853,15,124,8450
deep_MAG_0128,Bacteria,10,79,5709,501614,1732,11,65,3785
deep_MAG_0518,Bacteria,12,110,5606,956287,3091,39,128,16553
deep_MAG_0512,Bacteria,7,89,3339,864779,2767,27,150,12299
deep_MAG_0058,Bacteria,199,430,111605,1900036,5947,221,403,135024
deep_MAG_0122,Bacteria,69,237,35764,1067967,4115,16,111,7838
deep_MAG_0351,Bacteria,128,203,97829,1852087,4823,98,243,56042
deep_MAG_0616,Archaea,0,14,0,353844,1212,1,54,538
deep_MAG_0251,Bacteria,2,56,825,828202,2649,11,157,6255
deep_MAG_0226,Bacteria,11,95,5971,980497,3518,70,208,35193
deep_MAG_0321,Bacteria,28,108,20359,907633,2705,78,154,37800
deep_MAG_0356,Bacteria,16,74,7326,783687,2623,78,162,40830
deep_MAG_0465,Archaea,0,10,0,236253,856,0,32,0
deep_MAG_0586,Bacteria,7,57,4641,1011923,3144,146,257,79835
deep_MAG_0562,Bacteria,26,128,10486,1528676,5048,56,232,24451
deep_MAG_0152,Bacteria,14,129,6036,1161230,3989,27,148,11208
deep_MAG_0028,Bacteria,50,188,30011,1593901,4691,77,230,40673
deep_MAG_0214,Bacteria,68,123,46715,854074,2548,48,120,22747
deep_MAG_0263,Bacteria,4,87,2075,850749,3050,28,142,11265
deep_MAG_0269,Bacteria,23,186,8951,1601969,4984,52,257,18450
deep_MAG_0420,Bacteria,45,148,35160,1046762,2994,122,212,73000
deep_MAG_0457,Bacteria,10,81,6152,1096944,3853,34,198,14138
deep_MAG_0184,Bacteria,40,142,22498,1103654,3468,100,208,57094
deep_MAG_0067,Bacteria,11,66,5605,499134,1663,18,88,6812
deep_MAG_0527,Bacteria,11,82,5862,938564,2837,43,144,18716
deep_MAG_0345,Bacteria,19,92,12267,1068133,3090,100,223,56224
deep_MAG_0338,Bacteria,24,125,13500,1212417,3899,46,179,21127
deep_MAG_0242,Bacteria,6,81,3344,738927,2629,18,131,6450
deep_MAG_0605,Archaea,0,14,0,355913,1567,3,55,1557
deep_MAG_0571,Bacteria,2,38,743,519847,1772,3,131,1549
deep_MAG_0300,Bacteria,16,96,6486,1087760,4131,30,182,9885
deep_MAG_0399,Bacteria,2,57,1000,595226,2039,5,75,2322
deep_MAG_0439,Bacteria,6,69,3028,1141870,3733,52,143,24152
deep_MAG_0534,Archaea,0,24,0,343826,1392,0,41,0
deep_MAG_0173,Bacteria,9,64,4805,1181201,3649,72,175,34209
deep_MAG_0549,Archaea,0,17,0,436533,1295,6,69,4440
deep_MAG_0203,Bacteria,13,52,8052,571272,1712,70,138,40345
deep_MAG_0274,Bacteria,12,87,5776,854890,2708,78,188,42624
deep_MAG_0209,Bacteria,110,231,62329,1236427,4154,129,255,75310
deep_MAG_0373,Bacteria,27,101,20900,1088361,3356,110,190,57087
deep_MAG_0437,Archaea,0,15,0,423445,1205,5,66,4592
deep_MAG_0193,Bacteria,14,103,5971,823608,2635,25,127,10343
deep_MAG_0070,Bacteria,2,81,710,623813,2027,5,92,3438
deep_MAG_0177,Bacteria,47,174,27701,1513110,4707,140,284,82713
deep_MAG_0094,Bacteria,24,127,12529,1129714,3284,47,160,29432
deep_MAG_0246,Bacteria,0,9,0,143985,548,4,24,1635
deep_MAG_0336,Bacteria,1,29,438,337252,1107,9,50,4894
deep_MAG_0035,Bacteria,11,84,5276,780133,2461,34,116,14204
deep_MAG_0591,Bacteria,11,69,5386,660019,2156,24,99,9780
deep_MAG_0405,Bacteria,26,89,12993,722262,2666,61,149,31902
deep_MAG_0502,Bacteria,9,59,4923,622473,1945,22,95,8873
deep_MAG_0496,Bacteria,10,65,6437,847722,2774,116,228,58593
deep_MAG_0478,Bacteria,14,102,9311,2525862,7784,101,348,46100
deep_MAG_0132,Bacteria,6,63,3767,1169029,4154,27,217,11016
deep_MAG_0048,Bacteria,7,38,3136,278533,901,21,51,9489
deep_MAG_0317,Bacteria,6,78,3276,832024,2890,17,120,7590
deep_MAG_0283,Bacteria,0,40,0,667599,2500,16,108,6578
deep_MAG_0210,Bacteria,11,89,5007,829387,2667,38,134,16341
deep_MAG_0267,Bacteria,48,150,26927,944407,3010,100,194,57853
deep_MAG_0459,Bacteria,10,75,5408,767856,2473,86,167,46672
deep_MAG_0523,Bacteria,9,103,3933,916129,2901,34,119,13740
deep_MAG_0325,Bacteria,12,51,5642,582303,2059,65,155,33712
deep_MAG_0228,Bacteria,17,104,8177,1051522,3169,66,172,37919
deep_MAG_0358,Bacteria,22,113,11797,1312611,4208,49,216,27136
deep_MAG_0255,Bacteria,15,55,10138,786742,2239,29,99,19557
deep_MAG_0222,Bacteria,1,40,457,625413,2044,9,94,4908
deep_MAG_0612,Bacteria,201,299,161012,1845396,4934,120,222,68327
deep_MAG_0511,Bacteria,31,169,16761,1382197,4343,50,182,22125
deep_MAG_0461,Bacteria,14,68,9181,1266875,3924,245,369,136577
deep_MAG_0416,Bacteria,13,84,8933,834696,2487,111,193,55449
deep_MAG_0126,Bacteria,12,98,4807,793580,2754,32,115,12391
deep_MAG_0585,Bacteria,18,93,11520,885322,3009,81,187,46815
deep_MAG_0466,Bacteria,8,87,3991,832499,3066,28,129,12298
deep_MAG_0021,Bacteria,27,124,13152,1168156,3565,72,199,41702
deep_MAG_0258,Bacteria,9,69,4851,758537,2606,59,140,29643
deep_MAG_0355,Bacteria,18,76,11969,997275,3255,77,225,39036
deep_MAG_0322,Bacteria,0,41,0,810363,2743,14,162,6062
deep_MAG_0328,Bacteria,67,167,40756,1273530,3853,129,237,74999
deep_MAG_0553,Bacteria,71,190,40984,1224081,3880,117,225,64864
deep_MAG_0019,Bacteria,20,106,8646,853222,2712,103,199,65400
deep_MAG_0169,Bacteria,10,85,4867,969344,3101,36,139,23005
deep_MAG_0064,Bacteria,23,139,10345,1245608,3905,40,193,16555
deep_MAG_0013,Bacteria,41,147,25220,763323,2222,92,166,48370
deep_MAG_0284,Bacteria,16,74,9647,696590,2286,63,140,31937
deep_MAG_0367,Bacteria,23,133,10950,1398713,4405,46,203,20664
deep_MAG_0383,Bacteria,62,125,44828,829641,2655,39,114,19347
deep_MAG_0045,Bacteria,20,154,7965,1194783,3858,37,171,15519
deep_MAG_0596,Bacteria,2,43,872,516172,1666,32,102,20527
deep_MAG_0578,Bacteria,13,74,8757,1047912,2821,82,164,57764
deep_MAG_0572,Bacteria,27,122,14332,1050799,3395,101,215,57985
deep_MAG_0491,Bacteria,19,98,12203,757499,2279,77,154,47597
deep_MAG_0505,Bacteria,6,60,2960,952198,3574,23,196,7876
deep_MAG_0038,Bacteria,82,182,53793,1024524,2875,53,154,28327
deep_MAG_0606,Bacteria,33,129,25875,1170111,3479,85,181,53470
deep_MAG_0241,Archaea,0,21,0,312377,1222,3,42,2132
deep_MAG_0447,Bacteria,6,45,3976,549556,1755,54,132,32420
deep_MAG_0430,Bacteria,19,94,8722,1123517,3745,59,180,30985
deep_MAG_0077,Bacteria,27,94,13598,624445,1996,52,131,28336
deep_MAG_0194,Bacteria,2,35,1077,436712,1464,29,83,17578
deep_MAG_0093,Archaea,0,20,0,393756,1750,2,53,1938
deep_MAG_0309,Bacteria,0,60,0,975889,3503,15,152,7533
deep_MAG_0390,Bacteria,17,89,9605,733457,2451,75,156,39285
deep_MAG_0303,Bacteria,19,96,10704,1024181,3157,62,167,33564
EAC-710,Archaea,1,28,832,587425,1536,10,74,8390
EAC-37,Bacteria,39,132,22360,1118712,3352,97,205,59637
EAC-1768,Archaea,1,19,921,585201,1624,6,64,5432
EAC-85,Bacteria,94,190,58246,1097860,3377,45,140,22059
EAC-5,Bacteria,22,95,14081,994849,2871,108,206,68750
EAC-2021,Bacteria,1,33,824,629743,1993,9,103,4461
EAC-16,Bacteria,19,109,7425,935392,3054,26,151,9349
EAC-673,Bacteria,22,98,13168,965414,3112,103,218,60227
EAC-59,Bacteria,13,83,6479,672373,2173,53,117,29354
EAC-102,Bacteria,9,83,4693,963928,2924,39,159,16507
EAC-108,Bacteria,19,105,10573,832338,2523,71,148,46083
EAC-29,Bacteria,21,72,13189,1188998,3131,54,159,26955
EAC-631,Bacteria,24,116,11751,1027561,3310,94,219,51753
EAC-646,Bacteria,81,141,58674,1071415,2746,69,139,36182
EAC-54,Bacteria,16,91,8490,1056672,3386,40,176,22784
EAC-2,Bacteria,25,90,13877,848866,2769,82,184,50000
EAC-88,Bacteria,17,93,11111,880669,2744,86,179,45736
EAC-66,Bacteria,74,193,44619,1305013,3978,102,202,66966
EAC-11,Bacteria,7,57,4618,649405,1876,32,111,22279
EAC-674,Bacteria,43,104,25305,598948,1735,43,113,25226
EAC-30,Archaea,1,22,915,548568,1451,7,71,6851
EAC-47,Bacteria,17,102,9961,1152961,3373,129,223,74386
EAC-75,Bacteria,7,58,3727,662342,2154,29,113,12111
EAC-91,Bacteria,40,159,26218,1474065,4270,64,195,32296
EAC-683,Bacteria,23,170,10972,1660607,5317,51,244,28716
EAC-713,Bacteria,13,98,5046,925308,2846,33,139,14058
EAC-95,Bacteria,19,104,11519,907659,2750,94,189,60727
EAC-71,Bacteria,35,147,17700,1499831,5122,109,258,61271
EAC-1785,Bacteria,4,47,2336,413805,1327,12,73,5737
EAC-49,Bacteria,13,113,7267,1211251,3786,43,169,21187
EAC-34,Bacteria,0,27,0,456184,1531,4,61,1772
EAC-43,Bacteria,15,83,10227,2116550,7396,70,173,40810
EAC-670,Bacteria,13,104,6185,986741,3326,28,150,11816
EAC-6,Bacteria,10,97,5009,1007931,3216,104,226,59828
EAC-68,Bacteria,84,178,49201,1024378,3075,103,203,71181
EAC-86,Bacteria,18,69,12712,717854,2157,67,152,33854
EAC-50,Bacteria,20,133,10582,1230516,3704,42,175,19995
EAC-635,Bacteria,11,55,8623,734808,2208,83,160,43893
EAC-642,Bacteria,10,61,7330,505561,1505,42,114,25075
EAC-20,Bacteria,13,114,5805,999885,3180,34,127,14782
EAC-645,Bacteria,17,141,6969,1080844,3435,30,170,10568
EAC-632,Bacteria,26,110,14550,1085025,3433,100,228,55926
EAC-65,Bacteria,1,63,456,675933,2157,19,138,8535
EAC-1,Bacteria,17,91,8025,760741,2479,77,171,40607
EAC-81,Bacteria,5,70,2633,1046886,3270,58,236,34011
EAC-44,Bacteria,16,67,7030,667590,2092,27,94,11071
EAC-33,Bacteria,9,51,4758,571097,1626,44,102,28055
EAC-714,Bacteria,19,42,9422,380001,1201,30,79,17339
EAC-92,Bacteria,22,150,16983,1148460,3474,114,214,73067
EAC-76,Bacteria,20,111,9556,1297892,4185,41,204,15476
EAC-98,Bacteria,39,149,22181,1204155,3754,98,215,53984
EAC-654,Bacteria,4,66,2546,1105715,3138,31,139,20618
EAC-623,Bacteria,3,53,1701,791821,2484,42,181,23341
EAC-46,Bacteria,18,80,9861,791848,2549,82,171,47912
EAC-31,Bacteria,17,76,11016,697829,2275,63,140,38455
EAC-2006,Bacteria,19,79,10148,445622,1342,31,87,20338
EAC-682,Bacteria,8,48,5531,573347,1684,60,127,36807
EAC-74,Bacteria,29,125,19859,1378896,3877,105,204,69427
EAC-109,Bacteria,18,99,10665,935772,2931,92,173,62074
EAC-103,Bacteria,6,94,3910,928830,2965,17,147,7501
EAC-55,Bacteria,14,94,6323,900469,2793,76,177,45846
EAC-647,Bacteria,80,149,57939,988591,2606,50,133,29811
EAC-10,Bacteria,0,23,0,424562,1387,3,58,892
EAC-9,Bacteria,2,59,1061,857373,2717,14,147,6619
EAC-3,Bacteria,134,277,78159,1516029,4551,179,307,129013
EAC-691,Archaea,0,12,0,290263,1020,1,52,574
EAC-60,Bacteria,12,105,6541,1482192,5105,49,218,20887
EAC-17,Bacteria,95,246,58308,1579474,4732,136,274,78244
EAC-4,Bacteria,63,157,40051,1310009,4088,177,290,112183
EAC-52,Bacteria,63,138,41600,1190869,3451,114,221,70324
EAC-58,Bacteria,97,210,61956,1127795,3216,56,164,28611
EAC-97,Bacteria,14,71,6264,649900,2043,68,151,36993
EAC-73,Bacteria,21,156,9614,1389450,4228,48,188,19750
EAC-723,Bacteria,9,40,5208,488543,1433,31,96,21253
EAC-624,Bacteria,7,45,4278,489852,1488,46,98,26981
EAC-653,Bacteria,1,38,436,418709,1351,5,60,1990
EAC-36,Bacteria,8,75,10074,1142451,3644,35,187,15969
EAC-41,Bacteria,22,108,11723,1228500,3780,47,178,27158
EAC-117,Bacteria,9,44,5974,491069,1457,51,109,30872
EAC-32,Bacteria,13,54,9792,602007,1637,49,106,35525
EAC-45,Bacteria,124,247,73320,1332200,3845,142,260,95555
EAC-657,Bacteria,12,86,5528,659945,2441,29,113,11642
EAC-38,Bacteria,3,38,1761,426539,1206,32,84,21812
EAC-113,Bacteria,1,26,439,303314,1013,8,46,3675
EAC-77,Bacteria,14,118,7344,1020551,3276,38,191,16015
EAC-2037,Bacteria,13,58,8533,535557,1605,59,118,30812
EAC-93,Bacteria,9,78,5769,868453,2694,71,153,38519
EAC-21,Bacteria,8,91,3881,1306899,4133,36,195,15167
EAC-56,Bacteria,22,124,7686,1203577,4002,39,183,12947
EAC-64,Bacteria,4,56,2088,892199,2920,25,153,11059
EAC-13,Bacteria,1,30,317,461526,1471,7,43,2939
EAC-676,Bacteria,5,53,2951,549772,1591,32,100,22457
EAC-695,Bacteria,19,107,8169,935135,2975,37,164,14292
EAC-69,Bacteria,23,138,10153,1280197,3929,48,173,28064
EAC-87,Bacteria,11,119,5377,1682300,5245,52,261,28748
EAC-63,Bacteria,47,179,28113,1397656,4458,160,304,91285
EAC-107,Archaea,2,28,2350,615629,1603,8,78,6786
EAC-649,Bacteria,2,31,1115,439946,1258,26,87,22318
EAC-634,Bacteria,13,78,6633,967229,3183,102,212,56304
EAC-51,Bacteria,11,82,5793,716100,2297,60,120,37110
EAC-662,Bacteria,85,173,61096,1263722,3249,66,164,40564
EAC-94,Bacteria,14,116,7068,1174329,3396,85,198,52641
EAC-35,Bacteria,0,42,0,719883,2286,5,145,2691
EAC-650,Bacteria,9,53,5437,594186,1666,33,108,21586
EAC-627,Bacteria,3,49,1556,843383,2833,12,172,5766
EAC-48,Bacteria,11,86,4105,966743,3193,38,167,13006
IN-14,Bacteria,21,124,11659,1274305,4324,91,213,54672
IN-48,Bacteria,47,139,29322,910101,2607,35,116,18141
IN-1213,Bacteria,0,65,0,605561,1943,10,117,4034
IN-42,Bacteria,81,157,52299,815230,2241,32,98,14961
IN-35,Archaea,2,46,1640,631888,1710,10,84,7989
IN-918,Archaea,0,16,0,435019,1232,4,60,3999
IN-912,Bacteria,17,94,6741,1045280,3484,38,170,19661
IN-32,Bacteria,39,158,20946,1159754,3485,99,213,64374
IN-13,Bacteria,79,238,44467,1463190,4390,167,286,103149
IN-19,Bacteria,17,149,7866,1342605,4249,43,196,20175
IN-21,Bacteria,11,120,5655,1089719,3437,27,176,12304
IN-25,Bacteria,20,122,10848,907055,2880,15,135,7983
IN-17,Bacteria,38,153,24449,1008209,3028,84,177,57429
IN-3,Bacteria,17,137,8578,1126540,3617,41,180,19123
IN-929,Bacteria,11,85,7057,696712,2180,60,154,33113
IN-9,Bacteria,16,94,6404,986071,3157,44,170,19593
IN-924,Bacteria,1,54,446,623148,1973,11,106,5481
IN-961,Archaea,0,27,0,481013,1289,6,71,6284
IN-10,Bacteria,74,182,40179,1203360,3422,138,240,89261
IN-28,Bacteria,23,137,11902,1180755,3869,113,239,61748
IN-22,Bacteria,24,117,11920,831755,2745,75,169,39421
IN-18,Bacteria,19,136,8711,1350662,4286,39,202,16870
IN-12,Bacteria,15,120,6526,931747,2997,30,123,11764
IN-20,Bacteria,47,133,23603,981527,3175,93,210,54922
IN-6,Bacteria,21,178,8677,1592440,5151,37,189,16096
IN-43,Bacteria,11,73,5204,606453,1982,16,88,6298
IN-919,Bacteria,5,59,2314,655799,2134,4,137,1495
IN-1,Bacteria,30,155,13803,1143086,3836,53,178,21309
IN-921,Bacteria,30,103,18949,754104,2154,23,95,11336
IN-27,Bacteria,12,76,5578,683536,2355,77,177,41908
IN-15,Bacteria,17,106,7703,839477,2759,33,127,13977
IN-11,Bacteria,42,170,21861,1809878,6402,113,266,64668
IN-23,Bacteria,26,128,16675,1098688,3919,88,188,52622
IN-29,Bacteria,26,121,15205,1024237,3182,76,176,46014
IN-5,Bacteria,19,127,9389,958787,3025,41,139,17200
IN-1311,Bacteria,6,84,2882,781407,2479,16,137,7633
IN-47,Bacteria,8,78,3570,688237,2264,17,124,7869
IN-40,Bacteria,17,83,8596,640304,2147,61,137,35135
IN-37,Archaea,2,34,2766,551780,1500,5,76,3042
IN-928,Bacteria,21,106,12082,923047,2893,39,146,19281
IN-8,Bacteria,18,133,8793,1252260,4003,99,236,53457
IN-922,Bacteria,27,139,14013,1003761,3432,42,159,17427
IN-2,Bacteria,33,176,16006,1200837,4011,48,174,20592
IN-16,Bacteria,34,125,17187,863560,2977,81,175,43749
MED-1008,Bacteria,3,50,1845,569387,1795,15,89,6863
MED-719,Bacteria,103,185,76060,1230617,3302,60,152,43217
MED-584,Bacteria,26,74,16914,545028,1639,37,104,22302
MED-721,Bacteria,1,24,449,542044,1622,21,75,9816
MED-756,Bacteria,5,59,3155,911447,2718,25,128,11838
MED-626,Bacteria,1,39,453,383171,1289,11,63,4944
MED-878,Bacteria,2,33,1139,461553,1491,9,76,3759
MED-670,Bacteria,34,86,20901,409349,1199,10,40,4142
MED-694,Bacteria,1,35,447,486061,1668,23,69,9475
MED-1116,Bacteria,2,31,1079,280219,969,6,40,2781
MED-853,Archaea,1,31,903,750294,2062,11,82,7683
MED-635,Bacteria,91,143,60908,856773,2268,48,110,28845
MED-1153,Bacteria,1,38,335,330580,1113,6,41,2224
MED-648,Bacteria,15,68,8999,703256,2081,47,138,32130
MED-732,Bacteria,14,56,8269,494404,1391,38,99,23151
MED-745,Bacteria,2,57,811,913434,3063,20,120,9712
MED-1227,Bacteria,4,62,2300,640783,2060,15,105,6168
MED-829,Bacteria,7,49,4374,507772,1400,20,88,14541
MED-707,Archaea,0,19,0,537618,1435,6,76,3649
MED-621,Bacteria,19,82,12496,711909,2057,54,135,34852
MED-589,Bacteria,12,74,7617,914272,2642,44,136,33396
MED-830,Bacteria,14,75,6867,584288,1825,40,116,23168
MED-613,Bacteria,2,43,985,513046,1652,25,93,13218
MED-769,Bacteria,2,37,1112,406025,1370,7,47,2854
MED-587,Bacteria,7,90,3987,1097003,3451,32,157,14711
MED-834,Bacteria,4,53,2847,706850,2179,20,102,7879
MED-1001,Bacteria,8,48,4024,489644,1445,39,98,22119
MED-660,Bacteria,7,86,4795,1365524,3905,48,233,24940
MED-617,Bacteria,3,34,1397,445544,1545,8,69,3126
MED-806,Bacteria,15,75,12897,841495,2253,52,151,43069
MED-728,Bacteria,23,132,11814,1517350,4981,63,219,26736
MED-652,Bacteria,5,34,2397,539518,1819,10,75,5375
MED-850,Bacteria,7,77,2804,590592,2135,17,94,6277
MED-827,Bacteria,2,31,1082,276019,965,6,44,2436
MED-1261,Bacteria,2,43,1222,417053,1338,24,77,10741
MED-697,Bacteria,121,270,88596,2259689,6179,93,249,52345
MED-703,Bacteria,4,39,2531,605872,1771,28,99,16320
MED-604,Bacteria,35,95,21710,774175,2293,91,175,49904
MED-815,Bacteria,13,88,8000,1005897,3210,39,219,23264
MED-965,Bacteria,2,44,1029,596222,1989,18,114,7921
MED-746,Bacteria,7,43,5710,540420,1562,28,112,19586
MED-636,Bacteria,43,105,28802,896835,2524,98,193,61262
MED-641,Bacteria,1,30,439,450682,1428,40,102,23560
MED-818,Bacteria,10,44,5985,439990,1316,33,85,18742
MED-704,Bacteria,11,42,6241,440131,1353,34,93,19771
MED-690,Bacteria,16,83,9532,737562,2309,36,137,18363
MED-779,Bacteria,14,59,8283,499423,1526,37,97,20019
MED-797,Bacteria,5,78,2363,790400,2441,13,111,5980
MED-603,Bacteria,31,91,19013,660367,1985,79,155,41803
MED-674,Bacteria,6,83,5042,1060835,3480,17,159,7342
MED-599,Bacteria,21,100,14617,1384697,4162,49,188,35226
MED-725,Bacteria,4,50,1993,424071,1336,19,77,9385
MED-752,Bacteria,6,55,3250,785421,2525,36,121,14250
MED-801,Bacteria,1,37,375,368208,1187,25,77,16680
MED-995,Bacteria,11,48,8710,388899,1165,27,69,19787
MED-610,Bacteria,40,144,24190,1170724,3530,111,228,61261
MED-667,Bacteria,6,56,3563,537703,1700,30,108,14167
MED-689,Bacteria,3,31,1387,434249,1502,9,69,3331
MED-717,Bacteria,3,47,1612,507759,1617,6,72,2730
MED-580,Bacteria,7,87,4739,1376899,3980,39,224,19790
MED-809,Bacteria,40,106,23734,518581,1519,20,62,8344
MED-803,Bacteria,0,47,0,662522,1998,18,109,9024
MED-657,Bacteria,4,38,1778,646744,2392,10,85,4242
MED-620,Bacteria,8,72,4222,912166,2901,23,170,9928
MED-846,Archaea,0,17,0,422050,1192,6,73,3671
MED-1190,Bacteria,8,64,3883,583535,1846,16,112,8687
MED-665,Bacteria,12,92,5977,1430667,5050,34,248,13126
MED-768,Bacteria,6,43,2607,517507,1739,13,91,5304
MED-715,Bacteria,1,28,440,420414,1460,8,64,3282
MED-867,Bacteria,0,31,0,559167,1839,8,97,3713
MED-810,Bacteria,11,79,6399,893584,2788,54,184,29549
MED-743,Archaea,2,37,1272,619805,1770,6,79,4230
MED-633,Bacteria,22,122,8102,1061333,3438,45,183,15232
MED-855,Bacteria,8,52,4962,663208,2082,69,143,38055
MED-828,Bacteria,12,64,8970,657718,1993,52,117,23851
MED-692,Bacteria,25,68,17116,761200,2028,72,132,46363
MED-698,Bacteria,11,72,6103,955744,2957,53,209,28096
MED-606,Bacteria,1,27,444,276667,982,5,53,2227
MED-792,Bacteria,4,53,2216,673539,2220,15,110,6051
MED-928,Bacteria,21,99,12565,1137548,3900,46,247,24662
MED-825,Bacteria,15,88,10000,800854,2407,81,168,45336
MED-955,Bacteria,1,30,441,474120,1532,30,99,20616
MED-649,Bacteria,12,54,7158,434774,1293,34,85,24832
MED-739,Bacteria,6,52,3525,412868,1240,8,55,3838
MED-615,Bacteria,9,56,6632,518837,1608,45,111,25631
MED-668,Bacteria,49,165,31106,1277124,3898,104,224,63524
MED-585,Bacteria,5,38,2634,646815,2167,15,106,6721
MED-841,Bacteria,6,40,4273,422813,1258,13,53,6443
MED-650,Bacteria,7,85,3424,560611,2079,15,94,5144
MED-757,Bacteria,4,51,2228,628570,1909,24,108,17130
MED-879,Bacteria,3,36,4368,498024,1591,18,89,9922
MED-753,Bacteria,1,28,591,366293,1201,8,41,3368
MED-759,Bacteria,6,60,3163,562995,1842,14,82,5920
MED-899,Archaea,0,22,0,614240,1703,9,74,7824
MED-1094,Bacteria,9,55,5495,529298,1449,31,102,18805
MED-716,Bacteria,5,90,2697,869189,2824,20,144,8431
MED-682,Bacteria,11,67,7958,807083,2695,23,119,11986
MED-611,Bacteria,9,64,5807,638626,2011,61,135,35974
MED-581,Bacteria,8,63,4745,701605,2201,70,145,35535
MED-630,Bacteria,2,52,611,387544,1470,7,71,3168
MED-740,Archaea,0,12,0,291299,1241,1,42,676
MED-819,Bacteria,18,59,11883,455778,1308,41,94,27264
MED-880,Bacteria,2,41,1019,530837,1704,10,72,3745
MED-778,Bacteria,13,69,10233,442845,1357,26,80,12426
MED-796,Bacteria,42,94,26505,669699,1976,35,114,22771
MED-602,Bacteria,3,43,1528,602218,2193,9,58,3906
MED-705,Archaea,0,18,0,570670,1541,7,67,6405
MED-608,Bacteria,20,70,14216,890222,2447,54,128,32950
MED-592,Bacteria,34,132,19318,1141414,3595,107,220,65036
MED-921,Archaea,0,21,0,655976,1691,5,82,3247
MED-595,Bacteria,3,44,1761,657812,2141,10,108,5054
MED-605,Bacteria,7,52,3081,515569,1787,8,62,3602
MED-672,Bacteria,8,74,5950,1222136,3568,43,215,20509
MED-708,Bacteria,41,103,28159,1048556,2914,58,147,34964
MED-775,Bacteria,1,27,617,585284,1827,11,85,6436
MED-702,Bacteria,22,112,12061,969494,3102,101,212,59035
MED-814,Bacteria,1,55,442,617409,2056,13,94,6133
MED-104,Bacteria,2,25,1059,280601,994,6,46,3226
MED-730,Bacteria,3,51,1789,463040,1493,15,83,7293
MED-835,Bacteria,6,53,3571,557346,1623,17,90,8167
MED-586,Bacteria,9,46,4937,501820,1400,31,92,21120
MED-1093,Archaea,0,23,0,674014,1729,5,81,4753
MED-766,Bacteria,3,35,1807,509796,1695,10,74,4239
MED-616,Bacteria,3,52,1674,668731,2147,16,111,6503
MED-661,Bacteria,140,264,101759,2037910,5399,113,251,62167
MED-870,Archaea,0,17,0,514984,1435,11,76,7931
MED-754,Bacteria,20,70,12861,560734,1842,33,102,18897
MED-653,Bacteria,13,91,6950,1063333,3370,103,213,59809
MED-624,Bacteria,14,87,7421,1130763,3631,128,244,70313
NAT-138,Bacteria,17,93,7476,739581,2207,29,129,12702
NAT-145,Bacteria,35,108,20997,569196,1652,14,60,6310
NAT-132,Bacteria,117,191,81378,984688,2488,63,121,30175
NAT-40,Bacteria,5,91,1994,665027,2473,22,111,8447
NAT-575,Bacteria,1,40,420,611023,2086,11,138,5149
NAT-231,Bacteria,36,94,22038,470531,1353,39,90,24433
NAT-72,Bacteria,4,44,1998,671375,2196,12,111,5574
NAT-100,Bacteria,5,56,1809,663753,2093,5,122,2849
NAT-203,Bacteria,15,98,9044,639477,1805,45,125,31038
NAT-290,Bacteria,50,409,24058,2069937,6090,62,251,32893
NAT-209,Bacteria,26,104,13919,747896,2342,70,154,38010
NAT-121,Bacteria,44,202,25676,1574329,4638,99,243,58027
NAT-53,Bacteria,1,26,437,333840,1084,7,48,3458
NAT-24,Bacteria,13,91,6820,817183,2627,36,119,15246
NAT-222,Bacteria,1,31,438,374297,1205,3,60,1398
NAT-255,Bacteria,8,58,5256,624773,1983,9,105,5253
NAT-16,Bacteria,25,133,12626,1072355,3452,122,249,66730
NAT-61,Bacteria,209,343,157033,2316151,5989,113,257,67543
NAT-113,Bacteria,21,120,11121,911888,2962,89,193,49280
NAT-453,Bacteria,0,34,0,453089,1463,6,78,2674
NAT-119,Bacteria,2,43,1253,563838,1916,5,76,2290
NAT-210,Bacteria,185,323,111016,1330002,3707,153,250,104024
NAT-284,Bacteria,3,67,1641,782895,2447,4,153,1947
NAT-217,Bacteria,9,58,4846,524524,1511,36,95,30803
NAT-88,Bacteria,5,37,3034,498557,1341,47,95,35581
NAT-66,Bacteria,4,67,2716,877884,2771,17,145,6837
NAT-11,Archaea,1,45,829,614036,1629,8,80,4760
NAT-163,Bacteria,33,113,17559,548351,1636,22,79,14156
NAT-82,Bacteria,20,167,8141,1239847,3933,32,167,13470
NAT-187,Bacteria,40,146,22834,777269,2193,54,144,35783
NAT-169,Bacteria,53,227,27422,1625342,4954,44,239,17150
NAT-258,Bacteria,38,162,25369,1097502,3421,60,144,38961
NAT-7,Bacteria,21,157,10911,1600229,5122,38,221,13771
NAT-686,Bacteria,10,62,6256,867160,2783,26,155,16203
NAT-252,Bacteria,22,68,11512,457970,1377,40,99,23705
NAT-225,Bacteria,30,118,18159,990219,2968,113,208,54812
NAT-23,Bacteria,194,373,129195,2167853,5937,137,296,78268
NAT-54,Archaea,0,11,0,380911,1059,5,63,3784
NAT-91,Bacteria,13,89,6245,892371,2856,93,198,50478
NAT-430,Bacteria,1,27,437,303138,993,9,41,4296
NAT-75,Bacteria,17,109,10372,1043434,3229,44,163,21402
NAT-170,Bacteria,19,156,8745,1158813,3688,44,220,20059
NAT-241,Bacteria,13,104,5537,610304,2025,19,88,7755
NAT-142,Bacteria,116,176,74353,846993,2235,59,117,31812
NAT-30,Bacteria,21,143,10267,1442909,4225,45,199,18951
NAT-238,Archaea,3,34,3226,601595,1598,9,69,9653
NAT-245,Bacteria,4,60,1797,385776,1328,11,55,4781
NAT-232,Bacteria,5,56,2315,396338,1252,19,73,9614
NAT-501,Bacteria,4,30,2483,382097,1119,42,86,26962
NAT-43,Bacteria,4,59,2457,626426,1931,27,106,14477
NAT-131,Bacteria,60,228,35634,2695088,7096,137,327,71523
NAT-146,Bacteria,5,57,3853,461142,1492,10,77,5228
NAT-200,Bacteria,11,53,6956,360902,1113,38,81,20798
NAT-71,Bacteria,1,50,464,826452,2602,7,167,4302
NAT-190,Bacteria,1,36,370,405176,1301,5,106,3188
NAT-221,Bacteria,7,82,3070,538178,1758,17,74,8103
NAT-9,Bacteria,22,107,10438,999840,3095,25,137,9857
NAT-3,Bacteria,23,155,13890,1714419,5485,62,269,27949
NAT-155,Bacteria,335,504,229943,2122077,5334,116,274,62880
NAT-280,Bacteria,19,74,11918,587212,1728,83,156,45302
NAT-68,Archaea,1,29,910,668524,1780,9,76,7693
NAT-167,Bacteria,27,203,11202,1727101,5632,51,250,20257
NAT-62,Bacteria,1,34,929,468101,1335,26,85,19014
NAT-15,Bacteria,157,316,92492,1432259,4210,175,294,129133
NAT-81,Bacteria,11,85,7731,1233288,3580,40,171,32104
NAT-18,Bacteria,9,82,5014,625140,1747,22,90,10663
NAT-117,Bacteria,57,350,41285,1989978,5881,77,279,43977
NAT-12,Bacteria,15,66,9342,426409,1230,34,97,21130
NAT-269,Bacteria,23,99,13806,464586,1362,29,78,17570
NAT-158,Bacteria,11,89,4776,719784,2256,18,116,8406
NAT-20,Bacteria,26,167,14581,1473803,4678,58,231,22932
NAT-125,Bacteria,20,114,9111,856827,2826,29,114,11303
NAT-4,Bacteria,23,145,12509,1483341,4303,49,201,23384
NAT-173,Bacteria,32,193,15321,1618643,5145,62,243,26001
NAT-179,Bacteria,13,76,7136,543104,1525,35,93,25597
NAT-197,Bacteria,21,94,13115,614753,1776,34,90,21845
NAT-92,Bacteria,60,174,36015,1172935,3568,82,168,52714
NAT-33,Bacteria,9,94,6156,1483369,4388,35,239,15979
NAT-141,Bacteria,15,76,6613,590719,1926,21,90,10901
NAT-39,Bacteria,3,63,1653,839530,2695,12,139,4873
NAT-248,Bacteria,38,107,21981,557752,1649,40,105,26888
NAT-242,Bacteria,111,201,68142,869745,2327,46,111,24879
NAT-278,Bacteria,9,88,4963,542803,1780,21,71,9757
NAT-272,Bacteria,10,53,6227,379719,1116,41,88,25145
NAT-205,Bacteria,15,76,9078,559364,1590,27,94,19118
NAT-74,Bacteria,1,32,608,493018,1431,28,90,22774
NAT-171,Bacteria,3,45,1751,476305,1494,5,71,2180
NAT-90,Bacteria,20,60,12864,483993,1377,52,108,31724
NAT-237,Bacteria,51,126,28613,592014,1796,12,60,4771
NAT-143,Bacteria,6,54,2219,657366,2044,6,102,2385
NAT-134,Bacteria,53,196,31743,1303672,3738,120,224,76294
NAT-149,Bacteria,42,127,25329,990268,2673,58,141,39756
NAT-422,Bacteria,13,55,8798,584742,1640,42,113,26929
NAT-89,Bacteria,19,82,10322,1066070,3408,113,225,62243
NAT-10,Bacteria,27,204,13138,1588104,4942,59,221,32636
NAT-67,Bacteria,17,117,8820,1109788,3417,54,151,28742
NAT-224,Bacteria,13,70,6176,529569,1531,31,100,22052
NAT-253,Bacteria,35,156,17146,1320420,4137,50,213,29246
NAT-6,Bacteria,54,137,34911,1507723,4312,141,250,82623
NAT-259,Bacteria,18,82,11203,545059,1648,41,113,24346
NAT-28,Bacteria,15,134,7570,1210566,3727,29,150,13067
NAT-127,Bacteria,14,124,6932,1074862,3408,45,162,23980
NAT-55,Bacteria,7,42,3917,637487,2005,24,89,14343
NAT-22,Bacteria,181,460,132098,1902067,5140,48,151,32906
NAT-417,Bacteria,1,31,440,428370,1311,5,64,2057
NAT-157,Bacteria,16,131,7264,774775,2448,30,114,14002
NAT-52,Bacteria,13,48,7749,620310,1757,36,106,27989
NAT-510,Bacteria,1,26,439,323739,1051,11,48,5751
NAT-1,Bacteria,48,286,30588,1696773,5988,39,187,20175
NAT-84,Bacteria,17,79,10989,1180739,3675,95,285,52693
NAT-118,Bacteria,0,43,0,438681,1425,2,60,546
NAT-181,Bacteria,116,192,72260,934986,2452,66,130,39875
NAT-60,Bacteria,17,79,8903,785117,2548,73,178,39089
NAT-17,Bacteria,26,142,9635,1086039,3537,39,169,15075
NAT-165,Bacteria,27,111,16194,790987,2165,57,122,38144
NAT-288,Archaea,2,41,1504,535043,1395,9,73,7460
NAT-282,Bacteria,81,188,42750,925379,2764,100,181,68915
NAT-133,Bacteria,75,214,52928,1406592,3551,139,244,104769
NAT-41,Bacteria,24,89,13936,744268,2151,60,145,35792
NAT-509,Bacteria,1,26,438,339902,1108,7,47,3638
NAT-198,Bacteria,11,79,7003,538723,1507,32,98,25914
NAT-101,Bacteria,22,83,13585,684646,2076,77,155,37823
NAT-441,Bacteria,0,20,0,448123,1482,5,65,2319
NAT-79,Bacteria,15,87,12682,1231721,3479,42,164,22595
NAT-291,Bacteria,23,121,11397,1307608,4147,65,223,29306
NAT-178,Bacteria,18,93,9201,866253,2769,49,115,21348
NAT-535,Bacteria,1,32,454,489472,1447,14,69,6582
NAT-172,Bacteria,3,44,1477,390546,1239,11,58,6488
NAT-271,Bacteria,4,37,1808,354550,1231,17,60,6853
NAT-45,Bacteria,2,48,991,531935,1530,34,95,21626
NAT-137,Bacteria,2,57,934,596310,1947,6,89,3045
NAT-249,Bacteria,4,74,1665,481720,1688,15,76,5356
NAT-161,Bacteria,48,111,23980,597290,1738,55,122,36090
NAT-116,Bacteria,12,117,6305,848290,2669,17,119,6779
NAT-64,Bacteria,19,111,10143,1280015,4013,57,191,26188
NAT-13,Bacteria,3,65,2069,501402,1597,4,79,1345
NAT-185,Bacteria,5,67,2265,684819,2213,9,98,3638
NAT-19,Bacteria,61,155,47054,1217418,3225,89,182,54786
NAT-21,Bacteria,25,145,13520,1355584,4341,139,287,75909
NAT-124,Bacteria,24,259,14967,1769980,5145,63,287,34196
NAT-2,Bacteria,24,71,23412,1135350,2896,70,149,51231
NAT-8,Bacteria,34,125,21504,2527933,6978,123,326,65462
NAT-220,Bacteria,9,70,4912,537341,1575,28,116,18545
NAT-26,Bacteria,15,94,6595,951998,2981,42,148,22113
NAT-154,Archaea,1,38,843,629047,1799,8,83,6615
NAT-123,Bacteria,54,379,34709,2422833,6932,96,362,63000
NAT-218,Bacteria,2,67,946,709743,2452,10,163,4945
NAT-212,Bacteria,82,193,47372,1063066,3455,78,166,45603
NAT-111,Bacteria,77,199,47807,1360422,4072,162,260,109118
NAT-166,Bacteria,13,92,7375,726978,2102,35,113,22763
NAT-188,Bacteria,3,60,1587,800350,2508,4,167,1488
NAT-14,Bacteria,151,280,103925,1679106,4482,78,188,44296
NAT-182,Bacteria,3,65,1187,431534,1454,4,53,1872
NAT-69,Bacteria,128,205,100101,1497520,3761,82,183,46750
NAT-239,Bacteria,19,163,11516,1328007,4232,43,228,20081
NAT-130,Bacteria,218,417,140342,2105540,5858,83,203,48196
NAT-276,Bacteria,20,130,9933,1058919,3324,42,168,18049
NAT-108,Bacteria,11,72,4789,767564,2486,11,127,5182
NAT-94,Bacteria,21,139,10366,1886441,5389,81,257,39121
NAT-102,Bacteria,7,70,3649,652466,2094,12,97,5221
NAT-175,Bacteria,32,96,18234,582242,1759,39,101,23251
NAT-70,Bacteria,6,114,2770,862259,3062,21,136,8549
NP-955,Bacteria,6,105,3288,1172774,3661,19,146,9356
NP-90,Bacteria,27,119,15304,1065835,3278,53,166,27416
NP-142,Archaea,1,18,51,344144,1452,1,49,664
NP-135,Bacteria,5,84,2050,827117,2861,10,138,4477
NP-107,Bacteria,28,91,17300,681925,1804,52,106,32566
NP-151,Bacteria,16,85,7602,750211,2352,42,131,20481
NP-89,Bacteria,14,122,8149,971783,2689,77,156,56597
NP-10,Bacteria,34,152,14293,1251087,4120,36,180,13352
NP-946,Bacteria,25,96,12210,510242,1576,35,93,19473
NP-931,Bacteria,5,64,2525,567363,1829,36,98,19297
NP-28,Bacteria,22,138,10115,1050137,3426,38,146,16252
NP-6,Bacteria,50,277,23478,1998061,6645,71,267,29309
NP-55,Bacteria,19,80,9960,577789,1682,77,165,43058
NP-22,Bacteria,20,63,10213,352833,1091,35,83,20837
NP-113,Bacteria,16,127,7501,1365959,4547,26,263,10731
NP-58,Bacteria,140,224,97526,1136032,2966,82,163,40956
NP-997,Bacteria,26,105,17031,776580,2150,45,129,25081
NP-1051,Bacteria,5,52,2423,348003,1150,11,65,4888
NP-119,Bacteria,43,192,27261,3187969,7843,154,359,105276
NP-52,Bacteria,9,80,4382,613735,2013,17,92,7967
NP-1,Bacteria,13,82,4599,689730,2255,28,111,10842
NP-156,Bacteria,14,91,8034,843525,2648,35,128,17082
NP-60,Bacteria,65,280,33736,1678436,4913,54,194,44507
NP-17,Bacteria,9,103,3746,654776,2392,23,103,8691
NP-936,Bacteria,68,189,42230,1388890,4229,145,262,70690
NP-36,Bacteria,29,186,14274,1351135,4140,53,207,25052
NP-41,Bacteria,44,248,24696,1568146,4588,52,199,37924
NP-960,Bacteria,199,291,149104,1264639,3023,84,159,46141
NP-1472,Bacteria,8,66,3069,473053,1606,14,66,7073
NP-100,Bacteria,34,123,21015,1113833,3299,87,206,54471
NP-952,Bacteria,20,213,10842,1122618,3369,26,161,16001
NP-73,Archaea,1,39,961,576292,1565,6,79,4027
NP-138,Bacteria,6,111,3457,651089,2089,8,80,4078
NP-1070,Bacteria,1,53,433,435858,1393,27,79,17344
NP-97,Bacteria,16,102,8944,1063789,3250,21,204,10896
NP-79,Bacteria,5,69,2498,614054,1924,16,103,7811
NP-132,Bacteria,9,78,6418,734303,2374,8,126,3133
NP-77,Archaea,0,49,0,564989,2002,4,135,2118
NP-99,Bacteria,240,453,154843,2444532,6589,107,276,59530
NP-1444,Bacteria,21,94,9537,639736,2121,23,84,13345
NP-956,Bacteria,18,98,9871,910011,2755,81,172,45206
NP-38,Bacteria,113,203,70825,1173574,3115,61,151,35176
NP-104,Bacteria,8,59,4684,500394,1482,29,95,19999
NP-980,Bacteria,14,71,5751,598684,1923,32,121,14625
NP-964,Bacteria,18,120,6995,1131070,3565,79,246,47665
NP-32,Bacteria,19,132,9896,1277218,3936,30,172,12682
NP-45,Bacteria,16,110,7355,891935,2722,24,117,11081
NP-1046,Bacteria,9,71,3282,573367,1812,21,78,8637
NP-932,Bacteria,9,62,5913,543654,1569,44,109,29238
NP-945,Bacteria,71,156,44638,942532,2593,38,115,19081
NP-64,Bacteria,19,95,15901,607789,1901,40,114,26020
NP-13,Bacteria,24,118,14058,1072538,3371,49,165,24127
NP-1160,Bacteria,15,64,8528,441079,1314,19,74,13822
NP-125,Bacteria,24,140,11728,1185819,3695,60,173,33163
NP-80,Bacteria,3,42,1514,452360,1449,5,75,2385
NP-5,Bacteria,174,315,106648,2024257,5639,196,332,157928
NP-21,Bacteria,37,132,19182,1172984,3787,142,255,73761
NP-56,Bacteria,7,118,2813,832400,2664,17,111,6878
NP-993,Bacteria,38,118,22585,914917,2596,148,245,85343
NP-117,Bacteria,114,218,78307,1201033,3074,48,139,45517
NP-51,Bacteria,16,84,9281,788519,2508,96,174,51934
NP-26,Bacteria,43,127,22157,920616,2936,89,196,52967
NP-2,Bacteria,101,257,63538,1470099,4176,135,258,81069
NP-1052,Bacteria,42,129,26478,702713,2128,40,122,25372
NP-970,Bacteria,2,64,595,795678,2427,9,111,3628
NP-8,Bacteria,19,102,8668,813379,2571,73,167,42004
NP-110,Archaea,2,21,1137,393070,1097,3,60,1976
NP-942,Bacteria,9,85,3700,785206,2546,17,138,9006
NP-63,Bacteria,9,66,4277,605208,1932,25,143,13185
NP-122,Bacteria,6,70,2573,768896,2417,11,146,5486
NP-69,Bacteria,127,312,82090,1503756,4321,30,161,16921
NP-87,Bacteria,173,279,118322,1517465,3679,87,219,52288
NP-948,Bacteria,15,108,7535,975252,3076,48,172,24297
NP-969,Bacteria,9,84,3890,795550,2617,17,131,6945
NP-987,Bacteria,30,103,15690,450889,1369,32,85,18628
NP-109,Bacteria,136,286,91969,1762788,4983,62,182,37062
NP-94,Bacteria,27,127,14715,958360,3030,49,161,26083
NP-951,Bacteria,40,137,22423,1520278,4444,81,215,40687
NP-1277,Bacteria,1,55,555,462084,1463,11,87,8007
NP-101,Bacteria,6,66,2732,464619,1570,7,73,2293
NP-40,Bacteria,30,156,14427,1130525,3437,40,173,18888
NP-37,Bacteria,20,120,10496,929003,2812,50,126,27421
NP-96,Bacteria,19,123,9953,1030625,3285,28,132,11548
NP-133,Bacteria,51,171,29360,1023142,3045,145,247,79197
NP-72,Bacteria,6,72,3833,774589,2422,23,95,12495
NP-53,Bacteria,103,188,70211,908226,2625,49,118,21254
NP-24,Bacteria,16,99,7085,667297,2083,20,106,14363
NP-996,Bacteria,2,61,623,374572,1299,7,41,3139
NP-112,Archaea,0,15,0,309440,945,4,53,3533
NP-59,Bacteria,17,103,8699,887160,2807,112,190,55032
NP-937,Bacteria,1,38,388,486648,1571,4,88,1350
NP-16,Bacteria,18,110,8814,1001750,3117,37,147,16543
NP-85,Bacteria,5,81,2945,561213,1748,23,82,10722
NP-120,Bacteria,20,137,8006,1442862,4240,54,200,24424
NP-11,Bacteria,34,140,21259,1107268,3381,81,202,48794
NP-150,Bacteria,34,88,20424,718244,2096,127,212,71868
NP-7,Bacteria,20,131,8642,1029920,3336,36,167,13142
NP-23,Bacteria,53,257,36417,1429396,4165,40,141,27515
NP-54,Bacteria,26,92,18874,729938,2239,17,101,7934
NP-29,Bacteria,36,218,14630,1648849,5331,57,234,24175
NP-91,Bacteria,27,132,17727,878603,2700,71,146,46801
NP-75,Bacteria,117,212,71574,1074082,2982,61,152,29739
NP-954,Bacteria,7,50,2687,486489,1516,19,99,10039
NP-1391,Bacteria,28,115,18062,846629,2761,109,196,57692
NP-106,Archaea,1,24,1053,318117,989,5,51,4564
NP-982,Bacteria,10,65,5246,589728,1863,20,119,10694
NP-966,Bacteria,4,43,2406,564168,1789,14,102,7520
NP-1044,Bacteria,29,108,15171,1027827,3182,100,206,52140
NP-30,Bacteria,245,428,149875,2377578,6818,277,457,191490
NP-47,Bacteria,14,135,5789,1438474,4228,60,206,27258
NP-34,Bacteria,72,229,38269,1657864,5403,123,275,71602
NP-43,Bacteria,60,230,32330,1670620,5394,120,266,69647
NP-986,Bacteria,39,110,25491,791439,2253,56,118,34036
NP-49,Bacteria,22,145,13598,1468756,4501,36,237,14540
NP-95,Bacteria,27,144,12813,1334614,4199,54,208,23044
NP-1395,Bacteria,5,63,3033,684474,2159,16,123,7697
NP-9,Bacteria,26,157,10605,1253615,3745,82,198,47960
NP-1463,Bacteria,41,289,20215,1623839,4979,43,239,31130
NP-27,Bacteria,21,104,10994,958874,3048,82,173,48623
NP-949,Bacteria,19,105,9358,1184748,3685,58,210,29792
NP-1521,Archaea,1,19,1028,408905,1164,5,61,4234
NP-68,Bacteria,6,68,3935,877463,2862,5,175,1872
NP-86,Bacteria,291,443,200701,2244961,6435,109,287,65997
NP-15,Bacteria,40,137,24434,1146054,3433,107,213,65876
NP-939,Bacteria,14,98,6123,940635,2969,37,140,15918
NP-153,Bacteria,14,78,6916,742236,2309,51,133,30767
NP-124,Bacteria,49,281,24153,2175430,6902,70,287,37510
NP-81,Bacteria,53,323,30837,1883132,5319,46,212,29824
NP-18,Archaea,0,29,0,630959,1726,6,72,3938
NP-12,Bacteria,24,120,12431,1188786,3668,50,184,29274
NP-65,Archaea,1,27,35,549920,1438,7,70,6983
NP-944,Bacteria,1,47,432,399872,1289,28,84,18046
NP-992,Bacteria,8,127,3211,992657,3367,18,130,7513
NP-4,Bacteria,48,251,26786,2827339,8602,122,432,66854
NP-57,Bacteria,12,76,6566,810933,2667,19,148,9947
NP-20,Bacteria,5,58,2338,601860,1929,7,93,3921
NP-140,Bacteria,15,131,8092,971874,3087,20,140,8151
NP-92,Bacteria,15,118,6526,929977,2998,29,116,11977
NP-44,Bacteria,24,82,11226,626861,1918,59,130,34783
NP-33,Bacteria,32,169,18616,1504178,4707,62,224,40034
NP-965,Archaea,1,17,1021,449490,1313,3,60,2039
NP-39,Bacteria,19,146,8413,1361655,4153,49,193,26147
NP-105,Bacteria,25,78,15376,664935,2031,76,150,37322
RS-447,Bacteria,8,57,5100,602360,1955,14,116,6701
RS-817,Bacteria,5,66,3076,624881,2019,12,129,5313
RS-402,Bacteria,13,64,7387,536455,1520,44,96,31509
RS-408,Bacteria,31,92,17357,514153,1500,49,114,32040
RS-389,Bacteria,16,72,10021,497467,1494,44,98,25765
RS-367,Bacteria,23,113,11134,953793,3000,108,212,68324
RS-383,Bacteria,219,354,150336,1947396,4839,103,269,56202
RS-423,Bacteria,61,269,35884,1541234,4453,61,211,43454
RS-454,Bacteria,6,53,3881,587216,1905,5,113,3648
RS-355,Bacteria,25,195,12675,1667084,5163,65,221,29316
RS-668,Bacteria,3,48,1654,446935,1480,9,72,3576
RS-615,Bacteria,14,159,6315,1543322,4944,24,305,10866
RS-352,Archaea,0,33,0,401221,1207,7,69,5518
RS-665,Bacteria,8,70,3282,439811,1534,18,77,7461
RS-453,Bacteria,5,46,2019,411081,1411,8,73,3000
RS-384,Bacteria,4,58,2068,506066,1603,8,97,5188
RS-508,Bacteria,3,56,1079,494825,1636,18,81,7629
RS-472,Archaea,3,29,2448,541423,1494,9,80,5879
RS-822,Bacteria,49,358,25121,1802976,5315,54,245,37766
RS-341,Bacteria,18,89,8981,510807,1434,31,96,21392
RS-440,Archaea,2,33,1141,584796,1545,8,72,5243
RS-397,Bacteria,17,80,7446,711497,2332,80,184,40836
RS-373,Bacteria,25,88,14547,745091,2211,137,219,77242
RS-439,Bacteria,19,82,13864,465589,1359,33,87,17163
RS-814,Archaea,0,19,0,441202,1235,4,71,2553
RS-826,Bacteria,5,98,2366,824118,2632,12,124,6106
RS-401,Archaea,2,26,1757,531230,1382,9,68,8289
RS-678,Archaea,1,36,963,433619,1390,7,69,5509
RS-420,Bacteria,2,44,944,428072,1343,6,69,2401
RS-380,Bacteria,7,100,2648,958162,3078,19,168,8278
RS-364,Bacteria,12,120,6278,951062,2925,26,145,11894
RS-412,Bacteria,8,56,3611,574579,1843,12,100,4978
RS-465,Bacteria,12,77,6931,897864,2794,54,207,28535
RS-415,Bacteria,38,121,23932,1300565,3234,57,164,38326
RS-654,Bacteria,3,34,1035,320535,1045,6,60,2611
RS-387,Bacteria,6,55,3339,574372,1810,9,94,5634
RS-363,Bacteria,27,138,16931,1507829,3957,62,192,38243
RS-342,Bacteria,24,129,14684,1210773,3715,52,164,34241
RS-348,Archaea,1,38,873,588083,1558,6,75,3950
RS-821,Bacteria,33,329,19629,1603369,5265,35,214,24169
RS-406,Archaea,3,43,3048,640946,1712,8,80,5713
RS-394,Bacteria,2,65,924,565694,1906,11,130,3827
RS-434,Bacteria,8,92,3954,661087,2053,23,107,8874
RS-819,Bacteria,0,43,0,430487,1397,5,65,2091
RS-404,Bacteria,11,63,5605,545987,1764,18,82,7451
RS-372,Bacteria,12,62,5352,507411,1767,18,93,6232
RS-460,Bacteria,8,69,4048,676380,2178,8,132,2956
RS-458,Bacteria,27,100,16842,754755,2153,109,191,62032
RS-361,Bacteria,16,118,8127,891542,2934,32,190,16248
RS-626,Bacteria,0,39,0,336486,1099,19,69,11503
RS-382,Bacteria,8,75,4303,749979,2459,15,125,5563
RS-388,Bacteria,3,64,1207,652634,2110,16,131,8461
RS-422,Bacteria,7,85,2847,628964,1978,10,91,4229
RS-428,Bacteria,38,96,19384,489645,1456,31,104,19310
RS-467,Bacteria,31,98,16081,612544,1798,41,122,26531
RS-648,Bacteria,4,54,1922,495682,1581,4,86,2180
RS-391,Bacteria,6,51,3745,657774,2100,3,134,2903
RS-816,Bacteria,14,68,8958,449246,1314,25,87,20043
RS-431,Bacteria,20,89,10751,582852,1623,38,98,22613
RS-349,Bacteria,2,56,2243,621354,2061,7,104,4912
RS-797,Bacteria,11,99,5092,686252,2323,18,145,8154
RS-820,Bacteria,1,57,510,532653,1759,9,106,2897
RS-395,Bacteria,228,348,156452,1772780,4273,83,227,48913
RS-371,Bacteria,2,75,1046,644217,2138,10,117,5510
RS-435,Bacteria,4,58,1914,460821,1433,1,67,568
RS-350,Bacteria,10,67,5806,754546,2489,53,115,33796
RS-386,Bacteria,11,120,5145,1034340,3254,23,184,9532
RS-426,Bacteria,28,141,14893,1404234,4727,55,314,27940
RS-381,Bacteria,1,36,324,465784,1508,6,83,2405
RS-432,Archaea,1,44,832,573069,1458,6,73,4504
RS-815,Bacteria,4,45,2227,314021,956,17,63,9714
RS-438,Bacteria,19,75,10000,539951,1737,47,121,25557
RS-392,Archaea,0,21,0,451795,1279,10,76,9463
RS-398,Bacteria,316,509,234802,2308096,5815,111,283,63946
RS-604,Archaea,1,36,810,601582,1561,11,72,8527
RS-697,Bacteria,11,95,5097,778705,2506,14,143,6655
RS-344,Bacteria,4,69,1253,417657,1588,10,76,4177
SAT-2766,Bacteria,20,71,12929,619233,1673,60,125,42135
SAT-2788,Bacteria,7,62,3819,1060420,3255,68,159,31014
SAT-1434,Bacteria,7,52,4439,738825,2352,17,132,8168
SAT-33,Bacteria,8,55,4078,518610,1693,18,88,7535
SAT-182,Bacteria,0,25,0,430141,1346,5,64,2292
SAT-111,Bacteria,21,141,9161,1421372,4395,50,201,22160
SAT-166,Bacteria,1,28,466,397824,1389,8,71,3302
SAT-39,Bacteria,13,74,6443,950279,3042,36,141,16575
SAT-1449,Bacteria,5,61,2646,668335,2162,18,132,7973
SAT-220,Bacteria,0,18,0,304554,1009,6,46,2645
SAT-1342,Bacteria,1,29,997,380695,1165,9,49,3654
SAT-1608,Bacteria,2,30,1280,478614,1530,9,85,4954
SAT-129,Bacteria,46,143,30571,1159060,3518,115,218,68790
SAT-98,Bacteria,96,237,59053,1457810,4291,137,276,78445
SAT-154,Bacteria,1,34,476,393032,1224,9,89,4891
SAT-92,Bacteria,13,112,6342,1099200,3663,45,137,21347
SAT-1369,Bacteria,3,32,1512,405520,1229,21,77,11389
SAT-201,Bacteria,4,39,2336,384561,1234,11,63,4620
SAT-175,Bacteria,22,76,16304,639552,1766,50,115,37695
SAT-57,Bacteria,26,166,13080,1498719,4829,48,268,19606
SAT-20,Bacteria,11,98,5509,1145684,3802,34,150,13461
SAT-108,Bacteria,16,113,7102,1056055,3298,31,152,11736
SAT-2595,Bacteria,3,49,1348,418769,1300,7,45,2809
SAT-1450,Bacteria,6,36,2995,458261,1377,28,95,15916
SAT-3,Bacteria,3,53,1309,636320,2041,19,85,7215
SAT-18,Bacteria,29,112,18255,959342,2976,52,199,27947
SAT-130,Bacteria,35,132,22721,1105637,3406,86,183,53089
SAT-1462,Bacteria,40,131,23930,1134341,3399,131,244,84319
SAT-12,Bacteria,113,185,92005,1389145,3438,71,178,41603
SAT-9,Bacteria,10,102,4866,1465000,4685,38,197,16194
SAT-137,Archaea,0,19,0,426542,1592,2,72,2272
SAT-140,Bacteria,7,57,4060,558119,1641,41,96,26081
SAT-4,Bacteria,19,115,7580,1172742,3715,41,194,18305
SAT-62,Bacteria,22,106,10867,1031201,3187,37,150,16909
SAT-15,Bacteria,0,33,0,562866,1773,10,85,4555
SAT-105,Bacteria,13,53,7989,533874,1523,22,81,14830
SAT-27,Bacteria,17,119,10012,1298845,4125,49,193,19800
SAT-206,Bacteria,0,29,0,441040,1373,6,69,2676
SAT-1401,Bacteria,6,63,3291,1175439,3647,70,180,35714
SAT-95,Archaea,1,28,870,605020,1629,8,77,6962
SAT-227,Bacteria,2,49,1150,824393,2701,24,113,10121
SAT-185,Bacteria,3,37,1662,661931,1914,32,89,14086
SAT-43,Bacteria,13,85,7632,926448,2652,78,160,56220
SAT-49,Bacteria,21,111,12542,950162,2848,85,162,55614
SAT-161,Bacteria,1,32,446,401781,1272,2,75,559
SAT-116,Archaea,0,16,0,408299,1149,9,65,6720
SAT-165,Archaea,1,19,921,543531,1414,5,63,4439
SAT-112,Bacteria,17,100,8149,836458,2602,71,164,42774
SAT-181,Bacteria,0,21,0,398923,1272,3,55,1069
SAT-47,Bacteria,81,140,52912,917588,2423,51,122,28664
SAT-211,Bacteria,1,25,438,319009,1022,10,46,4718
SAT-91,Bacteria,0,47,0,879360,3029,11,167,5877
SAT-157,Archaea,1,25,930,783207,2100,10,89,8229
SAT-75,Bacteria,10,87,4668,941944,2820,44,136,28693
SAT-23,Bacteria,7,60,9067,780752,2510,99,193,57002
SAT-54,Bacteria,23,130,12244,1445205,4559,45,232,19218
SAT-198,Bacteria,17,129,7673,1170898,3771,34,182,13049
SAT-176,Bacteria,6,81,3834,923967,2857,35,128,17989
SAT-1289,Bacteria,20,72,10806,708591,2015,42,138,25594
SAT-66,Bacteria,10,86,5425,1017718,3347,27,178,11621
SAT-88,Bacteria,31,191,15859,1488181,4628,69,218,29905
SAT-139,Archaea,0,12,0,287013,1002,1,42,794
SAT-2910,Bacteria,7,54,3829,793084,2398,28,169,14282
SAT-1582,Bacteria,0,30,0,454537,1458,7,76,3638
SAT-133,Bacteria,2,44,973,581760,1962,22,92,11448
SAT-1358,Bacteria,6,52,4133,626957,1870,47,116,22640
SAT-230,Bacteria,11,105,6170,1435559,4454,105,276,60169
SAT-3021,Bacteria,17,87,10884,939184,2735,73,149,46041
SAT-149,Bacteria,21,102,12921,853258,2582,98,177,59703
SAT-61,Bacteria,14,77,9071,891745,2766,65,158,42400
SAT-1585,Bacteria,22,60,14856,541951,1507,28,67,12962
SAT-134,Bacteria,12,71,5280,724050,2241,67,155,38382
SAT-7,Bacteria,15,92,7222,1041010,3321,117,236,66124
SAT-205,Archaea,0,19,0,543711,1443,9,73,6961
SAT-1367,Bacteria,6,71,2759,726475,2223,17,110,6451
SAT-24,Bacteria,1,23,941,419742,1265,15,78,10080
SAT-106,Bacteria,25,122,16318,990651,3117,87,174,57575
SAT-1553,Archaea,0,24,0,506127,1398,11,89,8636
SAT-1331,Bacteria,2,54,1064,562586,1726,10,96,4476
SAT-1346,Bacteria,1,31,487,452101,1458,7,82,3175
SAT-3048,Bacteria,0,19,0,245318,865,7,40,2566
SAT-150,Bacteria,35,112,26300,1148496,3445,125,224,64202
SAT-127,Bacteria,2,37,1261,625091,1952,11,114,5659
SAT-1475,Bacteria,2,49,954,550649,1772,12,94,6119
SAT-1309,Bacteria,9,86,4823,964269,3052,105,216,61211
SAT-115,Bacteria,12,102,5858,1168393,3659,100,229,61433
SAT-162,Bacteria,11,98,5993,1474099,4558,40,218,27960
SAT-40,Bacteria,22,113,12929,1173022,3598,84,197,50961
SAT-37,Bacteria,17,109,6941,1095285,3526,41,171,15870
SAT-168,Bacteria,14,57,8926,530809,1563,34,100,20278
SAT-152,Bacteria,8,49,6374,497256,1353,31,86,23142
SAT-94,Archaea,1,22,777,533056,1446,9,71,5698
SAT-1507,Bacteria,3,82,1391,1077195,3400,17,222,6554
SAT-1344,Bacteria,13,70,7893,1048830,3498,35,230,19761
SAT-226,Bacteria,12,55,6204,483744,1484,42,103,21971
SAT-1339,Bacteria,8,68,4236,631428,1843,81,137,42660
SAT-117,Bacteria,53,134,30828,1206461,3446,138,240,89090
SAT-42,Bacteria,10,79,10940,1099857,3451,33,179,14567
SAT-35,Bacteria,15,108,8473,1123376,3252,122,223,68176
SAT-63,Bacteria,20,104,11172,1074117,3403,35,139,19692
SAT-141,Bacteria,16,100,11580,1548820,4518,105,196,77435
SAT-87,Bacteria,165,305,116035,2265215,6253,101,269,53284
SAT-69,Bacteria,37,122,20779,1127161,3447,107,236,64503
SAT-5,Bacteria,17,93,8360,1101010,3538,46,174,19990
SAT-179,Bacteria,13,73,7180,1222526,3701,70,174,38852
SAT-51,Bacteria,112,250,71384,1534069,4357,161,273,118609
SAT-197,Bacteria,26,58,16142,375417,1088,3,41,1054
SAT-26,Bacteria,12,92,5290,833066,2622,37,135,17437
SAT-104,Bacteria,18,103,10903,871557,2676,91,183,56080
SAT-200,Bacteria,8,55,5994,627934,1887,69,146,36762
SAT-1451,Bacteria,15,106,10195,1438511,4236,58,213,38079
SAT-56,Bacteria,34,112,23675,1079324,3009,49,125,33413
SAT-109,Bacteria,22,143,10827,1395274,4246,42,192,20499
SAT-103,Bacteria,12,58,7695,579138,1616,37,115,25526
SAT-1610,Bacteria,23,90,17494,1101916,3251,35,132,20935
SAT-8,Bacteria,25,125,9625,1110137,3550,41,180,15439
SAT-64,Bacteria,20,116,9481,1113122,3392,37,172,14330
SAT-13,Bacteria,0,27,0,442506,1375,5,68,2051
SAT-19,Bacteria,57,138,35411,1275076,3934,159,267,100759
SAT-2,Bacteria,1,57,432,740575,2271,15,147,6253
SAT-131,Bacteria,10,38,5788,366442,1126,35,78,20593
SAT-213,Bacteria,0,29,0,542887,1689,7,106,3631
SAT-1448,Bacteria,1,30,824,532091,1710,8,103,3148
SAT-110,Bacteria,13,90,6394,969629,3043,25,140,9819
SAT-189,Bacteria,16,104,8494,1105644,3137,119,213,66814
SAT-38,Archaea,2,26,1448,603398,1565,8,76,7228
SAT-183,Bacteria,15,120,6920,1064334,3495,38,157,16374
SAT-2755,Bacteria,5,79,2319,977911,3048,20,166,9199
SAT-1609,Bacteria,6,68,3686,851345,2681,18,135,7224
SAT-221,Bacteria,0,40,0,448793,1427,6,77,3037
SAT-93,Bacteria,25,106,13944,1127571,3467,60,186,31979
SAT-122,Archaea,0,30,0,605233,1601,5,78,3460
SAT-155,Bacteria,5,129,2586,1072565,3304,28,109,19749
SAT-128,Bacteria,12,134,9048,1555113,4736,35,201,21099
SAT-99,Bacteria,11,97,7870,1389523,4020,100,219,71497
SAT-77,Bacteria,3,40,1725,496665,1462,32,89,22675
SAT-1607,Bacteria,1,29,439,365491,1194,8,55,4363
SAT-225,Bacteria,37,63,32384,794588,2044,53,114,29115
SAT-73,Bacteria,7,92,3987,1101881,3451,31,167,14260
SAT-1403,Bacteria,4,40,1756,450217,1475,7,65,3070
SAT-79,Bacteria,6,54,3390,902828,2832,53,123,25683
SAT-97,Bacteria,12,95,5321,1256212,3867,54,204,26870
SAT-126,Bacteria,4,102,2063,1109628,3581,23,179,10882
SAT-217,Bacteria,8,63,2959,801662,2432,29,114,12943
SAT-1391,Bacteria,12,66,8779,769032,2267,89,166,45371
SAT-1308,Bacteria,13,122,6087,1242801,3843,35,186,15164
SAT-2787,Bacteria,2,54,1110,530803,1532,12,68,5670
SAT-2619,Bacteria,1,29,936,388944,1162,17,82,13086
SAT-1446,Bacteria,1,23,464,336546,1047,11,47,6266
SAT-1431,Bacteria,1,34,454,524633,1543,15,65,7079
SAT-1329,Archaea,1,21,837,519392,1371,5,65,5800
SAT-135,Bacteria,4,38,2190,488491,1341,47,102,33336
SAT-142,Bacteria,0,32,0,578321,1846,6,98,3335
SAT-6,Bacteria,10,99,4907,921980,2915,39,132,16010
SAT-1517,Bacteria,2,37,937,798901,2763,9,175,4289
SAT-60,Bacteria,12,86,6198,980433,3040,43,156,18380
SAT-17,Bacteria,5,55,2356,676465,2075,51,130,25492
SAT-1366,Bacteria,7,47,4277,621937,1770,93,162,53738
SAT-1388,Bacteria,4,37,2123,507127,1390,43,103,31405
SAT-107,Bacteria,31,91,19007,790614,2245,60,154,38177
SAT-25,Bacteria,10,88,5062,840803,2568,66,146,37178
SAT-194,Bacteria,16,91,8049,1025325,3247,132,273,78682
SAT-52,Bacteria,21,129,11170,1334210,4097,49,218,28934
SAT-28,Bacteria,12,134,5487,1378894,4400,47,192,19195
SAT-177,Bacteria,4,66,1988,766004,2407,15,164,7112
SAT-55,Bacteria,20,142,11263,1546634,4984,48,243,23544
SAT-22,Bacteria,37,118,19605,1069543,3455,124,235,74648
SAT-1,Bacteria,15,90,8006,977396,3010,49,165,23139
SAT-145,Archaea,1,26,907,577602,1530,7,79,4974
SAT-132,Bacteria,19,58,15175,623108,1713,37,99,24591
SAT-83,Bacteria,7,77,4444,833859,2668,68,148,35537
SAT-1510,Archaea,0,27,0,492275,1382,5,76,3907
SAT-2911,Bacteria,3,58,1696,614178,1871,10,97,4818
SAT-10,Bacteria,18,102,12673,1358454,3895,55,193,34672
SAT-67,Bacteria,12,87,10533,868685,2664,93,174,59299
SAT-138,Bacteria,2,35,1296,456923,1334,43,100,29776
SAT-1359,Bacteria,2,26,714,545657,1686,7,103,2720
SAT-1613,Bacteria,2,43,1073,742629,2330,11,122,4768
SAT-46,Bacteria,11,138,10700,1086819,3479,22,165,9798
SAT-180,Bacteria,6,63,3341,1143883,3688,58,155,25654
SAT-31,Bacteria,14,119,6286,1253153,3732,91,217,54810
SAT-113,Bacteria,15,142,6912,1155585,3428,31,156,13613
SAT-164,Archaea,1,17,593,549150,1426,3,65,1916
SAT-74,Bacteria,18,94,9306,908432,2859,98,196,56994
SAT-1509,Bacteria,25,96,14170,776070,2385,60,145,37169
SAT-121,Bacteria,28,105,17793,1095264,3126,120,225,79386
SAT-90,Bacteria,17,102,7798,952456,3159,29,150,10982
SAT-1340,Bacteria,50,95,34236,656962,1759,34,81,17940
SAT-228,Bacteria,0,30,0,515051,1635,7,98,3441
SAT-2756,Bacteria,13,66,7985,668762,1970,43,100,27049
SP-2982,Bacteria,22,114,13023,1143075,3442,38,131,34341
SP-131,Bacteria,22,153,10159,1258448,3954,42,180,18312
SP-245,Bacteria,32,165,18477,1404182,4360,72,250,30432
SP-232,Bacteria,9,99,4888,827731,2625,19,139,7852
SP-58,Bacteria,25,91,14058,713502,2300,71,154,39380
SP-52,Bacteria,132,215,85691,1123489,2874,76,150,42374
SP-335,Bacteria,4,39,2154,480855,1525,47,109,27744
SP-342,Bacteria,1,52,516,432960,1381,6,69,2672
SP-238,Bacteria,21,105,11737,837371,2600,70,164,41330
SP-190,Bacteria,20,85,13822,538699,1509,39,99,24113
SP-109,Bacteria,17,135,7032,1045009,3292,29,118,13322
SP-174,Bacteria,3,63,1015,603112,1846,13,75,5963
SP-299,Bacteria,6,69,3189,531872,1701,17,91,7993
SP-3065,Bacteria,118,289,82515,1467999,3590,44,151,23513
SP-293,Bacteria,28,108,17884,629791,1913,30,113,18020
SP-17,Bacteria,25,159,14305,1419322,4481,43,216,17981
SP-60,Bacteria,24,110,14763,890018,2783,50,154,28037
SP-486,Bacteria,5,48,2765,362629,1174,6,44,2377
SP-2975,Bacteria,0,54,0,473522,1511,26,96,16570
SP-4023,Bacteria,91,217,56871,956114,3015,31,115,15455
SP-351,Bacteria,8,71,4133,584421,1843,8,112,3590
SP-6,Bacteria,7,65,3226,679335,2074,39,156,19602
SP-256,Bacteria,9,54,4571,459175,1211,40,87,30188
SP-3044,Bacteria,1,33,270,378144,1239,6,56,1961
SP-167,Bacteria,169,324,102371,1325921,3671,139,243,97989
SP-110,Bacteria,41,124,24134,870654,2490,54,130,30527
SP-189,Archaea,3,66,1460,541361,1496,10,82,7481
SP-183,Bacteria,32,118,19771,1095771,3391,118,220,60524
SP-3982,Bacteria,9,100,3743,1000840,3137,48,208,25429
SP-73,Bacteria,19,116,9693,1037996,3296,123,260,71417
SP-4365,Bacteria,42,119,25791,955477,2628,58,149,35830
SP-219,Bacteria,6,68,2805,776374,2430,7,164,2884
SP-3098,Bacteria,30,99,16975,558878,1564,49,122,30850
SP-213,Bacteria,28,98,17743,766271,2130,121,198,71954
SP-3966,Bacteria,8,83,4007,678112,2217,20,109,7912
SP-74,Bacteria,37,148,24292,1176018,3386,95,188,62177
SP-269,Bacteria,27,119,15944,953880,2901,36,140,17848
SP-319,Bacteria,4,50,1687,402340,1282,10,101,4129
SP-263,Bacteria,5,106,1861,601990,1881,17,82,7500
SP-160,Bacteria,5,62,2481,759220,2383,6,158,2601
SP-184,Bacteria,30,129,19046,1126727,3207,72,142,41959
SP-4016,Bacteria,13,74,9028,478091,1305,26,80,14972
SP-1,Bacteria,17,102,7122,853599,2699,26,126,10593
SP-4220,Bacteria,1,50,508,402356,1290,8,80,4093
SP-4154,Bacteria,2,40,448,387938,1193,9,47,3742
SP-2972,Bacteria,2,43,772,368828,1191,7,56,2600
SP-125,Bacteria,19,125,9052,1174487,3707,38,194,17232
SP-2978,Bacteria,21,114,12322,974475,2810,129,231,70205
SP-3118,Bacteria,9,61,4264,617201,1798,17,96,9540
SP-3062,Archaea,1,29,776,567842,1569,8,72,5585
SP-3112,Bacteria,11,67,4349,540822,1669,20,84,7718
SP-3068,Archaea,0,25,0,498583,1370,2,73,1113
SP-89,Bacteria,46,144,30582,772286,2147,44,135,35056
SP-179,Bacteria,15,119,5707,905908,3050,33,142,11990
SP-197,Bacteria,13,115,6452,1134566,3892,28,272,12849
SP-173,Bacteria,23,125,11714,784975,2189,63,157,48933
SP-242,Bacteria,149,239,106395,1277136,3106,87,171,48250
SP-3050,Bacteria,9,71,4911,647361,2029,21,137,9578
SP-28,Bacteria,19,158,10412,1220742,3803,43,183,19285
SP-22,Bacteria,8,27,4162,297398,943,11,28,6345
SP-248,Bacteria,0,31,0,316209,1024,4,46,1583
SP-332,Bacteria,15,122,6217,1315915,3931,60,204,26955
SP-2985,Bacteria,59,183,41228,1111712,2821,66,169,39418
SP-141,Bacteria,208,370,151050,1822568,4709,82,222,52080
SP-136,Bacteria,20,103,10329,729048,2017,49,128,32515
SP-3029,Bacteria,9,91,3415,513275,1629,27,89,11579
SP-26,Bacteria,18,117,9946,831196,2568,21,120,8997
SP-51,Bacteria,19,65,11085,487105,1342,46,90,29269
SP-3023,Bacteria,14,86,8301,749644,2303,96,177,50951
SP-3054,Archaea,2,49,1621,648325,1761,8,77,4568
SP-246,Bacteria,23,99,10136,905180,2874,94,196,50832
SP-145,Bacteria,119,197,83794,1036200,2728,83,158,46877
SP-138,Bacteria,18,285,11413,1564778,4918,46,244,34882
SP-4044,Bacteria,0,39,0,413345,1336,5,54,2295
SP-304,Bacteria,2,58,1230,725567,2373,4,149,1536
SP-209,Archaea,2,41,932,589104,1542,9,67,6605
SP-3066,Archaea,1,26,844,488662,1326,10,62,7739
SP-274,Bacteria,121,213,77013,1011896,2573,60,133,37833
SP-203,Bacteria,51,152,32223,1098137,3231,114,218,54513
SP-69,Bacteria,6,47,1682,427656,1371,6,63,2540
SP-199,Bacteria,3,47,1137,464040,1462,6,73,2590
SP-177,Bacteria,15,100,7228,1076567,3350,38,133,22860
SP-222,Bacteria,3,84,1435,750698,2530,11,155,4089
SP-3030,Bacteria,39,150,23424,1016318,3153,74,156,47133
SP-358,Bacteria,15,92,6899,601972,1923,21,87,9427
SP-5,Bacteria,277,440,192150,1845505,5126,109,221,74900
SP-35,Bacteria,11,107,7838,1082297,3427,24,142,15221
SP-156,Bacteria,6,94,3006,773449,2354,28,125,13682
SP-2976,Bacteria,28,93,15604,609029,1719,41,104,26085
SP-94,Bacteria,10,79,4997,531398,1711,13,97,5652
SP-267,Bacteria,3,54,1685,536749,1641,4,107,2256
SP-210,Archaea,1,29,1414,525576,1348,6,67,2933
SP-289,Bacteria,9,64,3914,465793,1452,25,81,11124
SP-3105,Bacteria,7,59,4406,472955,1386,20,95,14374
SP-283,Bacteria,32,120,18286,681222,2135,37,103,22673
SP-360,Bacteria,10,106,4589,1136535,3631,23,229,9731
SP-4366,Bacteria,33,114,19083,871560,2390,46,133,27907
SP-4388,Bacteria,21,172,11804,960196,2669,45,159,40368
SP-70,Bacteria,153,313,95040,1498160,4273,159,277,104896
SP-180,Bacteria,21,147,9723,1154417,3444,88,196,51335
SP-164,Bacteria,140,229,93745,1067870,2702,63,141,32551
SP-187,Bacteria,27,96,16073,731856,2011,57,116,37239
SP-169,Bacteria,20,161,8177,1003251,3187,24,148,8599
SP-163,Bacteria,39,174,21065,1655622,4784,76,250,39057
SP-114,Bacteria,124,213,84903,1117742,2923,82,159,44040
SP-93,Bacteria,20,102,9306,853746,2641,77,175,46720
SP-260,Bacteria,170,266,117574,1291881,3109,77,175,43574
SP-4288,Bacteria,3,67,1507,498009,1659,10,74,3807
SP-284,Bacteria,6,55,4891,516438,1755,10,122,5986
SP-126,Bacteria,36,211,17311,1609033,5051,55,261,23983
SP-151,Bacteria,12,82,4655,739225,2157,26,101,8701
SP-3040,Bacteria,47,117,29267,668863,1891,44,134,29220
SP-3037,Bacteria,27,147,17107,1410975,3574,72,186,42738
SP-328,Bacteria,9,68,4377,481358,1341,22,96,17477
SP-252,Bacteria,37,112,20261,962414,2922,106,205,61609
SP-2,Bacteria,14,123,6405,960564,3100,41,143,18466
SP-38,Bacteria,7,63,2816,367487,1238,15,63,5965
SP-8,Bacteria,17,146,7613,1477230,4813,42,303,16660
SP-45,Bacteria,107,221,60415,1129384,3286,119,215,80147
SP-32,Bacteria,29,146,13794,1364784,4252,47,194,25859
SP-107,Bacteria,10,68,4786,574612,1794,37,121,23393
SP-194,Bacteria,145,251,95804,1253143,3296,87,180,41636
SP-13,Bacteria,8,74,4511,964091,2503,19,100,10386
SP-64,Bacteria,28,130,15581,1075148,3292,50,167,25599
SP-279,Bacteria,7,92,3074,678818,2136,16,118,7403
SP-3111,Bacteria,29,141,17265,864057,2354,45,156,38450
SP-303,Archaea,1,35,1962,559879,1425,7,73,5821
SP-3061,Bacteria,3,29,1105,355393,1120,4,61,1664
SP-4275,Bacteria,19,64,13307,378720,1110,36,74,20439
SP-3971,Bacteria,16,71,8443,411878,1180,26,72,18351
SP-19,Bacteria,31,126,17663,777987,2161,65,147,43489
SP-135,Bacteria,25,105,11418,810046,2236,43,118,27158
SP-142,Bacteria,47,279,23722,1499397,4325,67,207,38860
SP-346,Bacteria,1,64,582,367130,1164,5,59,2969
SP-3059,Archaea,1,34,1691,612191,1579,5,70,3942
SP-56,Bacteria,4,57,2049,444809,1342,42,95,21809
SP-21,Bacteria,17,115,7845,1240799,3851,35,130,16029
SP-241,Bacteria,137,233,94843,1117927,2884,72,147,51074
SP-236,Bacteria,21,125,9633,1010394,3343,38,162,14333
SP-3024,Archaea,1,30,853,579741,1516,6,72,6400
SP-88,Archaea,1,26,891,501570,1403,6,74,4472
SP-11,Bacteria,63,174,37081,1070582,3190,110,202,65677
SP-3069,Bacteria,29,124,16661,1225583,4049,46,260,24573
SP-301,Bacteria,2,64,1050,434439,1356,4,51,1680
SP-295,Bacteria,7,101,3238,754634,2342,12,93,6578
SP-3119,Bacteria,5,78,2470,536516,1546,27,91,20861
SP-3014,Archaea,0,30,0,530225,1467,10,77,8760
SP-3063,Archaea,1,28,432,469147,1313,6,78,4523
SP-82,Bacteria,23,108,15397,743196,2058,71,147,52263
SP-105,Bacteria,71,199,49283,986291,2668,36,128,18815
SP-196,Bacteria,0,59,0,585771,1812,4,109,2254
SP-333,Bacteria,20,106,8437,926441,2741,37,152,16928
SP-344,Bacteria,2,60,897,453134,1442,4,69,2352
SP-23,Bacteria,116,226,75556,1167803,3231,61,133,37043
SP-29,Bacteria,29,107,15805,528501,1494,38,101,22739
SP-243,Bacteria,17,66,11748,513171,1492,49,100,31945
SP-234,Bacteria,37,146,29044,1453018,3567,73,193,69146
SP-137,Bacteria,52,156,33949,1129176,3037,78,161,48119
SP-140,Bacteria,32,154,15993,1150126,3592,95,218,56871
SP-4387,Bacteria,16,193,10095,1000954,2929,18,113,9358
SP-3070,Bacteria,7,79,3715,841900,2657,10,154,5566
SP-262,Bacteria,2,51,1188,503732,1611,11,94,4029
SP-312,Bacteria,21,114,12475,929737,2839,69,160,41300
SP-3984,Bacteria,5,69,1959,586352,1879,11,111,4023
SP-75,Bacteria,27,120,17657,864945,2630,84,171,54721
SP-4060,Bacteria,42,130,23164,518586,1611,24,84,13054
SP-161,Bacteria,24,152,10219,1041851,3418,36,167,16022
SP-4189,Bacteria,7,60,3615,362712,1136,38,89,23678
SP-3035,Bacteria,153,252,106748,1251849,3170,80,169,44778
SP-250,Bacteria,38,146,23207,931907,2529,56,152,38759
SP-47,Bacteria,8,67,4755,485497,1384,25,82,17217
SP-30,Bacteria,76,157,54585,813899,2141,39,105,17908
SP-320,Bacteria,3,51,1406,409959,1306,6,56,2603
SP-3048,Bacteria,22,122,14277,1035462,3075,115,211,61764
SP-2979,Bacteria,12,72,6931,848224,2678,16,185,5986
SP-159,Bacteria,30,134,12647,1097022,3565,29,162,10513
SP-124,Bacteria,10,93,5310,1194660,3625,39,219,20405
SP-154,Bacteria,13,97,5985,751945,2386,15,117,6362
SP-123,Bacteria,17,133,7484,1276988,4047,39,194,16771
SP-257,Bacteria,0,52,0,461343,1488,6,70,2339
SP-37,Bacteria,37,166,17830,1226429,3697,45,173,21704
SP-350,Bacteria,20,103,9424,830623,2533,83,176,49768
SP-4356,Bacteria,3,43,1238,413386,1305,7,79,3273
SP-182,Bacteria,80,266,50697,1659168,4929,135,272,85877
SP-166,Bacteria,180,281,124958,1394144,3519,84,187,46272
SP-188,Bacteria,2,59,1049,522724,1671,6,93,2915
SP-96,Bacteria,20,75,10421,777680,2245,36,120,22007
SP-78,Bacteria,5,44,2028,576398,1970,10,54,4619
SP-4380,Bacteria,55,127,35504,602496,1690,31,81,17850
SP-218,Bacteria,11,95,5164,652873,2096,20,141,8919
SP-3107,Archaea,1,22,473,415751,1134,6,68,3747
SP-281,Bacteria,5,58,2523,613410,1928,5,142,1971
SP-3983,Bacteria,15,140,7206,1245510,4276,26,223,12290
SP-2989,Bacteria,12,50,6428,526878,1685,21,90,12187
SP-2983,Bacteria,12,60,7151,459367,1341,50,100,35177
SP-343,Bacteria,2,63,976,613077,1920,6,97,2958
SP-334,Bacteria,10,80,4709,654362,2029,12,138,5433
SP-24,Bacteria,4,42,2719,494366,1554,9,84,4814
SP-59,Bacteria,17,99,7839,687792,2234,30,97,13676
SP-3021,Bacteria,27,110,14242,843766,2680,70,172,39128
SP-349,Bacteria,9,66,5358,626743,1953,9,113,8368
SP-244,Bacteria,23,124,14045,1059229,2988,109,215,70377
SP-102,Bacteria,9,104,3963,829218,2560,22,136,9045
SP-108,Bacteria,2,37,1576,361888,1066,18,77,14544
SP-61,Bacteria,21,135,10024,1099223,3501,44,222,21189
SP-16,Bacteria,32,182,21596,1988744,5996,61,273,30798
SP-4300,Bacteria,4,36,1317,208872,699,4,30,1670
SP-292,Bacteria,35,112,22237,666446,1848,64,131,39889
SP-3013,Bacteria,3,48,1391,623749,1954,11,110,5163
SP-276,Bacteria,19,101,12564,706000,1990,45,129,33728
SP-201,Bacteria,14,69,7666,553310,1524,47,95,30873
SP-85,Bacteria,121,251,76997,1239480,3188,73,174,46796
SP-171,Bacteria,11,102,5119,826767,2619,41,157,25305
SP-81,Bacteria,7,70,3587,540419,1780,14,97,6992
SP-18,Bacteria,14,132,5676,831742,2640,14,119,5879
SP-272,Archaea,1,40,929,615649,1658,8,75,6009
SP-3060,Bacteria,4,55,2690,471426,1353,21,82,14966
SP-3017,Bacteria,15,90,6361,757713,2357,54,180,28450
SP-4379,Bacteria,5,69,3317,412700,1232,22,78,11953
SP-3110,Bacteria,19,78,9366,706365,2248,88,163,53106
SP-3084,Bacteria,20,137,12666,1725992,5257,51,277,25355
SP-302,Bacteria,21,115,9053,921138,2725,74,171,45088
SP-4145,Archaea,1,29,905,566087,1467,9,73,8307
SP-237,Bacteria,57,152,41918,875118,2341,25,101,21391
SP-240,Bacteria,13,70,6160,539585,1664,21,99,9600
SP-3025,Archaea,1,43,836,603986,1537,6,70,5238
SP-20,Bacteria,22,133,10676,1117578,3608,121,249,66644
SP-57,Bacteria,25,116,10693,912783,2907,37,161,13168
SP-3058,Bacteria,2,50,1077,452859,1529,8,69,3412
SP-330,Bacteria,31,122,18315,825436,2259,51,133,30179
SP-115,Bacteria,9,139,4121,944309,2967,18,159,7779
SP-186,Bacteria,25,126,13072,1172968,3767,116,239,62954
SP-98,Bacteria,10,81,5430,763286,2349,48,143,26918
SP-311,Bacteria,20,75,11296,630091,1788,99,162,55809
SP-285,Bacteria,4,69,1451,547871,1686,11,90,5230
SP-3103,Bacteria,11,91,5207,854212,2728,20,142,8187
SP-3097,Bacteria,16,86,7194,674171,1879,51,132,41779
SP-4360,Bacteria,4,60,4681,511857,1635,8,83,3342
SP-3073,Bacteria,15,64,7288,432133,1241,29,80,17766
SP-3004,Bacteria,13,74,6537,511403,1611,33,95,17740
SP-3109,Bacteria,17,85,8297,566983,1665,40,101,27392
SP-216,Bacteria,56,123,38271,828027,2305,25,96,25869
SP-127,Bacteria,138,222,98228,1123489,2785,80,151,46489
SP-2970,Bacteria,16,89,10158,702918,1954,103,187,59587
SP-354,Bacteria,17,102,9991,845265,2608,21,150,9171
SP-259,Bacteria,17,90,8023,734974,2245,67,149,38886
SP-3,Bacteria,16,143,7057,1104247,3535,40,194,14714
SP-39,Bacteria,10,53,5492,405904,1104,25,73,17395
SP-3036,Bacteria,4,51,2028,359591,1202,9,55,3614
SP-3041,Bacteria,0,37,0,404739,1311,5,58,1615
SP-224,Bacteria,5,65,1938,738180,2701,13,69,5568
SP-253,Bacteria,4,121,2621,649407,2097,4,73,1603
SP-4355,Bacteria,3,49,992,410938,1240,8,88,3624
SP-43,Bacteria,16,126,7226,724548,2304,28,113,12655
SP-34,Bacteria,212,314,156758,1378679,3361,101,186,58569
SP-4,Bacteria,164,257,112795,1363535,3350,73,176,40963
SP-49,Bacteria,2,45,748,472704,1503,3,79,980
SP-3046,Bacteria,4,47,2131,488326,1535,38,105,25567
SP-3031,Bacteria,18,115,9597,995385,3175,110,228,64395
SP-157,Bacteria,20,87,12020,632532,1765,41,100,27703
SP-2999,Bacteria,27,146,12428,1541730,4916,83,209,44707
SP-71,Bacteria,10,77,5148,442328,1274,32,81,25264
SP-3009,Bacteria,17,69,11407,500632,1358,39,82,25586
SP-282,Bacteria,26,86,14622,517184,1531,33,105,18405
SP-316,Bacteria,0,37,0,410763,1332,4,70,1182
SP-3003,Bacteria,26,109,15443,754272,2173,74,148,40625
SP-288,Bacteria,11,139,4534,1041119,3084,28,128,11848
SP-3074,Archaea,0,33,0,532693,1461,3,83,1964
SP-112,Bacteria,83,200,51889,1474986,4209,140,250,83334
SP-118,Bacteria,18,130,10282,1229804,3858,45,205,19761
SP-181,Bacteria,40,168,31953,1365758,4155,100,240,70339
SP-247,Bacteria,69,183,44824,988175,2903,95,181,66735
SP-230,Bacteria,2,38,836,443259,1378,6,56,2215
SP-27,Bacteria,4,57,1923,386386,1325,5,53,2534
SP-337,Bacteria,7,72,3075,450973,1457,6,64,2581
SP-3028,Bacteria,35,112,19314,580898,1676,51,122,35533
SP-340,Bacteria,9,92,4086,976221,2996,21,192,10861
SP-4045,Bacteria,4,56,1713,353091,1170,8,56,3596
SP-133,Bacteria,31,184,14067,1275408,3999,47,176,20738
SP-144,Bacteria,24,146,12151,1178451,3773,136,266,81907
SP-4038,Bacteria,1,44,450,384845,1211,7,54,2844
SP-86,Bacteria,21,102,11958,833598,2710,90,176,54850
SP-275,Bacteria,13,138,6089,1203091,3713,31,213,13252
SP-291,Bacteria,38,185,18071,1373008,4309,53,201,23100
SP-305,Bacteria,14,64,7991,485131,1373,25,87,16535
SP-3083,Bacteria,198,430,129571,1825376,4873,39,202,22171
SP-208,Archaea,1,26,426,443599,1235,3,70,1934
SP-62,Bacteria,29,145,17711,910770,2708,93,181,58193
SP-176,Bacteria,190,399,125907,2003280,5059,89,243,50749
SP-101,Bacteria,6,58,3353,429324,1456,14,62,6977
