bin,sample_id,depth,MAG_pnps_median,total_count,scg_pnps_median,scg_count,defense_pnps_median,defense_count,transposase_pnps_median,transposase_count,ocean,ratio_all_scg,ratio_all_MAG
ARS-1019,ERR598949,DCM,0.03092930634772477,280.0,0.03312911865679938,24.0,0.03022490481153372,5.0,1.0762069086906605,1.0,ARS,0.9123365195629917,0.9772254337594329
ARS-1019,ERR599028,DCM,0.036657021007925276,474.0,0.03274346622517468,31.0,0.03579744385964463,11.0,0.9302186354677896,1.0,ARS,1.093269833238422,0.976550818243119
ARS-1019,ERR599082,DCM,0.10406625418488866,2196.0,0.04851756640017274,54.0,0.09440987126723252,32.0,1.1159169856119102,1.0,ARS,1.9458904943529152,0.9072092774618352
ARS-1019,ERR599102,SRF,0.03527171248587217,366.0,0.030703424557685318,29.0,0.045499155606714387,8.0,0.9313347550734756,1.0,ARS,1.4818918821654887,1.2899616264716023
ARS-1019,ERR599145,DCM,0.0441712467820778,644.0,0.030738380009545818,32.0,0.034657558875168804,15.0,0.8047654738464126,1.0,ARS,1.1275011521233678,0.7846180807654015
ARS-1032,ERR599037,MES,0.08044714622493092,803.0,0.056163285825130985,28.0,0.10458544320187176,19.0,0.17075046413780093,6.0,ARS,1.8621674580705114,1.300051625317447
ARS-1032,ERR599062,MES,0.09309590562514347,2081.0,0.05138748229230887,52.0,0.11495658293964355,29.0,0.19112615042679215,11.0,ARS,2.237054197085056,1.2348188909888633
ARS-1032,ERR599167,MES,0.07478320596667543,482.0,0.04642749173239493,16.0,0.10614462600355257,14.0,0.18608783576270596,7.0,ARS,2.2862451113095523,1.4193644767095475
ARS-1037,ERR594312,MES,0.12507063337561541,2118.0,0.07221242773078664,67.0,0.12336862580806796,55.0,0.09539982075850416,9.0,ARS,1.7084126608787544,0.9863916291010061
ARS-1037,ERR594346,MES,0.08163176677454004,705.0,0.047719940291965635,23.0,0.07682828760088377,17.0,0.08451865852179063,8.0,ARS,1.6099828945892238,0.9411567412607512
ARS-11,ERR594312,MES,0.6804750911738663,385.0,0.04053119913882118,18.0,0.8313459738336684,12.0,1.0844814974785313,1.0,ARS,20.511260251301003,1.2217140415816536
ARS-16,ERR599037,MES,0.1710761411562145,600.0,0.12302052037513506,9.0,0.2319802378455893,8.0,0.37864137694914674,2.0,ARS,1.8857035975640144,1.356005789455828
ARS-16,ERR599167,MES,0.16763460754122195,421.0,0.13564217618613827,5.0,0.2146916174293913,6.0,0.32150444353740437,2.0,ARS,1.5827792170981945,1.2807117848657705
ARS-17,ERR599037,MES,0.21973411087659825,1081.0,0.10733509268264868,7.0,0.19621728544281347,43.0,0.16637219876803616,2.0,ARS,1.8280813901466273,0.8929759911195958
ARS-24,ERR599062,MES,0.06129298408393696,1925.0,0.023820469912756825,48.0,0.061151898423035186,50.0,0.13025644014748974,1.0,ARS,2.567199498876631,0.9976981760145898
ARS-27,ERR594345,MES,0.2452012277768023,1383.0,0.226942000413358,55.0,0.2141065179217358,21.0,0.3529030219253454,1.0,ARS,0.9434415733172206,0.8731869732586702
ARS-27,ERR599031,MES,0.1938436680328015,1215.0,0.2113442014613548,43.0,0.11662075800402355,18.0,0.04534647713711937,1.0,ARS,0.5518048623886573,0.6016227364429021
ARS-27,ERR599037,MES,0.19834493998206187,1379.0,0.1677240679520584,54.0,0.17031684408379444,22.0,0.0861191804918241,1.0,ARS,1.0154585812483223,0.8586901390032825
ARS-27,ERR599062,MES,0.2006096623769884,1441.0,0.1767121858909842,56.0,0.15268227554276084,23.0,0.09134079422364412,1.0,ARS,0.8640166764557613,0.7610913339549829
ARS-27,ERR599167,MES,0.2043623347925651,1370.0,0.1796891163087201,54.0,0.15427996853072806,20.0,0.09116606757892708,1.0,ARS,0.8585938408515678,0.754933479730145
ARS-27,ERR599172,MES,0.18525818141631484,1186.0,0.18867370027416971,38.0,0.1343470377853408,18.0,0.054469377830562896,1.0,ARS,0.7120602266776739,0.7251881496312123
ARS-3,ERR594312,MES,1.3075068887371049,2066.0,1.1170704907256561,20.0,1.3645690511938375,55.0,0.7755503887988977,8.0,ARS,1.2215603782599296,1.0436419593260025
ARS-34,ERR594345,MES,0.4913817099071477,664.0,0.1337502833772359,5.0,0.7037510505142901,16.0,0.34752437101239875,14.0,ARS,5.261678949340211,1.4321881265122223
ARS-34,ERR599062,MES,0.31215308884927095,1602.0,0.15929778476306,21.0,0.3297190379894548,35.0,0.35443439855929404,14.0,ARS,2.0698281428073835,1.0562735073515992
ARS-38,ERR594312,MES,0.7329938973719581,497.0,0.22416976249877152,6.0,0.23299121216179286,11.0,0.06365963678762071,1.0,ARS,1.03935164834316,0.3178624174050406
ARS-46,ERR599037,MES,0.17184278526090813,838.0,0.17519189031588217,8.0,0.1303874512243101,14.0,0.1666047613192039,6.0,ARS,0.7442550622018702,0.758760113357936
ARS-46,ERR599062,MES,0.1549161104186709,831.0,0.112252668199704,7.0,0.1510367370919685,18.0,0.1823327386309639,6.0,ARS,1.3455068776028145,0.974958231805471
ARS-46,ERR599109,MES,0.13855079194175673,497.0,0.07275264678558094,5.0,0.10434856440938994,12.0,0.17356561859666064,6.0,ARS,1.434292345636985,0.7531430383541615
ARS-46,ERR599167,MES,0.17943875331165482,847.0,0.23751516826731894,6.0,0.13610371194577608,16.0,0.16256855298821107,5.0,ARS,0.5730316633613642,0.7584967540951809
ARS-46,ERR599172,MES,0.13657200722237356,541.0,0.1911961790444041,6.0,0.1032909317557504,11.0,0.15600508401416696,5.0,ARS,0.5402353345762299,0.7563111493819286
CPC-1,ERR598971,MES,0.1554242555933844,2310.0,0.11539223796843638,65.0,0.17527428929259736,41.0,0.17873570667698707,1.0,CPC,1.5189434954935246,1.1277151601815867
CPC-1,ERR599067,MES,0.14635478217785292,1944.0,0.1014505187250857,57.0,0.18598968732060836,33.0,0.1987767721320731,1.0,CPC,1.8333044488871464,1.2708138712856707
CPC-1,ERR599128,MES,0.14474815040088473,1940.0,0.11821164046451405,49.0,0.16884188407510542,33.0,0.1521872926819744,1.0,CPC,1.4283016749589061,1.1664527913309586
CPC-1,ERR599132,MES,0.15051008316034215,2244.0,0.11691952622032807,65.0,0.23536201912493016,39.0,0.21752188005971754,1.0,CPC,2.0130257685222235,1.5637624681543305
CPC-12,ERR599346,MES,0.06440011465038673,1912.0,0.04849429945817345,26.0,0.08762446040199147,49.0,0.0954291536981542,1.0,CPC,1.8069022829697325,1.3606258448091952
CPC-14,ERR598965,DCM,0.046656611780916526,168.0,0.06389190110370173,11.0,0.09148824272523733,5.0,0.16281428091557093,1.0,CPC,1.4319223742731415,1.9608848399629786
CPC-14,ERR598971,MES,0.029779107449334225,1203.0,0.02990363166258822,43.0,0.03281864045009118,40.0,0.013584623996490137,4.0,CPC,1.097480092732344,1.102069311712192
CPC-16,ERR599064,SRF,0.07665548221422666,844.0,0.07277119339323168,21.0,0.033126847685532645,24.0,0.14965090251372998,1.0,CPC,0.45521924460584307,0.43215236182265593
CPC-27,ERR598965,DCM,0.1687646892267818,2787.0,0.0934612998591531,59.0,0.1521659775352956,70.0,0.3703272082263815,3.0,CPC,1.6281174963820415,0.9016458255128164
CPC-28,ERR598965,DCM,0.1086139721627484,805.0,0.07133701226985276,16.0,0.13060554123040102,16.0,0.11113433400252734,6.0,CPC,1.8308243795850045,1.2024745861858381
CPC-294,ERR598971,MES,0.08574734094743833,2440.0,0.026287223402475045,51.0,0.09959614466369304,67.0,0.07624240788202492,3.0,CPC,3.7887662435400338,1.1615070923860344
CPC-294,ERR599132,MES,0.07346258533495834,256.0,0.03382613333208229,24.0,0.07266445153222308,9.0,0.7521808099270049,1.0,CPC,2.14817492791305,0.9891355062022918
CPC-320,ERR594325,SRF,0.14002821100306573,3112.0,0.04982926372376204,66.0,0.1650534886725332,57.0,0.4954060314837304,4.0,CPC,3.3123806441840773,1.1787159708047656
CPC-320,ERR598965,DCM,0.09927300022835012,2258.0,0.030119149313957854,40.0,0.15267484182943802,42.0,0.4061839318060122,3.0,CPC,5.069029016655701,1.5379291597740747
CPC-320,ERR598994,SRF,0.09315617225228197,2407.0,0.02361584798476052,41.0,0.1563094183630695,43.0,1.048716197428926,2.0,CPC,6.618835726921054,1.6779287360558175
CPC-320,ERR599144,SRF,0.09281575246686471,2438.0,0.0272344554669454,40.0,0.12908296193713725,48.0,0.903647977976842,3.0,CPC,4.739693146933153,1.3907441194663583
CPC-327,ERR598971,MES,0.03138679282832012,485.0,0.041039332956503874,38.0,0.057135073994095474,7.0,0.02894776713191923,3.0,CPC,1.3922027937113624,1.8203540038835326
CPC-327,ERR599132,MES,0.026922877142750084,432.0,0.040845576498950265,36.0,0.03785666186588511,7.0,0.028460274040301232,2.0,CPC,0.9268240311618086,1.4061150175429646
CPC-45,ERR598965,DCM,0.056306427189556515,1411.0,0.04265399226620482,24.0,0.0738994056932494,34.0,0.09088895701001952,3.0,CPC,1.7325319804073918,1.3124506274295444
CPC-47,ERR598971,MES,0.059653540114862284,175.0,0.021284848969653814,10.0,0.11881063470778024,6.0,0.14848466957585785,1.0,CPC,5.581934590053735,1.9916778531334698
CPC-48,ERR598971,MES,0.06025282786986382,3091.0,0.04691453109447697,65.0,0.06717703530743281,79.0,0.08268451075036119,15.0,CPC,1.431902520184013,1.1149192109708799
CPC-49,ERR598971,MES,0.066585392436752,2549.0,0.040231670795806564,55.0,0.07170531022872219,60.0,0.16405741327652262,2.0,CPC,1.7823100261646652,1.0768925075696367
CPC-49,ERR599132,MES,0.054572414786054776,1361.0,0.058589336158006135,35.0,0.0566070924159263,42.0,0.005544043883259834,1.0,CPC,0.9661671581884109,1.0372839948140147
CPC-53,ERR598971,MES,0.11373279856311738,984.0,0.11547193752121046,12.0,0.1601369158017833,9.0,0.2475061568047168,1.0,CPC,1.386803748507022,1.4080099832671698
CPC-54,ERR599132,MES,0.0414034716444547,1111.0,0.01044697220798207,33.0,0.04200638291013189,24.0,0.17315545616576172,1.0,CPC,4.020914584039638,1.014561852949303
CPC-58,ERR594325,SRF,0.13752460037139994,2568.0,0.058480818135307824,56.0,0.1513359026399917,41.0,0.11146508340699884,1.0,CPC,2.587787029412685,1.1004278669510243
CPC-58,ERR599144,SRF,0.09411123309701384,2145.0,0.030067671013166562,45.0,0.11406480246185015,33.0,0.28491857322045905,1.0,CPC,3.7936028504469617,1.212021123389886
CPC-75,ERR594325,SRF,0.10911776764713746,1778.0,0.048142345312962784,59.0,0.12574735416870447,40.0,0.7501677600650508,1.0,CPC,2.6119906155640864,1.1524003549572548
CPC-75,ERR598965,DCM,0.138242551014794,1868.0,0.055442127457904736,47.0,0.14738402449792046,45.0,0.8769789725209676,1.0,CPC,2.6583399890241224,1.0661263367611626
CPC-75,ERR599064,SRF,0.12440120795698555,1247.0,0.06712474137386605,26.0,0.10985012792209453,32.0,2.0599297135381223,1.0,CPC,1.6365072799351288,0.883031039056129
CPC-8,ERR599346,MES,0.05989925617403246,3059.0,0.031823107173408666,53.0,0.057789649681718666,52.0,0.12911634186303764,5.0,CPC,1.815965027136244,0.9647807564390365
RS-376,ERR599097,DCM,0.17561578874654415,1780.0,0.0946258044722704,16.0,0.21536276836263227,43.0,0.6019768957651054,2.0,RS,2.275941214594833,1.2263291922655801
RS-382,ERR599097,DCM,0.12728728224536984,1665.0,0.10417010337724693,22.0,0.10810671268823388,22.0,0.2348038552367747,1.0,RS,1.0377902025951795,0.8493127575765044
RS-383,ERR599111,DCM,0.10722838270223288,3482.0,0.07057878705540242,26.0,0.10858103984175736,69.0,0.11116106834951653,1.0,RS,1.5384373176677606,1.0126147304047357
RS-388,ERR599097,DCM,0.16543167035822826,1734.0,0.0964869945695091,44.0,0.16658400531570208,28.0,1.0450275230229382,1.0,RS,1.7264918039881032,1.0069656248708518
RS-426,ERR599097,DCM,0.250239084694813,3001.0,0.16847648150169153,25.0,0.21726064840381487,111.0,0.2786000027541407,1.0,RS,1.289560693975162,0.8682122885351102
RS-665,ERR599097,DCM,0.14008048473839516,1283.0,0.12736288817144792,32.0,0.16774749772694214,18.0,0.1921627917081712,1.0,RS,1.317083022655163,1.1975079757913176
RS-821,ERR599097,DCM,0.2111372449533399,1298.0,0.09767129595023977,12.0,0.216205417682018,35.0,0.30889460045895356,2.0,RS,2.2136024261638485,1.0240041624574487
RS-822,ERR599097,DCM,0.18041511749809389,5045.0,0.10186277813617607,64.0,0.17093434252999334,116.0,1.1842176289892177,4.0,RS,1.6780844353319952,0.9474502186979941
RS-822,ERR599111,DCM,0.12178379174005488,836.0,0.13175418758918708,8.0,0.09424845047693373,22.0,0.9043652471548816,2.0,RS,0.7153355214090257,0.7738997869117525
MED-592,ERR599043,SRF,0.03816572590872835,448.0,0.05176443247388827,43.0,0.029197847646860786,6.0,0.12161395307688055,6.0,MED,0.5640523087274099,0.765027965580588
MED-610,ERR315856,DCM,1.0063306954626132,2697.0,0.14515666408631564,35.0,1.0885350836163128,80.0,0.2282615354287808,8.0,MED,7.499036234182323,1.0816872510441609
MED-621,ERR315857,SRF,0.08871710823996108,413.0,0.06270371897237215,12.0,0.10507350913068188,5.0,0.2710664475602664,1.0,MED,1.6757141498573356,1.1843658028897897
MED-633,ERR594358,SRF,0.045077415329050165,2831.0,0.03808663520904977,64.0,0.05568461180829129,60.0,0.1110856706671186,1.0,MED,1.4620512288011218,1.2353106628188886
MED-633,ERR594375,DCM,0.03241308955037812,1381.0,0.022174422190860077,24.0,0.05190502221149898,41.0,0.06106379903213125,5.0,MED,2.3407609796882713,1.6013599114279273
MED-633,ERR594396,SRF,0.02117464750909337,955.0,0.03478799836502048,8.0,0.015240915571396205,30.0,0.2951206153998246,1.0,MED,0.4381084364635658,0.7197718670334915
MED-668,ERR315856,DCM,0.672496323291201,2611.0,0.09968580746241383,36.0,0.7579763348012515,76.0,0.7946996423607401,17.0,MED,7.603653459767015,1.1271085187376353
MED-668,ERR315857,SRF,0.06964007150228696,509.0,0.0864788526246054,29.0,0.12098040775069743,16.0,0.4069025602616091,8.0,MED,1.3989594459105423,1.7372240599541096
MED-668,ERR594405,DCM,0.041917345093507086,264.0,0.042206742383174484,24.0,0.0854859470812699,11.0,0.10327752796157093,7.0,MED,2.025409739164055,2.0393931650626294
MED-728,ERR315856,DCM,1.6165082992440216,1836.0,1.6703721836630872,19.0,1.8708908192403009,61.0,2.1808400849205603,6.0,MED,1.1200442856618225,1.157365427765044
MED-752,ERR315857,SRF,0.1571956072518103,2055.0,0.09591603432304757,52.0,0.3043312124505547,37.0,0.6256591949195416,3.0,MED,3.1728919423999504,1.9360032876939692
MED-752,ERR594288,SRF,0.04981508490277142,682.0,0.0679945054945065,7.0,0.014033665048956765,10.0,0.019939298194049247,1.0,MED,0.20639410415435097,0.281715168735485
MED-828,ERR315858,SRF,0.10783243376464943,1671.0,0.08806384131032509,49.0,0.13404470837711546,27.0,0.09052003683295284,1.0,MED,1.5221310629042402,1.2430833998393827
MED-828,ERR315861,SRF,0.10804309118460062,1682.0,0.07257648937019906,54.0,0.14120078957814608,29.0,0.10414352419758888,1.0,MED,1.9455444979972418,1.3068932777653757
MED-828,ERR594329,DCM,0.11028782247303028,1867.0,0.06788589015167583,63.0,0.10794494221147108,29.0,0.07109457391751425,1.0,MED,1.5900939351357442,0.9787566731392116
MED-828,ERR598993,SRF,0.11556311537228707,1905.0,0.08356046070559876,64.0,0.1083620118035866,29.0,0.07511053867709493,1.0,MED,1.2968096500253745,0.9376868341987659
MED-828,ERR599043,SRF,0.10603562493156615,1554.0,0.08404333377480429,50.0,0.11286413717125045,27.0,0.060181402207783063,1.0,MED,1.3429278932898123,1.0643982835400019
MED-828,ERR599073,DCM,0.09398839572414835,634.0,0.08870917991018057,14.0,0.07341502825096932,5.0,0.02995480562358797,1.0,MED,0.8275922325660454,0.7811073663438098
MED-828,ERR599092,DCM,0.1145720983107667,1907.0,0.0810483304665349,65.0,0.1105658297366691,29.0,0.08173426095332427,1.0,MED,1.3641962653668982,0.965032772959862
MED-828,ERR599094,DCM,0.11503987113776531,1932.0,0.06959075612632902,65.0,0.10889041787635904,31.0,0.07422457394527597,1.0,MED,1.5647253160849242,0.9465450265148331
MED-828,ERR599153,DCM,0.11169569257681668,1833.0,0.07599299893296985,62.0,0.11309666648088144,29.0,0.06168446488479917,1.0,MED,1.4882511292999392,1.0125427746741555
MED-841,ERR315857,SRF,0.5078651339961584,564.0,0.5054618702208016,20.0,0.7203366678281418,10.0,1.5988137455326898,1.0,MED,1.4251058492571875,1.4183621194078477
MED-928,ERR599094,DCM,0.21807352376072744,2095.0,0.16846532063312042,24.0,0.19796793431105886,89.0,0.3282753826346946,2.0,MED,1.175125738443157,0.9078036200683919
EAC-102,ERR594359,SRF,0.06621732644867712,706.0,0.05919516558515722,13.0,0.10740860961176912,15.0,0.04660379830122649,6.0,EAC,1.8144827968637542,1.622062009631543
EAC-102,ERR594361,SRF,0.06799630225889303,719.0,0.026041617024689285,14.0,0.05476850763287493,13.0,0.033511053057513326,6.0,EAC,2.10311470216886,0.8054630298033879
EAC-102,ERR594389,DCM,0.06360890058809915,742.0,0.05646755749473716,19.0,0.059546169526015026,13.0,0.032392170438966035,5.0,EAC,1.0545200141083628,0.9361295192257381
EAC-16,ERR594389,DCM,0.041815151026859614,2401.0,0.039513305241860114,67.0,0.04423465104818537,48.0,0.25472154963680504,3.0,EAC,1.1194874935778214,1.0578618027655002
EAC-41,ERR594362,SRF,0.10111225820941758,1119.0,0.04925129364836556,48.0,0.10879967938454488,22.0,0.15597583902771064,6.0,EAC,2.209072520233293,1.076028577654804
EAC-41,ERR594382,DCM,0.08251779828785355,730.0,0.033347248216401906,38.0,0.09521660649819398,15.0,0.10909231498722123,4.0,EAC,2.8553062573649335,1.1538917478874333
EAC-41,ERR594389,DCM,0.09768335871201096,1102.0,0.0569165357965762,49.0,0.10594164735053263,18.0,0.1244044883429364,7.0,EAC,1.8613509390166632,1.0845414075376818
EAC-41,ERR594392,SRF,0.09940641659457873,1078.0,0.060084642894851915,47.0,0.10104648849363443,20.0,0.10692038640566887,6.0,EAC,1.6817356919382165,1.0164986522524457
EAC-41,ERR594414,DCM,0.08524104286755964,716.0,0.02922418862872243,35.0,0.07698990221873989,14.0,0.10208281671581447,5.0,EAC,2.6344581605619615,0.9032022559644222
EAC-41,ERR599376,SRF,0.07739425109185133,418.0,0.03902152421370314,24.0,0.09957824418113154,7.0,0.1037442702316232,3.0,EAC,2.5518799223676343,1.2866361877828922
EAC-47,ERR594392,SRF,0.045690788995097015,1194.0,0.014821028919004706,17.0,0.038976124158067255,38.0,0.1816093423892448,2.0,EAC,2.6297853118746,0.8530411712139553
EAC-50,ERR594392,SRF,0.05384188914174536,215.0,0.030619364946392367,8.0,0.05515013559975382,5.0,0.06946461311002727,7.0,EAC,1.8011521694296835,1.024297930084963
EAC-50,ERR599376,SRF,0.03429347997398792,475.0,0.04738843685302114,30.0,0.04453377062801251,8.0,0.0586720291303206,6.0,EAC,0.9397602787814547,1.2986075097013192
EAC-632,ERR594362,SRF,0.058246386028510476,1731.0,0.04841176584543843,40.0,0.046931378251325324,41.0,0.0291713644165371,1.0,EAC,0.9694209131135713,0.8057388870161545
EAC-632,ERR594389,DCM,0.07994942919838775,1893.0,0.038381373102520586,19.0,0.07817628365689186,43.0,0.001432070694195131,1.0,EAC,2.0368287358577555,0.9778216610265474
EAC-632,ERR599339,SRF,0.08999272641247068,507.0,0.12385319162379263,6.0,0.10088507898924827,19.0,0.0032685337136384115,1.0,EAC,0.8145537282211458,1.1210359215794155
EAC-632,ERR599376,SRF,0.08158330174305903,1308.0,0.08377149911618721,15.0,0.08049218268702488,37.0,0.0010762063046617582,1.0,EAC,0.9608540319349654,0.9866257060854124
EAC-657,ERR599058,SRF,0.07437605546403173,1366.0,0.04471400403402437,58.0,0.06525821731571106,35.0,2.4567133378214274,1.0,EAC,1.459458143494685,0.8774089578771752
EAC-695,ERR594389,DCM,0.036560112821545435,1383.0,0.01590827756765539,17.0,0.03865284755854725,29.0,0.009500734315315234,2.0,EAC,2.429731779205058,1.0572409266682714
IN-12,SRR3963498,deep,0.07467433015831282,1104.0,0.09332476694836356,16.0,0.08092552285601239,25.0,1.3761176956179313,3.0,IN,0.8671387617907297,1.083712738828012
IN-20,ERR598960,MES,0.06634288132190853,1918.0,0.07070768261191065,63.0,0.06012957036394641,44.0,0.04428081014808938,4.0,IN,0.8503965643164443,0.9063454761963995
IN-20,ERR599112,MES,0.089762574911968,2468.0,0.08093868634139095,66.0,0.08518820249065984,50.0,0.051197701090032216,4.0,IN,1.0525029048698031,0.9490392022979026
IN-25,ERR599112,MES,0.10679864345841716,687.0,0.10744555699595372,55.0,0.1166331768393588,5.0,0.11215498746334879,2.0,IN,1.085509537111442,1.0920848155226877
IN-29,SRR3963982,deep,0.14003260198546857,2434.0,0.16247369685624094,53.0,0.12953071629933102,61.0,0.187465188161688,1.0,IN,0.7972411461403606,0.9250039952322864
IN-32,ERR598960,MES,0.054734612257184435,3083.0,0.03809369790432311,56.0,0.04866264939054527,85.0,0.14198164309386113,7.0,IN,1.2774461936661374,0.8890653899563862
IN-32,ERR599021,MES,0.04317560996095191,1786.0,0.03224314056563971,23.0,0.03911107737270629,53.0,0.09235418600892394,5.0,IN,1.2130045859858167,0.9058604477870356
IN-32,ERR599026,DCM,0.03849002435295114,1264.0,0.005483433919883466,13.0,0.038455054771661897,39.0,0.19006866174973555,5.0,IN,7.012951251627219,0.9990914637785476
IN-32,ERR599031,MES,0.054194670194088634,2239.0,0.03556878814851072,16.0,0.049092581109842895,70.0,0.12942346350286235,4.0,IN,1.380215173619808,0.9058562573409247
IN-32,ERR599062,MES,0.05653646347857419,2989.0,0.04445033679072069,40.0,0.05263710204280853,86.0,0.11792721780063845,4.0,IN,1.1841778002860235,0.9310292650822878
IN-32,ERR599082,DCM,0.05644652669690925,2943.0,0.04282795493294472,32.0,0.04816221302303866,85.0,0.15351216110186608,5.0,IN,1.1245508476518602,0.8532360774232686
IN-32,ERR599102,SRF,0.05136067064371808,2085.0,0.019014266749414442,35.0,0.03706528655110618,62.0,0.16277707859961238,5.0,IN,1.949340831260171,0.7216667167028051
IN-32,ERR599164,MES,0.0525527457069368,2762.0,0.0438105387767301,48.0,0.044315153851756064,78.0,0.19557670989406278,6.0,IN,1.0115181207334065,0.8432509711078064
IN-32,ERR599167,MES,0.04785660527182442,2683.0,0.02835560421747782,38.0,0.038756664969000036,77.0,0.09856768557467173,6.0,IN,1.366807939331838,0.8098498576918081
IN-32,SRR3963498,deep,0.15040296999459635,1031.0,0.14730109443674405,30.0,0.16187723330637416,27.0,1.0054678138074737,6.0,IN,1.0989547221313387,1.0762901378356429
IN-32,SRR3963982,deep,0.21843077522939996,3248.0,0.21272377371337667,55.0,0.19576849199939644,88.0,0.4027345905454997,8.0,IN,0.9202943732240021,0.896249586596929
IN-32,SRR3964650,deep,0.10243136937917996,2491.0,0.10456770745401087,50.0,0.09804142283679512,70.0,0.26560974129716325,7.0,IN,0.9375879535267997,0.9571425573143111
IN-928,ERR599112,MES,0.057825888315963365,1985.0,0.02869216067771212,25.0,0.07175706545010474,50.0,0.10293122702930305,6.0,IN,2.500929304562453,1.24091592087649
SAT-1,ERR598984,SRF,0.045107861101283925,1812.0,0.037529763796825696,30.0,0.05217221356060027,46.0,0.0825986569506896,3.0,SAT,1.3901556599994653,1.1566102290563998
SAT-1,ERR599000,MES,0.05173039465591801,2822.0,0.041550342623925776,41.0,0.05720164704100924,60.0,0.1716053322931583,5.0,SAT,1.376682920734113,1.1057647524532332
SAT-1,ERR599044,MES,0.0457673773585607,2725.0,0.04218517769882674,40.0,0.04747334148012999,57.0,0.1466971454888129,5.0,SAT,1.125355967896049,1.0372746751076438
SAT-1,ERR599148,DCM,0.04723880172155449,2663.0,0.04093613865033949,40.0,0.0527762833840674,55.0,0.2324475076295429,5.0,SAT,1.2892345278303312,1.1172231610605448
SAT-109,ERR599000,MES,0.04460883177226508,637.0,0.06319203205837669,39.0,0.0327170565883495,12.0,0.0712309886845995,7.0,SAT,0.5177402201297395,0.7334210578608086
SAT-109,ERR599044,MES,0.046021380937701285,177.0,0.07834539149230313,24.0,0.0339390456838816,9.0,0.056721411043571424,5.0,SAT,0.4331977291506146,0.7374625661456046
SAT-111,ERR599044,MES,0.03100710511522677,507.0,0.03761024447498876,54.0,0.031989253826419976,7.0,0.056701895094220786,3.0,SAT,0.8505462879320871,1.031674956676652
SAT-112,SRR3966130,deep,0.06173051827396067,372.0,0.012825894314630921,7.0,0.11797854553148893,14.0,1.0364007187233961,1.0,SAT,9.198465435420507,1.9111867003594387
SAT-113,ERR598984,SRF,0.05859495579943895,2707.0,0.04084270767247089,15.0,0.05602331528223357,51.0,0.07232299180722848,7.0,SAT,1.371684652533329,0.9561115716853223
SAT-1358,ERR599101,DCM,0.09170364419022813,1283.0,0.05604360476779223,44.0,0.10375876442494425,28.0,0.0,1.0,SAT,1.8513934793247544,1.1314573738172198
SAT-1462,ERR598947,MES,0.035685931048267575,2005.0,0.03829154474841124,36.0,0.04238501309227094,71.0,0.0528058916201474,4.0,SAT,1.10690266926433,1.1877233365424154
SAT-19,ERR599000,MES,0.044015581328684564,518.0,0.012440912512567182,12.0,0.06586448725284177,26.0,0.03564423987601612,3.0,SAT,5.294184585440079,1.496390261462217
SAT-200,ERR598947,MES,0.09291116155198864,1046.0,0.06901158668275538,20.0,0.07442873378240578,22.0,0.040015008094444166,1.0,SAT,1.0784961969437523,0.8010741932309071
SAT-230,ERR599044,MES,0.08259809258961938,1167.0,0.0527071620335136,7.0,0.10412551368986583,24.0,0.06286112047663735,9.0,SAT,1.975547718233399,1.260628549949735
SAT-46,ERR599000,MES,0.1504001422040035,483.0,0.1205016793413635,33.0,0.09754287748920558,8.0,0.1402513196635865,6.0,SAT,0.80947317931463,0.6485557530716822
SAT-46,ERR599148,DCM,0.24803490525526448,528.0,0.1640530976208011,31.0,0.2911486386663978,14.0,0.6727244886822453,10.0,SAT,1.774721982631321,1.1738212344216752
SAT-63,ERR599000,MES,0.09217602901059568,792.0,0.04152998076498153,26.0,0.1068988653368659,15.0,0.13159754298641288,9.0,SAT,2.5740167312334523,1.1597252179802389
SAT-63,ERR599044,MES,0.08540039062195168,548.0,0.04377880184331814,17.0,0.08620959426972087,10.0,0.08925959762567244,7.0,SAT,1.9692086270030904,1.009475409209208
SAT-69,ERR599044,MES,0.04292919808582165,1370.0,0.05722787172313671,29.0,0.03973511770868205,39.0,0.09005831630074555,4.0,SAT,0.6943315645375906,0.9255965515415832
SAT-8,ERR599044,MES,0.028437031733017343,1895.0,0.02162911126972734,33.0,0.04514588037782103,41.0,0.17765778700682155,6.0,SAT,2.0872739436598287,1.5875735836874834
SAT-8,SRR3965758,deep,0.10564304461942284,999.0,0.07002885517569496,43.0,0.16569731206710456,21.0,0.31064219076932204,5.0,SAT,2.366129099945838,1.5684639974550727
SAT-8,SRR3966130,deep,0.12249831064503038,1143.0,0.17673957169675852,16.0,0.14243400738675874,25.0,0.4347242141549761,2.0,SAT,0.8058976607182252,1.1627426258921811
SAT-8,SRR3967025,deep,0.11717285169195366,421.0,0.05487544483985753,7.0,0.2307299828480479,14.0,0.12379258114476954,2.0,SAT,4.204612527905422,1.9691419942106974
SAT-8,SRR3967558,deep,0.08457698750498759,208.0,0.12273170710745704,10.0,0.09552564737524812,6.0,0.2295425295296224,2.0,SAT,0.7783290041880635,1.129451996260979
SAT-93,ERR599044,MES,0.05858100800646111,265.0,0.025385082870882314,21.0,0.040273649075049905,12.0,0.12211260436679268,1.0,SAT,1.5865084734958799,0.6874864473244977
SAT-93,SRR3965592,deep,0.07033208620402832,562.0,0.08696795062569472,51.0,0.09040637829794608,11.0,0.01294306022421418,1.0,SAT,1.0395367218327378,1.2854215362769659
SAT-93,SRR3965676,deep,0.07028986078395269,461.0,0.09921261321783945,48.0,0.1137715484635735,9.0,0.03802028468689631,1.0,SAT,1.146744801628874,1.6186054033208124
SAT-93,SRR3965758,deep,0.0669233895526031,391.0,0.0911499096440967,48.0,0.1109390408169976,9.0,0.032438558157257824,1.0,SAT,1.2171053295627983,1.6577020613965963
SAT-93,SRR3965874,deep,0.07815648421401099,415.0,0.10462291354958947,47.0,0.13464318900977681,8.0,0.0329287194064397,1.0,SAT,1.2869378651547325,1.7227385592357485
SAT-93,SRR3965875,deep,0.06973264639693286,451.0,0.0873926763785322,47.0,0.10828904506032595,10.0,0.038646743285797015,1.0,SAT,1.239108922483199,1.5529174734588729
SAT-98,ERR599044,MES,0.033442917593972527,350.0,0.04092189158800901,27.0,0.08745686920997905,6.0,0.040868969579517474,2.0,SAT,2.137165849772345,2.6151088332598573
NAT-10,ERR598996,DCM,0.054386441996117946,1360.0,0.001005979704595297,12.0,0.09466882389529538,30.0,0.20002223614834194,1.0,NAT,94.1060972332244,1.7406695569835724
NAT-101,ERR598985,MES,0.12554823881169758,1966.0,0.10958536482283282,62.0,0.1272735844046218,44.0,0.09893522572664246,1.0,NAT,1.161410418356371,1.0137424914061277
NAT-101,ERR599166,MES,0.14166645567587202,1954.0,0.14351868230232284,61.0,0.13113713999897336,46.0,0.13959143925105627,1.0,NAT,0.913728706920067,0.9256753080560626
NAT-15,ERR598985,MES,0.0788729743823094,2764.0,0.031522871134980736,59.0,0.07072816921531025,86.0,0.15121681306591345,7.0,NAT,2.2437096199915505,0.8967351588958717
NAT-15,ERR599166,MES,0.07028752165633609,298.0,0.039735552816908805,7.0,0.04230642983220844,10.0,0.06677502431113166,5.0,NAT,1.064699666496288,0.6019052718782939
NAT-167,SRR3960580,deep,0.228987444483242,3713.0,0.22773578488367316,55.0,0.24606896619581786,77.0,0.1395887807983278,6.0,NAT,1.080501978736057,1.074595887783821
NAT-176,ERR599136,SRF,0.043347463462595034,397.0,0.02515850790136278,27.0,0.052502158387646325,8.0,0.0857935177911344,2.0,NAT,2.0868550151498613,1.2111933246786393
NAT-201,ERR598985,MES,0.10309755084568839,1236.0,0.04997843730999359,45.0,0.14130204061575669,50.0,0.34546528907562724,2.0,NAT,2.8272600789681395,1.3705664145916618
NAT-201,ERR599047,MES,0.07263142537076725,184.0,0.08464851065306983,26.0,0.05404107067777279,5.0,0.3336150411084665,1.0,NAT,0.6384172652400112,0.7440452999773193
NAT-201,ERR599166,MES,0.0999625623736042,1213.0,0.06141432972493688,46.0,0.11674075199473327,48.0,0.3162539179943587,2.0,NAT,1.9008715476924185,1.167844733295467
NAT-209,ERR598944,MES,0.05275610217234312,1106.0,0.044909255989301414,48.0,0.035223157366610816,26.0,0.12067999154461707,1.0,NAT,0.7843184348233673,0.667660344798487
NAT-209,ERR598964,MES,0.06797679069183764,419.0,0.045050294704597836,31.0,0.04981640664664945,10.0,0.10067964884923704,1.0,NAT,1.1057953554644602,0.7328443449542138
NAT-209,ERR598985,MES,0.05931673331036898,263.0,0.03202219323547252,23.0,0.028893126124468486,8.0,0.15858380745575046,1.0,NAT,0.9022844223069075,0.48709907832058186
NAT-209,ERR599047,MES,0.056663465884640565,188.0,0.01149457195987614,17.0,0.028522598139042833,8.0,0.08091469977611501,1.0,NAT,2.4813971532481647,0.5033683996159205
NAT-209,ERR599166,MES,0.05998228390926035,257.0,0.04060124538258588,25.0,0.03933838579354573,6.0,0.09056579051660273,1.0,NAT,0.9688960381106488,0.6558334099624453
NAT-209,SRR3960575,deep,0.11012225714621343,110.0,0.08264779767904662,9.0,0.11091206662818932,5.0,0.1015073896664008,1.0,NAT,1.3419845385221734,1.0071721149061377
NAT-253,SRR3960580,deep,0.19531482148479173,521.0,0.1619136280019069,34.0,0.12724976588410297,8.0,0.2126497820361976,2.0,NAT,0.7859113989009271,0.6515110574647881
NAT-276,ERR598985,MES,0.07033229909781373,2786.0,0.0508310560648625,61.0,0.0710306620488004,76.0,0.17580487130313768,9.0,NAT,1.3973871004797223,1.0099294770673632
NAT-276,ERR599029,SRF,0.03789053434636351,483.0,0.02054640522347122,16.0,0.03548634489242922,13.0,0.19967176789785995,3.0,NAT,1.7271315593392138,0.9365490749758975
NAT-3,SRR3960580,deep,0.10287240529269094,2707.0,0.08341220957292243,64.0,0.1121789431950746,49.0,0.5940704770002069,4.0,NAT,1.3448743747401042,1.090466805708536
NAT-46,ERR598985,MES,0.07782747296434647,500.0,0.06887487487229041,30.0,0.108792982811687,12.0,0.08399631942660046,3.0,NAT,1.5795743079521203,1.3978737670375876
NAT-46,ERR599100,DCM,0.06301878839889516,189.0,0.04111300851796474,13.0,0.11897612519226848,5.0,0.2995447784396509,2.0,NAT,2.893880294366701,1.887946884017757
NAT-60,ERR598944,MES,0.06049708416645405,2173.0,0.03723252622493559,49.0,0.07803237199140889,54.0,0.07552653056169598,3.0,NAT,2.095811912411911,1.2898534378402033
NAT-60,ERR598958,MES,0.05089792645096537,1918.0,0.023957197154464496,41.0,0.04824826937612611,49.0,0.0393229002560886,3.0,NAT,2.0139363158822152,0.9479417481301146
NAT-60,ERR598964,MES,0.06028460587473121,2262.0,0.03190616299857613,52.0,0.07942939535719405,56.0,0.1068716059724868,3.0,NAT,2.489468738711663,1.3175734369441658
NAT-60,ERR598985,MES,0.05885966398706832,2163.0,0.032779241164386894,50.0,0.06077919477136115,55.0,0.06335044864322302,3.0,NAT,1.8541977365051052,1.03261199018592
NAT-60,ERR599047,MES,0.057102880527957284,2144.0,0.032706622678222996,44.0,0.06104856644422599,53.0,0.09265172615965757,3.0,NAT,1.8665506079560414,1.0690978437477758
NAT-60,ERR599100,DCM,0.054845398966378384,1843.0,0.022923444357235583,34.0,0.0462337570391421,46.0,0.05110824201462345,3.0,NAT,2.0168765355957,0.8429833296952505
NAT-60,ERR599166,MES,0.059612422161989774,2239.0,0.02669712732063645,49.0,0.07070014175040629,54.0,0.08215284816886671,3.0,NAT,2.64823030962422,1.1859967970817715
NAT-60,SRR3960575,deep,0.1889142504295677,2221.0,0.1749988344361348,50.0,0.20252083823385542,56.0,0.07022357476575915,2.0,NAT,1.1572696406030332,1.0720252060040363
NAT-60,SRR3960578,deep,0.16604587099574358,1139.0,0.16051724455883926,32.0,0.16673297408399687,26.0,0.10042758479891184,1.0,NAT,1.0387231262425463,1.0041380317627464
NAT-60,SRR3960580,deep,0.17510631848201808,2068.0,0.16478777062670075,46.0,0.1697602705830611,52.0,0.15740430230360658,1.0,NAT,1.0301751758486053,0.9694697030621087
NAT-64,ERR598958,MES,0.05453643911126305,355.0,0.0684755932105758,5.0,0.0784063324459742,12.0,0.05039818169654593,3.0,NAT,1.1450259686668132,1.4376870533481796
NAT-64,ERR598985,MES,0.0914878168128015,733.0,0.07476100690295527,8.0,0.1815366443892264,21.0,0.0678404091888775,4.0,NAT,2.4282263162248867,1.9842712474020336
NAT-70,ERR599136,SRF,0.08003030519219062,754.0,0.03245358819215733,19.0,0.07917920432401121,19.0,0.154623757599188,2.0,NAT,2.4397673334360452,0.9893652677428192
NAT-75,ERR598985,MES,0.049827957571779734,1226.0,0.028408226229931024,21.0,0.043618846528234764,39.0,0.04311006796892352,9.0,NAT,1.5354301312300085,0.8753890115885158
NAT-91,ERR598944,MES,0.07163552562834472,1788.0,0.06747846042344266,56.0,0.07266260575057923,44.0,0.08415020851310505,1.0,NAT,1.0768266687562946,1.0143375805960182
NAT-91,ERR598964,MES,0.06656022528936023,1724.0,0.054742263153882684,54.0,0.04756042570884895,41.0,0.08988140985908473,1.0,NAT,0.8688063475774594,0.7145472465288
NAT-91,ERR598985,MES,0.04749846239529696,1075.0,0.046229475486997726,48.0,0.05336536930209003,24.0,0.10465287190141903,1.0,NAT,1.1543580959965534,1.1235178279660265
NAT-91,ERR599047,MES,0.0399776628739221,189.0,0.022495003701118992,11.0,0.09539087565626131,8.0,0.09373855847888997,1.0,NAT,4.240536117427542,2.386104359254225
NAT-91,ERR599166,MES,0.04508525512896065,391.0,0.03111455848840696,31.0,0.0726681780104831,12.0,0.07142357460526624,1.0,NAT,2.3355040707891996,1.6117947608952194
NAT-92,ERR598964,MES,0.04677798863994139,214.0,0.05807096895234464,20.0,0.09707499823015317,10.0,0.25735148111164885,1.0,NAT,1.6716614167367656,2.075228137262526
NAT-92,ERR598985,MES,0.043176663867568105,542.0,0.03101829950495507,35.0,0.07330566525818845,15.0,0.06197317392480231,1.0,NAT,2.363303805435179,1.697807535177621
SP-259,ERR598948,DCM,0.040452445583712464,1803.0,0.037132752835471086,57.0,0.0279529491173496,45.0,0.533986510859134,3.0,SP,0.7527841860043171,0.6910076440126135
SP-288,ERR598948,DCM,0.08554524255355186,1039.0,0.08577284349824993,17.0,0.07746084753637018,14.0,0.2021846871486403,7.0,SP,0.9030929181909501,0.9054956795274641
SP-3030,ERR598957,DCM,0.05991545385816652,482.0,0.05499582930485212,29.0,0.09332814252818727,16.0,0.1606561801285704,4.0,SP,1.6970040039009506,1.5576639500906757
SP-3030,ERR599072,MES,0.0637730217727098,589.0,0.07296947514456815,48.0,0.11102502078590304,19.0,0.14679140050007672,4.0,SP,1.5215269202079185,1.7409402549812003
SP-3031,ERR599072,MES,0.05469297389375263,2141.0,0.06123998327528413,27.0,0.0487924591410259,45.0,0.2037560509067726,1.0,SP,0.7967418756745166,0.8921156716731264
SP-3072,ERR599072,MES,0.03852388176096247,634.0,0.03147717079666969,29.0,0.017635699874653514,13.0,0.12427138386014627,5.0,SP,0.560269535930446,0.4577861593512717
SP-35,ERR599020,MES,0.14560021779757745,2133.0,0.09970944119741784,38.0,0.1692140994890297,32.0,0.22814640308289003,4.0,SP,1.6970719869344912,1.1621830107718778
SP-45,ERR598957,DCM,0.033028950266168235,1083.0,0.0461817262959935,12.0,0.007830802003003429,32.0,0.14507223564322722,1.0,SP,0.16956494767677818,0.23708903673588952
SP-45,ERR599072,MES,0.04183783492706984,2614.0,0.021215359509844905,42.0,0.032181411286069245,72.0,0.08795248445235171,1.0,SP,1.5168921022118709,0.7691939925229564
SP-45,ERR599132,MES,0.039136168980473174,2024.0,0.011321703341567567,24.0,0.02754031554006471,52.0,0.12049727203232136,1.0,SP,2.4325240389359615,0.703704942448655
SP-57,SRR3962773,deep,0.09546515290682178,713.0,0.10587811423667093,9.0,0.09973844872672162,16.0,0.40320498626264,1.0,SP,0.9420119487940141,1.0447628866636893
NP-1,ERR598971,MES,0.049284963593227024,1628.0,0.030604427292912437,57.0,0.051923946808470345,38.0,0.0908346623782695,8.0,NP,1.6966155357690753,1.0535454025496325
NP-1,SRR3968062,deep,0.1573154138976429,207.0,0.06896416784340922,8.0,0.11688689416146933,8.0,0.3723367915018184,7.0,NP,1.6948931280788302,0.7430097996469797
NP-1,SRR3968063,deep,0.20555573037863478,1132.0,0.14433121331165322,31.0,0.19613018754393602,32.0,0.4783324655122656,9.0,NP,1.358889619533882,0.954146046829554
NP-1,SRR3968770,deep,0.18783394720269966,283.0,0.09808810256772577,8.0,0.1455080771227316,9.0,0.36277114189127524,10.0,NP,1.4834426736133906,0.7746633624523025
NP-13,SRR3961935,deep,0.14545448508799877,1100.0,0.0901992782793292,21.0,0.1008928641782332,30.0,0.11446226623247938,2.0,NP,1.1185551159931468,0.6936387290993045
NP-13,SRR3961936,deep,0.16173698800809988,2459.0,0.19091181851442776,37.0,0.13622601860468733,53.0,0.21425055643174246,4.0,NP,0.7135546644766382,0.8422687987602753
NP-13,SRR3962293,deep,0.17950804909260473,2763.0,0.18573752899043489,46.0,0.15297115334649303,59.0,0.2797264765461908,7.0,NP,0.8235877486793245,0.8521687697000048
NP-13,SRR3962771,deep,0.1710261065739319,2482.0,0.14119150422372706,37.0,0.1478510941270908,54.0,0.12970905889784867,3.0,NP,1.047167072409762,0.8644942990804569
NP-1391,ERR599052,SRF,0.1731611539716944,1826.0,0.08863609641238948,36.0,0.20253887770340978,54.0,0.3260843534209746,1.0,NP,2.285060893939583,1.1696553935908602
NP-15,ERR598971,MES,0.031206507332655363,502.0,0.03233895778098178,45.0,0.11888081052612141,14.0,0.0406486502296941,10.0,NP,3.6760866361634585,3.809487850045981
NP-15,ERR598980,MES,0.02749717908474438,429.0,0.039372159587502606,38.0,0.1847443270473927,9.0,0.03805739303176348,7.0,NP,4.692257904644725,6.7186647211346155
NP-15,ERR599015,MES,0.0413924986391124,285.0,0.041772874681946306,36.0,0.12453531654011168,10.0,0.06757049498231017,5.0,NP,2.9812484175031946,3.0086445765425807
NP-15,ERR599076,MES,0.04063930838785084,273.0,0.0426557474486229,36.0,0.19278753849154495,9.0,0.0647404803737407,4.0,NP,4.51961458942314,4.74386858781236
NP-15,ERR599127,MES,0.039000062474886174,281.0,0.03773501022124545,36.0,0.1238515519893802,5.0,0.06621067450344045,4.0,NP,3.282139086837975,3.1756757330615453
NP-15,ERR599152,MES,0.04106846454772385,284.0,0.042942747893435926,34.0,0.13931657538291234,8.0,0.07202328851989051,5.0,NP,3.2442398825671743,3.392300562418609
NP-15,SRR3968062,deep,0.03935974203876404,297.0,0.046807560747314715,41.0,0.10544877402164543,9.0,0.048693689831336484,9.0,NP,2.252814979846923,2.6791022643845737
NP-15,SRR3968063,deep,0.04665027783638712,356.0,0.05655831189947145,41.0,0.1364576405839759,14.0,0.06586224410723311,9.0,NP,2.4126894173666296,2.9251195686885962
NP-15,SRR3968770,deep,0.04870926262583379,170.0,0.059531933607221574,32.0,0.20542120738628233,6.0,0.05587209806818767,5.0,NP,3.450605329596812,4.217292488376404
NP-151,ERR599115,MES,0.0417771394103059,1998.0,0.02758770640899744,31.0,0.036153006269953096,39.0,0.017682975704235673,1.0,NP,1.3104752433555757,0.8653777348152899
NP-156,ERR599115,MES,0.08098261693322886,186.0,0.1481574993886732,8.0,0.13019047075426096,7.0,0.09711511213841571,2.0,NP,0.87873021137271,1.6076347700841103
NP-27,ERR598971,MES,0.0631767888039235,118.0,0.028711704144198505,5.0,0.05379189439121369,6.0,0.08984808243961334,7.0,NP,1.8735179953462602,0.8514502780152864
NP-33,SRR3962293,deep,0.1902197769481021,403.0,0.11456535801129482,23.0,0.11118319682102012,5.0,1.2310473447996861,2.0,NP,0.9704783256563363,0.5844986184131337
NP-33,SRR3962771,deep,0.2231961895320796,625.0,0.15533791859825674,43.0,0.3092745995724896,8.0,1.505205602089334,2.0,NP,1.9909794232041447,1.3856625429890599
NP-34,ERR599115,MES,0.07084743277268737,150.0,0.0628117092669329,7.0,0.0679638911488469,6.0,0.05129473682559643,2.0,NP,1.0820258187851348,0.9592992785907676
NP-4,ERR599115,MES,0.15567205656614072,628.0,0.13400217059238995,14.0,0.18264899498454534,15.0,0.1118509366318643,1.0,NP,1.3630301224010029,1.1732933900500175
NP-42,ERR598971,MES,0.025364794238483854,1373.0,0.040366004072713436,31.0,0.02340231877294304,43.0,0.02678243590574319,1.0,NP,0.5797531687998444,0.9226299473557994
NP-42,ERR599115,MES,0.013197816394705963,487.0,0.034106834039794566,5.0,0.025757618149320524,18.0,0.07668767041110297,1.0,NP,0.7552040192082181,1.9516575605380198
NP-42,SRR3965585,deep,0.050574105988798496,2621.0,0.09816149634956152,67.0,0.04305771516237205,81.0,0.09205027298065917,1.0,NP,0.4386415933294235,0.8513786713680865
NP-42,SRR3965586,deep,0.045365443019812365,2595.0,0.08342041025416456,66.0,0.03914148016645449,81.0,0.07930029463611142,1.0,NP,0.46920747629025766,0.8628038780390682
NP-44,ERR598971,MES,0.04578483619007672,1313.0,0.010681508727239636,22.0,0.02780428587286028,40.0,0.008968758732021971,1.0,NP,2.603029832476258,0.6072815409326834
NP-45,ERR598971,MES,0.040114520322506335,257.0,0.04842863840794901,23.0,0.21687885945586619,8.0,0.07079870738327913,2.0,NP,4.478318337776517,5.406492654336586
NP-45,ERR599004,MES,0.02849380675386779,1488.0,0.0145647481052425,43.0,0.04347553692885397,29.0,0.0,1.0,NP,2.984983785143884,1.5257890005501822
NP-45,ERR599051,MES,0.029053461429510083,1503.0,0.011457030635884515,44.0,0.027860348293189043,30.0,0.11990876999385278,2.0,NP,2.431725041035307,0.9589338730183393
NP-45,ERR599060,MES,0.028820113644080485,1526.0,0.019129146228348562,42.0,0.03429570470265708,32.0,0.337839165656365,2.0,NP,1.7928507782449976,1.1899920009406784
NP-45,ERR599115,MES,0.0454300180124634,1451.0,0.04792346854527675,42.0,0.07677956202536408,33.0,0.06600995541649471,4.0,NP,1.6021286512854322,1.6900623284873044
NP-51,ERR599142,SRF,0.09982904802897692,979.0,0.04308695485405225,23.0,0.10612610429378043,21.0,0.0943955084728409,1.0,NP,2.463068106188049,1.0630783964099877
NP-939,ERR598980,MES,0.04946488643916474,653.0,0.04166108789090913,8.0,0.04946488643916474,19.0,0.1616446960959637,10.0,NP,1.187316245045979,1.0
NP-939,ERR598995,DCM,0.05726322399072794,738.0,0.054644818476137065,8.0,0.041397876104402036,22.0,0.11888215141605707,6.0,NP,0.7575809977752994,0.7229400166345014
NP-939,ERR599115,MES,0.03937303567673215,417.0,0.03135808231489885,6.0,0.04994425749131304,12.0,0.10446567707067875,8.0,NP,1.5927076467805406,1.2684888689146223
NP-955,ERR598971,MES,0.11725495245903009,912.0,0.11788846382545223,10.0,0.15816953995250754,9.0,0.2196806769790572,3.0,NP,1.3416880228984593,1.348936967142376
NP-964,ERR598987,DCM,0.1576074683723026,1098.0,0.15803856893096363,26.0,0.14462926217611669,33.0,0.1129798918746302,1.0,NP,0.9151516819878028,0.9176548780954427
NP-969,ERR599052,SRF,0.14213274164246875,2372.0,0.06317107072750264,58.0,0.1880180272500606,38.0,1.4183622745894222,1.0,NP,2.9763311763560725,1.3228340287913047
