bin,ERR594313,ERR594325,ERR594395,ERR594404,ERR598943,ERR598978,ERR598994,ERR598997,ERR599064,ERR599118,ERR599144,ERR599353,ERR598952,ERR598962,ERR598965,ERR599007,ERR599065,ERR599108,ERR599168,ERR599349,ERR598971,ERR599055,ERR599067,ERR599128,ERR599132,ERR599346
CPC-1,0.04289647706123341,0.04404393970967514,0.0,0.0,0.005673215480179372,0.0015190762004269219,0.03910219418065691,0.009204102242666327,0.003574043957764019,0.0009539870260586244,0.04194646647236136,0.0,0.00196457298138577,0.03244201425687131,0.044002404629715955,0.03126548064387327,0.0011694828212530108,0.027054951945623226,0.03436739423283265,0.0,0.04528624921844221,0.04643611157276137,0.045696082321675,0.04619094032854667,0.04614075236064842,0.008126207578174727
CPC-11,0.05456943734573687,0.05494282141665201,0.05539530811949217,0.05601996900656592,0.042275930171297944,0.04642421365828464,0.05497163555541901,0.05811104543383977,0.05210959717880605,0.05942078130967536,0.055180650574945735,0.043446457044026415,0.0522040223289404,0.056667526625540074,0.05227590470676061,0.057319132035582455,0.053933444448543026,0.052586097929538334,0.05155658779449793,0.049418527749760736,0.05455723053469065,0.03713772795848407,0.055635821905693605,0.042989637143408796,0.039907068618637305,0.04584137878237176
CPC-12,0.0341344911080177,0.08738034284118007,0.048494346480199076,0.04996100948096793,0.05160392682479159,0.07846367082580671,0.10058360064834561,0.09917254908718871,0.03137476583883761,0.08175873044312659,0.08966755610836574,0.05228045453059116,0.0701248905061412,0.0192402767976109,0.07044143524096454,0.014861384910632465,0.07171050057206027,0.06308168217927373,0.035312522795652744,0.050285183172534366,0.03530673548014658,0.012685986628357872,0.021331600509528,0.02441806455996386,0.021920737378677713,0.050083609036296876
CPC-1232,0.03956856220191154,0.05051287943957993,0.0,0.013300757362652316,0.08595540947610568,0.0798167713820535,0.05400644250524894,0.0428346878467814,0.06428780670769778,0.04748413184178062,0.04852203244756693,0.0,0.10020440423133674,0.04695332630320533,0.061762291621826754,0.056050359192683766,0.06765725539070347,0.06410227092803315,0.0632609003754849,0.0,0.043531358597760826,0.0868074229535054,0.04096518840043166,0.03531774836951868,0.04859990664559289,0.0
CPC-13,0.021322875912036975,0.03684668427793247,0.0,0.0,0.0,0.033304892298028854,0.036072406358798284,0.03880652088063006,0.05127464450254931,0.0,0.026617766221865766,0.004332981720652432,0.0,0.0,0.05419654515708975,0.00398532627331433,0.011945681550854079,0.005525192391881152,0.0009155117938216647,0.059428062642202656,0.002512643242144853,0.0028803512797606827,0.0016681030190282002,0.004556565777333096,0.008135753315219808,0.020121142588621747
CPC-1326,0.05677096951252141,0.05574936890723559,0.3230645983677447,0.0,0.14779090293385544,0.1556212559794813,0.05893740610937303,0.18632102619099888,0.05762257776153994,0.2008345414379128,0.05598079844952071,0.0,0.16731031099649946,0.10594289536021859,0.05588214376323738,0.10044923235701395,0.19258944258940153,0.2050111620848003,0.06845321460928255,0.0860936570568272,0.09933283625481482,0.030631141536564967,0.03410017076352068,0.06064840893383116,0.13415748098632677,0.08181780773613555
CPC-1399,0.07141971155411268,0.061514558623063216,0.0005837892262931673,0.0005563705491467117,0.004282291860231558,0.005860066137117136,0.059933612864712715,0.0,0.05388881578686498,0.013372716625275952,0.06100964508051562,0.005382573531837952,0.0,0.0,0.05359819010098886,0.020478177135179305,0.0038005144915409083,0.004886467145568495,0.004710781029441919,0.0037806051387757732,0.05505412082362423,0.08584440351896659,0.05206316686466359,0.08200292332710105,0.0861291027851156,0.006564454564454905
CPC-14,0.08453115727891582,0.060380796103886365,0.00900266813819191,0.01511809053156438,0.06496108376382878,0.05726218365852123,0.02215302032407743,0.0739599429309355,0.18747265852585593,0.06200892143575532,0.10970956417311126,0.02309647023073145,0.06831762720478196,0.2123784231983549,0.05993603326590718,0.3170500924076132,0.06330071432294997,0.07499096790352901,0.2441362920501041,0.012092507244364165,0.0755292981605124,0.07204439232016302,0.0732658338883021,0.06789744500510486,0.06674109138632475,0.02180511571848826
CPC-16,0.04587228615249399,0.1178492339329022,0.0,0.004612081020498451,0.04252407030763585,0.07261264740875706,0.09661338978007991,0.06634622647801404,0.027690485181933715,0.07007948923990204,0.18617059093421645,0.0,0.0413326591886129,0.24234109538833673,0.06159684387581422,0.09792820416486711,0.06121896457038897,0.09039050139091154,0.1670012854494406,0.0,0.08555506258814141,0.11621408833975054,0.0,0.03735475757787495,0.08313258983846887,0.0
CPC-17,0.12048515451372922,0.13636033523659344,0.11087214396645446,0.10433867903191714,0.16636880664474823,0.1651613757959787,0.05197846308811377,0.0,0.1074560076626758,0.16001910359395813,0.05699827438162969,0.008392368952985474,0.10873300021992029,0.1250226770866512,0.07920446328694797,0.12744582173989513,0.13877401538234285,0.09697322600651422,0.12220872013106429,0.03552490905235561,0.12886326807545478,0.13125206567728523,0.12574038888253738,0.1303801323377274,0.14157221320076585,0.10445996188181679
CPC-19,0.05881400505172971,0.06253213960070594,0.1047107852739892,0.12377940571708038,0.10900441249734748,0.07529194854325763,0.12638631103134415,0.08893925371124786,0.04751943669720037,0.09225528288612532,0.16664867757629334,0.09783475250722498,0.11926993002747203,0.11731259850824825,0.07028114889981234,0.0959479542487714,0.15054010766808276,0.14893889089110043,0.102160236002624,0.09649529437718736,0.11822830831836527,0.10074407096198026,0.11343212537417441,0.1236718821394527,0.11510903745304188,0.10625409726075696
CPC-2,0.11156721916826937,0.10441313995183762,0.05377659252635064,0.16935835475007238,0.03828039129704275,0.05759580780208594,0.03665772490108805,0.05222582503636455,0.06778128941494091,0.05411551269060791,0.07994392736102976,0.12825699492137718,0.11011381024995748,0.14427076075643364,0.13275423502411618,0.15644524050426978,0.12436519036190379,0.1316541765627428,0.16884761745284274,0.10086494534959217,0.11478123485108209,0.05040319663213686,0.1054396308022359,0.04908285294874065,0.0501782507418823,0.03683386618550232
CPC-20,0.013094855246132936,0.04892861241780435,0.05679636124298867,0.13553457182458623,0.05063709953631573,0.051872770304023944,0.007438396112071084,0.054163617605159774,0.04693536242259627,0.0630467317732717,0.006905101729894023,0.020877391897488193,0.045287692750310915,0.049837356317336046,0.049986026138181754,0.048263191157653054,0.04903234596044447,0.05004372461669531,0.04680042047904663,0.0,0.002396945911816722,0.010579375492381755,0.0,0.01576501520445706,0.01568066918857134,0.0
CPC-21,0.04770175265463762,0.054515726471072175,0.04440815205810447,0.02692665051671874,0.05337265551160964,0.05559459318296269,0.13906247035644376,0.041648117446396016,0.05147990873767231,0.05016129356821935,0.14547426496561933,0.1333083417982938,0.06302804440962949,0.09725996707709421,0.049662676800959496,0.06623849924628049,0.052299701285674974,0.05214511769528996,0.061749532446042706,0.09436028399053685,0.07204081569678258,0.19590850819751765,0.06920778382837449,0.17414404547991932,0.15668663420350137,0.11011897446690135
CPC-23,0.0002688602105228485,0.0008037214400092949,0.0,0.0,0.09911007581340728,0.09891140883122383,0.004599788717181139,0.03325298905756499,0.046447711343677395,0.03175235128986025,0.003392292559769991,0.0007723785611280639,0.08060814540806023,0.07944881458282461,0.07645697924412204,0.08038965882153318,0.08174463867093873,0.06246871678589904,0.0763794103469211,0.004026099833988754,0.08743360041708137,0.0651943839371633,0.06409204938100029,0.07166318777461386,0.08382678962368177,0.0023601851731371655
CPC-24,0.036956331574404894,0.05004481022852538,0.0028399555775168637,0.01165395571201228,0.06424580014068638,0.058413238275442494,0.02676160036394939,0.045232976980165325,0.0522904926647125,0.04096392909857943,0.0370087189105381,0.1026573096317428,0.062290875332784316,0.10261828307844027,0.06513510038879052,0.10823776598371314,0.0562791989234321,0.07685452181292596,0.12134472776688764,0.015896883864496923,0.11409009109588392,0.11773872670012053,0.11384417527023391,0.10429934092047471,0.10700465386302789,0.043910739746843445
CPC-25,0.0465382494128141,0.08732272169087942,0.10494919505082702,0.09304836395619877,0.07801525792614199,0.0574141969614266,0.10902278172164298,0.10817914402418517,0.09960768331846787,0.1007112623897133,0.19710054811136715,0.04244149600960383,0.15821888552884675,0.09179597177469911,0.06417252273777735,0.07999769695457287,0.0813910394107535,0.05940243010485138,0.08891090894620164,0.09800986140483373,0.05501272937104713,0.06643025267642295,0.07268891054180275,0.05772432513498784,0.054784552565675985,0.05805781301543967
CPC-27,0.008367826486216066,0.01905498108649716,0.007877897310462106,0.007890035854013574,0.04771394833861145,0.036221708296573625,0.01620115983147065,0.030414425765254573,0.037873001367823254,0.022199847046963917,0.018638257329004714,0.24539115678021614,0.0,0.015692939688109853,0.039612282600183506,0.02190649306984125,0.02695176597978617,0.024456382204440803,0.024620440997793945,0.11677292811114978,0.02138391083960121,0.007612500526066497,0.029123261922381447,0.03444081648873045,0.018217937436472535,0.20134462282352694
CPC-28,0.05398647268256055,0.058310525282794054,0.04915414531505798,0.054927432381045166,0.02678674342186907,0.03651688732775203,0.05984845329745396,0.049069742775684023,0.05805221542576888,0.053492555656692246,0.06200874947818886,0.05926636419703354,0.051897195235755825,0.033256797636956686,0.04550467637627732,0.03128223241950978,0.04477796727932495,0.044549364409725525,0.018193466371056476,0.07240429977283423,0.054561130709087,0.04455883252208474,0.05726224462740503,0.042293952263226645,0.043763916194088495,0.08502412462610191
CPC-288,0.058839561152708754,0.057757555356303815,0.07287662284761523,0.02034524008218476,0.06374689409875563,0.06662451246648017,0.053924587130749206,0.11847836097132379,0.06392711219404225,0.12802399066131218,0.0614492087019925,0.0,0.0994653349631277,0.05892103687876115,0.06596220663212836,0.06519084549079764,0.10498927695152326,0.12418759003049665,0.06321448081704145,0.0,0.06512393483320006,0.08284587425955885,0.0,0.08933064610150218,0.06617387390805216,0.0
CPC-289,0.05228291724825092,0.06391456441994836,0.0,0.0,0.05534983075677457,0.0559945572390445,0.048730465299156055,0.0529909324665867,0.061334524758652545,0.05284510715944075,0.05496600872963143,0.0,0.03978381019904376,0.07525782983757856,0.06158924600530544,0.06888645020660739,0.05119886892429355,0.05511977949791357,0.0754117234107389,0.0,0.0674786390543632,0.08489853283798662,0.06374894159267196,0.07881222639930727,0.05917409178821952,0.23280861590672183
CPC-29,0.009376586807492095,0.025193249152660042,0.0,0.0,0.06790255712875616,0.06515767082934776,0.016919271312815374,0.06584674503669001,0.05244359144155565,0.0379797640946684,0.03199456379845657,0.0,0.06046168181721626,0.05403184365333616,0.06319368577859363,0.054560643992729425,0.06165761990036332,0.06483125922694552,0.051469899001687275,0.0,0.017763687241277557,0.046851116622599054,0.04432690165638729,0.07032421064626412,0.04547030272000881,0.0
CPC-294,0.07385733097824704,0.06717989371188474,0.038283918079433245,0.037647613077684605,0.0926856674621225,0.07735724131767537,0.058208019924073096,0.07773542396762327,0.09953434391963241,0.08063726719704774,0.04609393898247716,0.25319620280898025,0.05888631347882764,0.09448549215720517,0.10425790261100266,0.0937547876030395,0.08640806143573193,0.0830708864794235,0.08572117077834633,0.03192731373138507,0.10511388720501814,0.10202280358414698,0.10592234615700173,0.10196249292207007,0.10257677113121151,0.163011680342332
CPC-296,0.004221075866190366,0.0013755485017989742,0.0,0.0,0.006531658263789125,0.009037656687330791,0.0007458787736176072,0.030899002930142735,0.024107460538693008,0.03298518316288405,0.0015295704564677155,0.0,0.028659011513407637,0.007770044539222268,0.00965826139282498,0.007731344097843666,0.034357553286396815,0.037344837735305406,0.00822465921649866,0.0,0.032012194919263076,0.009508258113118909,0.031956203320647414,0.021159468907478884,0.006842614588594857,0.0
CPC-297,0.05192712794580912,0.04687563521982407,0.10369565961042795,0.0409558152293644,0.07361609219067848,0.06290298228786177,0.045230238527252414,0.011125812663764736,0.04587733206031229,0.020890628957024593,0.04726334591843531,0.14723669725247102,0.005048122775307744,0.06997255980116217,0.04802053702184867,0.05981692970071052,0.015379385511397878,0.027867997071220764,0.0628751823991295,0.09069867847821649,0.060996726396005965,0.052902360729327795,0.02915043845701287,0.06192940941752629,0.06335504286232556,0.17615252715449772
CPC-3,0.10536814252127072,0.16859466097214415,0.1236232584427077,0.18296009917716116,0.06690357299527785,0.06358070549846036,0.20631365319414657,0.06865347710642238,0.06871165898300331,0.07184118959179003,0.21126717122782493,0.06220474648726787,0.07644017944542116,0.07760815348140178,0.05980184817814989,0.06184184517291658,0.06350734297827555,0.062446656409610515,0.10577856010736948,0.1127114578660671,0.08295315382093503,0.06619326734469308,0.08729580421620455,0.07277959023442337,0.06263844349937865,0.08797174998853832
CPC-30,0.14021110839692985,0.03977296769755597,0.0,0.0,0.04424989091385546,0.0435360670266434,0.06089160742666741,0.038663426059650965,0.045123437370711464,0.03983112208454343,0.05114809556109761,0.0,0.045668909962718114,0.042531832554865104,0.04827110871324683,0.04359642065180072,0.044958715543477565,0.04246045550551851,0.04279236635935063,0.2570017482786129,0.041340155376895865,0.021675386948708,0.046019744991918625,0.045195418127763544,0.0424526393509153,0.0
CPC-300,0.010456307008649066,0.041798212414215566,0.0,0.0,0.08232029837193432,0.08233352780641141,0.0,0.08371777752143782,0.0639683248903574,0.08346836111298327,0.0,0.0,0.08336694391807085,0.08638457384128045,0.08377497987706027,0.0742957600114778,0.08312593941606689,0.08344938858590795,0.07486238034396635,0.0,0.08371023004382691,0.07996217381992039,0.07444538464273757,0.08437811251793344,0.07939782734324893,0.0
CPC-305,0.12499167695977985,0.11292189633328242,0.006134915151882633,0.0025752042211903137,0.16822284102324608,0.1838074537651475,0.10452822595145708,0.15260588296518013,0.05825751498776079,0.14065904705964574,0.10835165034449053,0.00028861377113653506,0.20143812598137584,0.09079284745480973,0.061259318437339574,0.09212089238854193,0.20997994524693805,0.20012555252179526,0.0769453250273905,0.0002693754618488113,0.10944521242401517,0.09385619048869631,0.1145200405762103,0.11243370629135706,0.11440143848158436,0.0
CPC-309,0.12789134157505108,0.017517278049759537,0.0,0.0,0.21556101086069263,0.09859227238068949,0.03663430038148996,0.06924521851182416,0.0360631757762577,0.0853059834816523,0.03353291118983683,0.01612750594122872,0.03339143469521131,0.0,0.039391263699840334,0.10892156145518488,0.12135274571881816,0.14128221142459807,0.02995722109709739,0.0,0.00848302804717515,0.12274691282531269,0.020839894715752563,0.012297235552038476,0.0345507329228225,0.0
CPC-31,0.0494860178533752,0.00206170141767167,0.0457088201254524,0.044855864185192974,0.004995315557117187,0.0017376959868128986,0.0,0.0027430057691832407,0.0025846062071338484,0.002250875978505391,0.0057206809222136844,0.010571433821559274,0.0,0.0,0.0038416952450083153,0.004759818730558242,0.0,0.0,0.007672296120515174,0.015014633776004841,0.007978492360320825,0.001301064096836488,0.001632692213832363,0.0009279019222163803,0.0038090972686115362,0.07866414966364484
CPC-310,0.0611592827147515,0.036696949575534786,0.0,0.0,0.06586556691364949,0.06002341926902565,0.037529074698472026,0.0016408170504353117,0.06645965637041351,0.001112852352931566,0.034195711025771826,0.0,0.0,0.058066168596841924,0.06723263061018232,0.055241103549988596,0.0032951235510438248,0.006449011278096949,0.04956931878224926,0.0,0.006496874613950885,0.0,0.0,0.0,0.019715225108225168,0.05695448495235597
CPC-316,0.06474749757959161,0.0666233311527966,0.01423386034396733,0.05842997487584117,0.0383493969028372,0.037765194469836894,0.07177984491800497,0.04581442343580342,0.04912729116966419,0.042822821572463074,0.0732579588823087,0.0,0.044997547957300786,0.0451730809784346,0.048850363189484505,0.04327073379375486,0.03977328476436862,0.042117805793202144,0.04746062090441776,0.0,0.0026407942348575728,0.04702821813463494,0.0,0.005750467610843474,0.02094617319678165,0.02438828779466617
CPC-319,0.05782530661803646,0.0757907118548578,0.011933026901865002,0.0,0.06528479324756561,0.06428802098009932,0.07000788767514612,0.09413582838696796,0.05321335709239365,0.08875442840462182,0.0720766606240953,0.0,0.05950071090900965,0.05513869696238245,0.05327011252011011,0.056596811269658,0.06406080138371982,0.07786655107914764,0.05830228748562347,0.10279828538616785,0.04628894410978949,0.045208042842893745,0.06717757871862895,0.08740171537888908,0.048020788847506456,0.06796513617083917
CPC-32,0.1270896902466768,0.09077117686891116,0.0787969430210759,0.07663374242919552,0.07901240963719149,0.057552648603478467,0.16946935354514472,0.15543840685572916,0.049395008193218216,0.12701468068281133,0.1543176889812309,0.052812633419321936,0.11875399443960594,0.08313167873676652,0.0535771398088376,0.07506195755920819,0.10102344268602831,0.122778975025377,0.07499473326730156,0.04838917884347478,0.05739154384568091,0.016607343365324875,0.042461614678993585,0.043740059038302415,0.06100373927727815,0.05162096425511245
CPC-320,0.043538910811293616,0.04394984346725396,0.04608545160498468,0.04292990418356782,0.02063735101907972,0.006007851738382957,0.04387283100567823,0.0,0.04288992994342016,0.01578374219336419,0.04369785839980095,0.1668728515708182,0.007071347368372625,0.03865740088418237,0.04270483182588282,0.04379186535057459,0.012975534716893753,0.006297869481672985,0.042717507159242156,0.01887867575112884,0.004434991879744044,0.006081408528080734,0.0,0.004513386464290175,0.0021632208888572916,0.10242679035335288
CPC-322,0.05022696847642465,0.07477290601759519,0.0,0.055912019909519786,0.1720464546936103,0.17923060378341357,0.06542405082863012,0.17356315101106032,0.04997081501833059,0.1258441475821362,0.06467053053254847,0.0,0.12637254232692788,0.07874653970205879,0.047726602140802474,0.08712755559980387,0.1179938767418506,0.13152445879518718,0.06258475150566217,0.0026182836023319537,0.12573558222746162,0.06366262645025694,0.10249962298814864,0.09427439492873006,0.1392631952131564,0.10786659649621506
CPC-323,0.0935023903421216,0.08578286022217899,0.006877607896376911,0.026208450838960545,0.08348959979805336,0.08169589563629158,0.08475208219217177,0.0564813757011917,0.07976215816452806,0.0667208988939515,0.08334286153008395,0.0438118052412555,0.10123537653684432,0.08251655053452708,0.08083572454172028,0.08081538862361937,0.0834042093383692,0.07711853271639921,0.08193882783987554,0.0,0.10353108575075608,0.08850813046182106,0.16454023402000287,0.06984423990799245,0.07520836299846445,0.02533179361258427
CPC-324,0.09813553819228368,0.10746682812725362,0.0018118789608724836,0.0013679110338976862,0.12579800297490484,0.12237148344994898,0.10839936944237782,0.04063474274933998,0.10893909613933027,0.05108702337025212,0.11185868776281067,0.0,0.06766045039065761,0.11590985657458648,0.11043894639363862,0.10680589970253512,0.051953126826695215,0.05588330210137533,0.09963092353270629,0.0,0.14719118496305605,0.07255843695512568,0.13266972086455356,0.14909441627387374,0.12090546801458317,0.0
CPC-327,0.19459574857133582,0.08020943746296569,0.06575324058096953,0.05886017592408354,0.3456588254450763,0.34834682719913296,0.1354202834773622,0.26554796395760294,0.08561408760155896,0.526926651878753,0.14328150168076115,0.008198901225971632,0.11809123318279724,0.10857025516555092,0.08221284436549603,0.11131291880213529,0.12477730886601943,0.11833822226022166,0.11428270572756039,0.044159698381574394,0.1385217346716977,0.11014596603429404,0.13553411349113817,0.11107937162762246,0.10977945143356836,0.01942295666969734
CPC-33,0.0976726333075305,0.08162033892340123,0.05804720145480787,0.0591667638764623,0.06912741302061824,0.06615182707315713,0.14675621063082242,0.028287412390267344,0.13501483888227503,0.09235308060193534,0.12457091924671104,0.059299010528931946,0.03942286792509827,0.01758102813270188,0.08754105484039153,0.02658952156881138,0.06351043514867748,0.06336386669202915,0.04798977428114707,0.06066310500984645,0.07670790086499563,0.03643429723856413,0.07446922621843426,0.057211183321508215,0.04672877812209985,0.05768489687357404
CPC-34,0.08194379427493857,0.0616870155633051,0.04998583738219762,0.05314232640136659,0.08667456836010642,0.08916469328609368,0.09555995983720694,0.08283940438459335,0.04258525989160656,0.07166905468571681,0.09761170004605703,0.045645717796156095,0.06342315964715317,0.1295007191416499,0.06874140508175976,0.10834260213646997,0.06535502239026703,0.07107016158734086,0.080091019388595,0.05347530985987866,0.15520829299153147,0.22328011025807182,0.20358272680975417,0.1472570872004176,0.12602776526096718,0.050522105885030394
CPC-38,0.116745618153102,0.056170322588990754,0.10793735337210526,0.08472059835382553,0.0732604720809841,0.06592483617882569,0.02108131986769547,0.06283680939561843,0.07397752727534317,0.06567814531332393,0.01918257305055355,0.12335212817893054,0.07996092221470469,0.07544667670240958,0.09228934545849062,0.06504824072750157,0.07727221790566871,0.08129401139903017,0.06688020002198371,0.10954079456920554,0.06923715573561227,0.06952267674228811,0.08100281207562482,0.09085331418971819,0.07737775600460955,0.1650108090354299
CPC-39,0.0053030019099279315,0.03008139720659288,0.06439138552512878,0.061651354200462756,0.05368677940071301,0.04436125073031123,0.006125525254949091,0.038936204282350305,0.050164918865682556,0.04160725941833042,0.004315840983164313,0.06535307564732358,0.05685703933823791,0.05398938885518245,0.04241761685453842,0.05750768315327627,0.048980738789179454,0.05155813361067711,0.05583161624173429,0.054044732460470014,0.05696960965027487,0.039773994497091646,0.06231299546838953,0.046631266480808634,0.053965766280766866,0.06626353988047169
CPC-40,0.06402454554859513,0.06160077108931214,0.09319338023173095,0.09874689556125435,0.04456384513583651,0.04954773870390202,0.016672510608911985,0.06707196714492449,0.06176189386955767,0.06429915885515589,0.010203225798511963,0.08465010123428653,0.04979328423920598,0.07045578403747996,0.08003028465797411,0.06206109146666717,0.06277024292181226,0.06305074838985182,0.05659434977836544,0.05803261796856965,0.06684132178448472,0.06609410905707755,0.06627694301905132,0.06455350267014302,0.05940851066482769,0.08599628862895081
CPC-41,0.24932034492042515,0.2257433359459107,0.04454155300076614,0.04011209475179768,0.04869838479992444,0.049488809346311,0.2172309823849523,0.044178110747629215,0.044188353454184516,0.04555947491956506,0.2825517079591058,0.029230777655811776,0.041845654110012696,0.05371708129316413,0.08265374372996878,0.04758362599775624,0.046298636032740474,0.043292185593474065,0.04089552130136034,0.0433723125659454,0.053958693806892055,0.06784617588128032,0.039540998857952266,0.06885255209972525,0.06957023844165658,0.009183161079469008
CPC-42,0.1031324145082963,0.07516238626644581,0.03506923370755199,0.03056890182777617,0.04238877688039645,0.06077805263157102,0.0991324143082581,0.04522383033346903,0.0828840080444124,0.04380120776859661,0.07831987154677762,0.0031434681823640314,0.04715075250291007,0.05479247591863306,0.05525676041785947,0.07640685330868968,0.059638801294601446,0.03882054912164234,0.03545754661152504,0.013738529421097632,0.04292883499767297,0.027881609314203377,0.04149380250205634,0.05215627064952867,0.04286951062930272,0.01702040232119925
CPC-43,0.06737453877945658,0.09214466288489485,0.060264006068278315,0.06133737244788961,0.06239865583263847,0.0743633287975561,0.09944764889004813,0.05975538234434238,0.06415804784816208,0.06305003190036385,0.08834383990061025,0.05589780079496739,0.06059893855009747,0.051541893572205844,0.07000171703544114,0.05971929850722247,0.059847897712497274,0.058678186826085894,0.061268064651936606,0.0673123567144226,0.04722647161481186,0.03634659562587431,0.04605269279699417,0.027489949357060305,0.03771813947371704,0.068110199619152
CPC-45,0.16537104840819405,0.1411642632373618,0.07395708534274462,0.12154553228045654,0.0,0.08828629000094744,0.08818875565340849,0.11968657220540989,0.05628806812191171,0.07899637192271464,0.11067934388378244,0.057837649229259824,0.06635001636159278,0.04423528866439199,0.05511194817252519,0.04204564686300553,0.08262443334972809,0.07010680672095147,0.047719485426926035,0.049903324071531724,0.1106700795362279,0.0711102559994767,0.12876120516848094,0.06316441298175521,0.06600129915041489,0.053455891925252
CPC-46,0.05866629016905551,0.060049862870492736,0.14511972673839754,0.14740583130862747,0.023035021446118967,0.025194574398330522,0.03353972084528043,0.030389190537007168,0.046649258661265416,0.03911057583388661,0.020580746563738372,0.04118437404417163,0.03693713306591987,0.042603172728215274,0.042523141977706486,0.03806613119111074,0.0395771155592938,0.03896504208103908,0.02228543440759886,0.06091585869835134,0.04643951675229322,0.03889258414192725,0.050919516294624594,0.05131000199143675,0.04770726610849203,0.04390457687549847
CPC-47,0.04993290644145024,0.052790153012239605,0.049950037778965534,0.04586874908851582,0.07305541166588285,0.05411925549335362,0.09500175505744231,0.06307479848158028,0.044982511824373864,0.07122071070368922,0.030269883515034197,0.0488698247482051,0.05929018475988535,0.04567765754001908,0.04793177604602613,0.04599655387741284,0.07254973422642588,0.0727836317693612,0.03920254385493303,0.04822705034179166,0.04386338947810828,0.047942023647535414,0.04595094625116817,0.04772237375323636,0.046556591217698645,0.048029388524939584
CPC-48,0.0498115203561301,0.05578690615600302,0.06468007764586768,0.055859699675365304,0.09331414699266004,0.09440358739753796,0.16856807612617708,0.053306174038200586,0.054488081011635846,0.058009017052147754,0.15765364099928908,0.03800627885618332,0.058604207535263846,0.055807296496722156,0.07354563909501598,0.05653434750854487,0.054439829759490486,0.05379919806781142,0.05428004639544322,0.08361825523090054,0.053999551733489935,0.052738575966742314,0.053712550786290746,0.05111056683521498,0.052145835097424674,0.048698610816217264
CPC-49,0.10944121900000951,0.0667767436718909,0.06524487582624777,0.0603887523176225,0.08208184529029507,0.09012853076536043,0.08673144349535461,0.07108585164798863,0.06732792160068098,0.07355508374089975,0.07461255274678345,0.06948420128657627,0.07650907751412754,0.08973683479272727,0.06553736995347699,0.09903989644616529,0.0727815718422781,0.07555777791896702,0.10264103229291952,0.06721599103250617,0.06315632878921619,0.06456803224514054,0.06372776042924579,0.06680270947400088,0.06624510881276705,0.061840608852324064
CPC-5,0.11514161108506317,0.14237972102409835,0.05694820624852911,0.05703929822425128,0.1340185305327359,0.07365285267635777,0.0916142842766002,0.0,0.034822474635940646,0.16362722476259978,0.2389248333602554,0.051978822316504705,0.0,0.0,0.043641417447884204,0.10619117841274045,0.13947244859284122,0.0,0.0,0.05600036587758842,0.08055096955507962,0.12441560165532987,0.025639840944921038,0.1736518490144616,0.1142333260536187,0.05435880261231617
CPC-50,0.006605342533015685,0.018637546180480743,0.002744632867408259,0.002730191226839596,0.12394675030296894,0.12541504304406825,0.016844698871137966,0.08338879127520597,0.08928448539942885,0.0857318009115849,0.012243341044034134,0.023302019788802798,0.09754688795081233,0.09106433712308094,0.10442236375354566,0.09025639659894143,0.09565133926165732,0.09772216099911317,0.09002637816126262,0.011509162706883751,0.4646431941930196,0.3820507631648598,0.5243692243272603,0.36514284845774136,0.3677965970190342,0.007893206513588515
CPC-51,0.06776920705483896,0.14445937684755242,0.0,0.17432728515571191,0.006483265332097597,0.016065239424069202,0.11307235982617428,0.007332846235558602,0.03212442035956546,0.011725435869148943,0.05968635872470968,0.0,0.0,0.004583452934010077,0.03302764579193419,0.008666574136929171,0.0033331491361162538,0.004033781537629047,0.0477981837058818,0.13294892786547122,0.06972146866020756,0.043070608215804496,0.05921433901930871,0.0446117014077035,0.04360047060719099,0.0
CPC-52,0.17927732709721217,0.38919471756655444,0.0,0.6223662640297075,0.1036388227448077,0.10362620437212264,0.4423137368349598,0.09947592222683137,0.2014322907990432,0.09841013535780042,0.4514933345681402,0.0,0.10147897384570918,0.11981826482468062,0.411408804268974,0.12261553040775176,0.10162306390627654,0.1024596911670429,0.12566228285778716,0.0,0.12341395891220226,0.12857459484057537,0.1158935833771826,0.15347903031556107,0.1606844503805598,0.023315665358335957
CPC-53,0.0,0.04426340912671616,0.0,0.0,0.011377451915503713,0.05087601645636113,0.028147688666732246,0.0650404547265659,0.05252648198895733,0.056924142233387244,0.04053188977192176,0.0,0.04701296866531263,0.050119449629417556,0.0,0.053033121833813264,0.06907178868747389,0.08044150683711855,0.05156755427438709,0.0,0.03421751510132935,0.03282280971386349,0.033655205337224534,0.03383406762655508,0.03562960393369593,0.0
CPC-54,0.07803836236972977,0.0856394841517113,0.09366086590040922,0.10455960171672667,0.17637712508003897,0.15163737240924485,0.08521881456070408,0.07529537937307952,0.07529453478220792,0.07609265599578105,0.16149014228580263,0.13682898331891705,0.08523562147118649,0.10177354071233327,0.06461212621346973,0.12615605249986417,0.10846248100924483,0.1446816517060042,0.0977603589549749,0.10799942862087762,0.04770229881683654,0.05501238234517527,0.04737024438376714,0.053173027720087855,0.053535292203774176,0.07109663134055301
CPC-58,0.04445666257528298,0.04527389496939066,0.058233273136921684,0.0704151488696929,0.03194634990343003,0.031059912250643845,0.04471001773370678,0.0360835548316467,0.042011537034894755,0.05276974052944224,0.04452004880929041,0.1807239489804097,0.05822277383800993,0.04279835639322056,0.042140337169152935,0.044007206344837006,0.04478010204233065,0.04676523864252294,0.04500434111454991,0.0,0.0,0.15118450852165313,0.0,0.2330097045023498,0.018385078681833898,0.04703147437609224
CPC-59,0.05317122034207545,0.05471713897629376,0.06759134369944288,0.03819713796022583,0.0,0.0896597342386919,0.05460621062379205,0.0,0.05498128673322125,0.06183055016756821,0.054605818806657304,0.054486784647726626,0.03539607580489613,0.07495775548836997,0.05258047225540857,0.06788780090089712,0.036087201901977346,0.054598869095783535,0.06101241067269469,0.17134826508291134,0.04840070143239082,0.0,0.03626833221395788,0.0,0.03021740404582091,0.018228442526510368
CPC-6,0.07703761767800166,0.02237644888308714,0.0,0.024599162412626805,0.0,0.01857320865811386,0.05821603185239245,0.0,0.05882842605942943,0.059741127293156934,0.09920707878334113,0.06662498478759497,0.6665869994016814,0.0,0.04852200086965766,0.11603191310137752,0.08154335173527592,0.038041393488103085,0.0,0.062401566241589136,0.038237802167610455,0.07490591481039023,0.04273878440352796,0.09207080371570124,0.06677051826373788,0.06465732819448183
CPC-61,0.032378533998655916,0.04289872500416606,0.0,0.0,0.038161614625103826,0.047034458745817125,0.04103091827445525,0.013609903947754487,0.0339303251908702,0.014898181412261177,0.04370693243373297,0.0,0.009754773888892477,0.04798881558425421,0.03940133871666911,0.04202202829539446,0.008991456485777783,0.016309054272384833,0.052767609748541534,0.0,0.011888718415175055,0.0,0.012114074966394531,0.0,0.0004893897477452682,0.0
CPC-62,0.07134197800846227,0.07980190403894134,0.04052644861360083,0.05559640697927475,0.0,0.033542048701877214,0.04778721328236797,0.057490939074799526,0.04616533264610646,0.0467326697289043,0.05702177093119683,0.02180660782802947,0.028829953912714038,0.02699028566841219,0.043520159405087716,0.012069603108088044,0.011830199662628637,0.010694724466566144,0.004480017813844967,0.04428433570455919,0.030505142625483938,0.0042464212454855375,0.03276814355791965,0.0022523120055522035,0.006408597209593952,0.04499423076649479
CPC-64,0.15879851139700701,0.18486314289369918,0.27847141704729805,0.20206642238211675,0.06565184249528547,0.04200487423447858,0.05486374184015352,0.04792752608458237,0.04364863506071982,0.02515015007376113,0.0,0.4393208131285201,0.21570216222896163,0.1517861023074781,0.04802273853136991,0.11850597263439822,0.2511775335732554,0.33830467737142095,0.07430445711359597,0.12163670377255627,0.16157756914998467,0.2446474963897874,0.19517583717048873,0.14857522742172036,0.12870801880576557,0.30136737960642607
CPC-67,0.1174376815838173,0.056327317941370636,0.06378419080273319,0.0644795119454243,0.10264288377827178,0.015314151607389878,0.04453881068884538,0.1602986301377592,0.09084436502152977,0.0814436002453231,0.054968204565666985,0.028469260142567798,0.11087191957613991,0.0,0.0755537531976223,0.008494170409624897,0.13326948104716227,0.08409416556673945,0.0014655762090826452,0.05850348460941964,0.15432471845089213,0.1349534307392767,0.1761039168169165,0.10618209912527107,0.12720467401383984,0.06364404169413516
CPC-69,0.04786437449504018,0.08729542601594786,0.02226018860174312,0.03593770560988754,0.0008728075756495694,0.0007049722120583976,0.10226918785759143,0.02677654554978981,0.06302512060433546,0.052447590134748104,0.045166706614195494,0.04870092998242879,0.027579358736837808,0.01651290966646974,0.13250809195275579,0.02996536754829429,0.02309960901772821,0.012997539768828982,0.02394598199199377,0.053532533452758504,0.03591332303161435,0.019656416179244428,0.031203983399671464,0.032851235200527414,0.020225644867025487,0.04872649680757058
CPC-7,0.07734944345878174,0.10419846950526501,0.0632039732520839,0.06494639206766187,0.027420219116344638,0.031069612697703534,0.1656098187116241,0.1062382627914116,0.030971764757059057,0.1339268281997764,0.05251377460549342,0.05757839598184034,0.03983545792154346,0.026618403870636555,0.05195786268972592,0.01792582302376419,0.0673401760670646,0.07160346418197337,0.01333059452131812,0.06084196795005312,0.04078794974649848,0.04449176104069715,0.046996646852814114,0.03281280980261991,0.03383387703821083,0.05751869737145065
CPC-70,0.08086952170112675,0.04212276078936757,0.05910024838017561,0.06080996846462204,0.0036282793709489073,0.005041416825152886,0.020017276851041935,0.029877326003430613,0.08630061215796242,0.038178749338190064,0.03591033575937345,0.06425021462525943,0.0,0.03676802077596746,0.06503272464595883,0.04423916831593468,0.025941267246304488,0.025060671097607626,0.010973375078794534,0.05232313009444597,0.054372009002988664,0.1279279409788926,0.06293190135429588,0.10110681385520051,0.10260459869175513,0.06186590149625671
CPC-71,0.001844413163790396,0.0008087835561171229,0.041258433527427724,0.05202060968077011,0.08095640195115307,0.07000555779665833,0.003044758487538335,0.08418668677951174,0.05882738814288284,0.08570043367473323,0.0,0.028752548661797085,0.0775206809248163,0.06265597817203974,0.00412810362221536,0.08250733002488907,0.08232173045901892,0.08308072567706598,0.060517125143558746,0.051399655054712785,0.0383090385635381,0.0,0.025036531716666848,0.028641412830054815,0.048629662080122794,0.08687773840702089
CPC-72,0.0252805087429487,0.028382353566395443,0.03472660433771113,0.025163210211485335,0.13490569099230104,0.10870115766605819,0.04278013434683324,0.14947859630924054,0.022680254169388906,0.16460937859013272,0.05807592249586695,0.04904899981233722,0.10875456219126876,0.08240060659620273,0.03671262786472007,0.06603730397890516,0.10010743426986493,0.11871594081531761,0.03958368576430597,0.158085179398595,0.17910695662010295,0.09463703778980757,0.18828542089962916,0.10616908205189282,0.1070512391653954,0.21627242784481016
CPC-73,0.051338824430382006,0.04742780888692373,0.0,0.07545909869504049,0.03578647339988233,0.03375632088840247,0.047620082563223254,0.04064645983940823,0.054240570419706945,0.0315771409218231,0.04801801127431353,0.31883217683097165,0.01867934880560405,0.05762635310040041,0.05355723504671611,0.05783472452325406,0.028321119333810173,0.029961541897751326,0.05927141171667438,0.42806495925778,0.12980820647017718,0.03203049283874079,0.0448160911191043,0.06761125135396073,0.04527065347532439,0.19056139486925672
CPC-74,0.06484945391633208,0.04939303749880274,0.0,0.0,0.02087051493707141,0.016337345363215083,0.04588870026060575,0.022805435015717204,0.04873752626813642,0.02264405047683572,0.047201486486195585,0.0,0.020974033846201393,0.0433161040274196,0.04944502202398237,0.037455012477145805,0.01956047760745706,0.014389933741218532,0.034112097648922785,0.0,0.042073468857749534,0.19725725719978104,0.016929768285209878,0.15043631557574064,0.1070530813609559,0.0
CPC-75,0.04131230139837566,0.048328102647039704,0.06808248257750346,0.07435279833249797,0.02413264892999309,0.023078973462546545,0.051183289600467446,0.021310338514555976,0.046115248751823976,0.017510572636934677,0.04934105373438085,0.0,0.025674598974628732,0.025223462727184124,0.044984130689491836,0.02025358463038459,0.022508089606187047,0.02360123073135049,0.020457224181123026,0.0,0.01218177039825248,0.0,0.0,0.0,0.0,0.29801345210925306
CPC-79,0.0017311832984730233,0.0022609252810613196,0.01825633842548072,0.01780895202268857,0.10178559260988902,0.09373813797530003,0.013581791049347702,0.0910887063082154,0.0911319306636642,0.09619717661209341,0.005543459780264267,0.08471079026844854,0.09947028657191752,0.09391376033938252,0.04013924155279839,0.09624456768078746,0.09768268913434779,0.08703375109639384,0.08993261966966573,0.03438428179454773,0.0698826309025042,0.07493229376263513,0.07273158987800844,0.08112280056094018,0.07325403364017753,0.005785298292305474
CPC-8,0.06438764161258637,0.028624439388809805,0.028969093105604027,0.02650798487953654,0.0033527297919320573,0.0010658729087808065,0.009506731540644249,0.061867925723746456,0.04988948775809248,0.04662749823294276,0.009846778189189878,0.04659378220722398,0.042409318286312246,0.026070826360958234,0.06140926467063377,0.03702854082583551,0.04369804795027279,0.03641886155920352,0.029793402986486098,0.048322822489006184,0.0572590062029306,0.04036658653378665,0.05462661007786741,0.03488692440168071,0.03347198014825432,0.050675611980440426
CPC-80,0.08872311261793113,0.2518460349834848,0.07708051823030526,0.11330281785783837,0.051981120373078935,0.05838593986086121,0.18886926427522918,0.050676546015684054,0.1848563215106466,0.06305306204439134,0.0,0.05944314939390004,0.057398917212536926,0.047040184651950846,0.060975047516044614,0.06482571901920196,0.07112007336756847,0.06895164181473924,0.06514966165851331,0.05972477663160155,0.06150146139676066,0.12063742083293022,0.06114420510441423,0.1346976410214539,0.11250270477035963,0.051617934840759994
CPC-81,0.06705778721093038,0.08320069428763806,0.07162370393264803,0.08621416202151573,0.08017094153425794,0.06671442753736584,0.16416655449261203,0.0790120068449687,0.07500719675953467,0.07300012234609216,0.14692688375535506,0.1122845425610095,0.08349955822126892,0.08120113530101233,0.06951499959728748,0.0702033844230261,0.0729942004119407,0.07637438024476928,0.04556570430097597,0.20354456069179552,0.08469854227383886,0.10731671287649949,0.0905484156910891,0.11515459375393357,0.11866901207161504,0.0699614833903746
CPC-82,0.020076093532189313,0.06935141164923274,0.0198702016385452,0.0,0.08934122716681335,0.08926331909693769,0.07526136009352684,0.08889924919155225,0.08152487395197226,0.08840993335998666,0.07194653927872076,0.057041635088962275,0.09028450151977749,0.08905383948772472,0.08703484152507908,0.08789177822422502,0.08799386085894062,0.08838550935769161,0.08497803495890405,0.0,0.11173101134329877,0.09780372180645495,0.0885225954732657,0.09203939084903023,0.10361586650825377,0.07035818258687486
CPC-84,0.16885246122494407,0.09747206082346525,0.0,0.9999999999999999,0.04927158280036226,0.051888792845625184,0.1026748940472083,0.04710444185707261,0.04050829734344764,0.0491432041972421,0.08447322459709738,0.0,0.0546332870022667,0.0363444919813697,0.06083191941257623,0.042840465454592164,0.04797124966790787,0.0517073988716728,0.04420897548612492,0.0,0.06425525364922247,0.1282377993500992,0.04416850065497897,0.04879039082668911,0.05789334730182805,0.0
CPC-85,0.08842223492707892,0.09810690403254017,0.1324709836690834,0.06201434697323886,0.18616120366146952,0.17044442093384804,0.07804385284162096,0.21579458049375772,0.061996471065144165,0.12433818180131874,0.07949417657514542,0.2887137318650858,0.19096308630783534,0.11266838720129407,0.06377606396485264,0.1380007739278361,0.07125256552630109,0.16789500727323203,0.11210058219185283,0.6010966098318189,0.1129064581850629,0.21650572409399943,0.21399667408160988,0.11091876529785895,0.12540642898524304,0.2000148421691851
CPC-86,0.03887719459186721,0.08221383498594939,0.08411592541025349,0.590197535501678,0.1556875854885817,0.13051547417115636,0.07745688888721733,0.10023242257202444,0.05548987081934923,0.08007514557245962,0.08812793697081318,0.410103781607821,0.048503914361654174,0.14260396890899163,0.05429695022582529,0.1461569097321436,0.03783569874110328,0.033939302745686004,0.14870748790750674,0.40525538306414366,0.06755326249738419,0.1651467816085492,0.04210956809710041,0.10594974395957396,0.11931911554660853,0.3040616892723461
CPC-9,0.11786057077697085,0.15196246404080918,0.08817163928666823,0.15817068804899648,0.15952740571480525,0.16402711235351156,0.1708495173870801,0.18329151313444061,0.14637344150410295,0.16623072712079248,0.16856342020948706,0.15266984341725814,0.1466377198066728,0.1673023322625918,0.1303697372876431,0.15996098606003134,0.1382480844408724,0.11136423868195033,0.17058631662002993,0.1459851207703742,0.05931258597696379,0.06139211297329705,0.060255494859678016,0.057006776974245096,0.05854307669703226,0.08647708709280989
CPC-95,0.07406456403064986,0.13602694898583398,0.06602820631865274,0.05810681701459518,0.21816863296693917,0.2735102638284168,0.21977117400103985,0.10736092908110956,0.055683272472756395,0.091644895418602,0.20028834364726478,0.05303033173709045,0.10974588241613294,0.09883870739310827,0.061681233834345206,0.13305897427568433,0.1081251597174804,0.1318060266596958,0.16613682624401915,0.05178170401018703,0.06815857916686781,0.03296861897151848,0.06889959551124412,0.05904995980723533,0.058173741235231294,0.054117389891460456
CPC-96,0.01051817895933951,0.049239631905485894,0.04534427584336431,0.023361008914083613,0.07430854018363849,0.0767902067912798,0.055999282508154336,0.016176701723142502,0.050051731716957155,0.04391762243103049,0.05875868283011552,0.019294660228494288,0.07965151147577432,0.09743072053801946,0.05144133874754544,0.09866425403364748,0.03868827709063717,0.03535724409987712,0.09175427921778313,0.0,0.08427449850020498,0.07044223767815122,0.05723726953854407,0.07474399183003765,0.06019772930216766,0.05965841269258506
CPC-97,0.07874053174740853,0.07285398863747698,1.0,0.0,0.06611059180249015,0.06532504375363625,0.06644061985360161,0.07878603061214438,0.06148644851694605,0.07362313447360304,0.06869421284690604,0.0,0.06501120316519186,0.0650316621020465,0.06108785598770095,0.06448965694967351,0.07153169985087027,0.07108286328326122,0.06310823737723605,0.0718785706627776,0.06254296553468232,0.07730016091492434,0.16757191735056814,0.05501337026790009,0.07805941441518187,0.0
CPC-98,0.13423999441293744,0.13395024066732525,0.1988255219999931,0.23555562942622518,0.10777193494952074,0.12045293827763744,0.14557200995343145,0.1015536227754727,0.07877936053557559,0.14828430429504316,0.1654459696348998,0.17873351978574914,0.06576594865205528,0.07916227142393081,0.12032850908670857,0.08608953735914479,0.0951072895879451,0.09934894617676794,0.09190587869542735,0.31428235784424885,0.09499134147645266,0.09195756160036997,0.08573928506484234,0.09219889997620068,0.09185169264558143,0.26716724137119857
