bin,SRR3965592,SRR3965647,SRR3965676,SRR3965758,SRR3965809,SRR3965873,SRR3965874,SRR3965875,SRR3966130,SRR3967025,SRR3967319,SRR3967558,SRR3967690,SRR3967699,SRR3967700,SRR3968060,SRR3968061
SAT-1,404800.2314112262,101976.10418091776,511506.18851851806,195869.23162906666,292068.7919620257,325516.354756446,308580.01174573414,515975.24797777843,2300887.4480713806,7442502.9291080125,1309979.224594068,1551635.4873648693,1587518.6978956938,4197752.684212258,253597.66248089203,649271.6325302866,74777.85700451868
SAT-10,4320.44346722223,55486.89362477231,91351.4445257833,4863.750901113343,56984.528909752094,2867.7734123709533,3437.650896698058,158829.07932618345,3176.9002453853464,71766.96704594938,7200.603752632123,223645.5230447679,4512.21136808198,103108.73337922295,5636.554103856542,175128.528807693,3247.5800405960545
SAT-101,1112100.5567143094,996705.149107879,1536659.8697185277,2451082.9208429814,2291329.061219783,3181048.295934749,1616039.7938776996,1615344.1891987636,2042470.4858628777,1957664.1970716529,1268547.5746791193,1477535.4607805419,1936579.3691512803,1486372.4016548686,669531.5360497022,1090302.1034416584,119833.0152148273
SAT-103,1054.841814038562,354.2162568221287,540.7561156198474,802.6564747482767,444.9186147749533,1595.710009785186,49.68152866242038,212.46218866950574,949.3431552082774,117.44916508952872,927.2026135829327,198.56940653118994,586.5377315742941,148.38216560509557,376.8541748674125,75.72873919215382,199.31828802804068
SAT-104,9798.534787171393,3113.389141368383,9412.476224741622,16410.652500003158,8964.943545613378,15150.859564219945,4909.717493946473,4556.66989505293,51797.95734371647,21520.44236577756,8509.553288496241,16889.86892073355,40379.18305418599,16738.664630939864,29595.31422187544,31966.61814122571,5227.28242961276
SAT-105,3181.657170164726,0.0,498.3612541079944,513.920719112864,298.49477197481673,590.4199774257888,1329.7946052974914,249.2616194514803,793.4086591887648,713.7998079728164,2275.97379973104,428.3170719287705,249.7660328512363,0.0,547.692999815312,299.7397657983655,229.90657360511466
SAT-106,4204.63832037345,2981.950085041272,4420.326824242219,4628.783462179104,8482.406069105058,4022.7726212325533,2420.103990745011,1981.7413581632186,7322.461011818996,6257.57625692625,2248.5347524616154,6557.151270371906,5813.976524675737,6463.78503659093,4314.549983259415,7658.250290248684,1297.1065752129628
SAT-107,149.69690680928298,49.803149606299215,99.85744401274297,199.60507928792754,0.0,299.4453412129265,0.0,89.73354231974918,448.54604553113097,249.30551605322054,841.1728288963874,0.0,99.8000244244977,99.73753280839892,299.398123116691,99.86522715745221,99.72437637811808
SAT-108,94562.78859872321,49196.01618514254,134529.9508536447,93752.99547381549,48339.64792615801,51949.49960898634,78561.8334994036,155366.99628380517,32865.11476226358,68627.38990802823,34821.83776512909,58581.493488229804,15777.73514766276,27298.52694257648,4606.666146253937,19784.14835449942,880.1736559399225
SAT-109,2974243.4164468357,148214.2112861034,1532377.791902329,768173.8705375745,368259.6201239631,677750.8500173704,707935.3556001567,426258.08582756016,1686866.1360623052,713423.9197345045,1593485.9379402774,727128.9370374238,301875.56330098724,361295.9537026421,333768.47407832765,1060811.278236207,98641.85844155672
SAT-110,92400.04166677699,2362.4364903213254,22736.190353096288,15770.387802681491,6446.446675382962,8806.586242997588,15200.719296347983,6071.845400987385,25519.58620530476,21074.55796030264,24156.107430401196,20344.420666123446,52001.374629691854,46199.428930007256,43864.88279667832,103265.54810705908,2383.6632758398755
SAT-111,89603.73258303487,169006.91942883312,289722.5751205468,89424.32843977642,304629.5868787461,94866.8154687839,83834.05745784586,227780.5888143786,382776.51512987,993033.0293079172,315199.29728626733,1076909.969709502,356216.6794752249,1166249.9938623449,196328.45461904863,1528341.8362252268,48357.9750521472
SAT-112,391745.90843201336,23345.20401203312,170212.43709999166,118426.4985129784,49655.591269268094,143567.8314666512,113297.42998970754,65807.80545384438,9293971.007752564,2229986.911794254,573648.5108322764,214438.14161505928,3074114.6508912724,829813.5774665687,136597.70761340394,145809.36619679048,15836.991067070407
SAT-113,55302.004044264766,19559.34139414697,67021.5349954622,30142.76665589502,32492.348653496894,16775.357793320487,33628.96126213959,66576.78704461343,57005.18539208498,122271.30357589749,38036.796367766285,101220.98123337455,179985.44139059374,668524.26888301,27575.568133016244,188352.9786853783,5755.790684408217
SAT-114,986662.1374813925,94423.00626394035,817191.3765640147,491780.77956136945,226884.0035690525,286932.0880083621,87557.62569669985,121633.37723603404,364610.6919233272,112736.85165132345,376702.51200566307,183473.25579014738,684660.1354686208,148849.2948784539,78300.60670245599,113958.35194810967,4064.746971729576
SAT-115,10808.765949373457,5915.811843726427,11549.412967106487,9951.057970195414,4812.326240724998,4834.910996617612,6031.513979809151,5472.314905141643,8608.28787246078,6248.167235283423,11078.441777987764,10052.593226453651,7573.460668878546,2599.0977200132884,2586.105827625015,2557.1871967806555,949.7897364220173
SAT-116,1046.555704898447,248.99820788530462,497.9964157706093,1604.019542166968,670.6325169255276,1531.9470953276086,791.8746515332538,1346.5210573476702,496.6487455197132,848.5246415770611,1886.0683990442058,1297.2540322580644,1804.0834328952608,796.9274193548388,774.9919354838711,747.6603942652329,810.0008253159781
SAT-117,8310.678967329875,249.50293793871404,3017.5102661743836,2841.753874677306,822.7850936480123,4118.508868383896,3473.798618063529,2215.762724707857,1041.4771897341313,514.8904668499541,3675.853253629269,906.4264975299748,2383.664183201775,498.7786237194962,2230.707056238128,493.56733219639625,0.0
SAT-12,465.200631963811,201.5230142351831,406.96767754585494,829.9044784171791,5450.381190124433,1335.565921941318,635.7867123095948,678.5583531117462,1842.8947886805952,1705.8127254100448,2282.544747725957,3893.9398421486103,317.4546802573127,482.9591597185197,55.22222222222222,253.96787555807077,301.1362909672262
SAT-121,250532.01139127597,5904.670721830994,59096.6472720642,65317.85544223757,2402.991778244177,18192.20413467787,142602.0331973824,25565.477176435543,6281.136295607662,1883.7249033241033,304.3214122601149,423.99909371602894,457.315915648897,91.63001363129405,48.36159624413144,0.0,86.65633074935401
SAT-122,1483.1808161492588,0.0,199.56631238664448,149.6966794380587,0.0,117.97723072927587,317.99340459197424,0.0,1796.0278403713846,1556.8598165568976,9351.580769788688,1039.2911590083575,909.9493801871608,0.0,1668.9526294205962,336.112281545505,598.663205138967
SAT-126,18098.16199284992,8365.799797153988,16380.725131914645,7112.808622889262,14450.227150244791,10470.966416685415,5961.128663146061,18935.760869633526,64839.1659286121,62406.70908262067,82691.19671410511,109092.11421075829,62074.1640031591,51172.48215629877,58731.871907261506,82462.12612478451,77432.85989971268
SAT-127,11321.395734673782,16541.419130263912,2213.6934891215487,121926.40894791795,82011.9173113121,347011.8119641492,16673.49623464641,5456.093365765327,97847.95835024098,27452.901911662255,35805.75520944904,7850.265133350469,18966.493179607787,5266.815925903749,16799.874963423095,6717.861069764946,50819.64707722178
SAT-128,3028.131918727414,1180.320153890312,1291.6935958778063,13135.821728704357,7334.388127169177,24779.37950774615,2960.668659899442,1638.5097241350518,9552.682494432656,3211.748260699686,9554.373112891113,3513.611559372794,4122.868457719069,1813.9554751599062,2702.682189322691,1522.647360679392,5157.855411643299
SAT-1289,549.0645151039121,49.90859232175499,0.0,299.3099447788731,0.0,49.90176817288797,149.71451523899256,49.927007299270066,842.8587055054506,104.41836600478207,3500.881263488741,564.0857812864081,891.7811751233487,149.9250374812593,2636.3617292753256,539.3339846140389,642.8128458077566
SAT-129,1768.579304113476,335.5097166109702,559.6698917506319,1726.2034600686839,831.577456219846,2533.2811407970703,567.8632984149064,604.4616349511119,2337.353868867979,1172.7464400614483,1376.7436693515895,1449.030258084155,2260.251224656728,1196.9458314450212,1438.6361584030367,1393.5970521039776,648.3584987627229
SAT-13,0.0,0.0,0.0,0.0,0.0,0.0,0.0,0.0,314.6064819835297,0.0,1383.6216887931978,0.0,0.0,0.0,0.0,0.0,0.0
SAT-130,10948.72288791359,2836.0685128511527,4616.71787141272,5832.071705485081,2306.0916047008172,4073.7632543083373,4394.1514562495095,2692.22340107597,9353.077012728281,4534.52459373742,7828.711951720927,10828.38125948151,10296.032262005954,5070.154254551947,5387.12135979211,6552.733900845964,905.8579706151377
SAT-1308,50938.71808105064,1797.7738245416358,12998.569761627492,22979.764207457047,2086.4292241503886,16273.224280324317,29674.070138694988,5234.395323475299,147817.26102512897,12244.770853294767,181399.98245903122,19967.885871818056,131718.65965149677,22240.50719425896,36407.3419788652,10962.89260117086,1412.6255794799697
SAT-1309,24747.755963112388,9749.813220251754,17554.018632280626,38451.21129850451,24309.6752045221,49068.94803194073,19844.804471341587,12294.926837375315,131102.6573876734,63218.891255657494,33786.66604287727,32107.305905105444,84902.48435195176,38815.729439037736,56742.32066402895,48438.71766760816,9173.829344795207
SAT-131,3413042.329938875,46587.483604454326,39142.02220732106,9350770.824519154,252923.1831244945,14079184.717361765,3121827.838229833,54488.51232786495,6565743.960654149,129020.69287373798,8027604.883690467,98792.30776436285,6106116.656795679,66899.05563872556,4422518.206316811,107012.93335408914,5528033.663402048
SAT-132,396.04006204124676,661.7035392429914,397.84181643626624,2271.3918396403874,602.2189980473198,765.0555737736348,128.55806741227843,444.804589562594,798.126824902502,651.589453002962,3561.975189642453,6661.871628856699,396.5747651473466,398.76955965589235,299.37524507744814,1008.7500201387979,635.2803104231011
SAT-1329,47.53239436619715,49.923076923076906,0.0,149.68197370141138,0.0,308.819076658346,198.49286910272826,0.0,49.9125874125874,49.79166666666666,154.75871157544782,48.99999999999998,0.0,0.0,138.00482897384302,48.86197183098591,0.0
SAT-133,49.99999999999993,29.60354609929077,148.9755995638348,49.87922705314006,0.0,149.36953566395186,249.69910211021107,49.9051233396584,552.1835111406655,0.0,2047.7304114282067,449.0008547868164,346.2616240001232,249.25533921078247,1305.8675531971708,572.6814669528595,295.53153996788353
SAT-1331,1659053.7535189865,160117.95489524186,317847.5598451693,1236596.3861024326,340842.2419125534,1156675.7859676373,1309680.350403508,318365.4961473346,1344858.9503077317,449954.1848398263,3546994.611603397,676875.6493271082,1926540.6484394462,582499.9560977477,1064637.618777712,610021.9158874153,653564.6856829138
SAT-1339,86733.43781238324,22645.431013203975,40532.15222399432,77199.33462120293,7881.305016999747,18255.62256992065,76273.02068139687,56111.19778443022,22698.23019000375,17514.279597032088,136698.979241847,105168.7086077338,85925.5367174984,57958.27539088884,38110.78164450211,52733.973051074776,28578.02956657871
SAT-134,36072.40122163919,2573.448063031124,17653.974027435102,8739.036348384812,2905.7003651974114,8482.707971026846,8340.540593950425,7126.674153425486,199721.4585212869,53831.06693009004,58727.423724560664,29085.772839722868,610588.1529095499,184381.95069988855,59932.73945408401,42412.05318557378,5196.958239835785
SAT-1340,1191.1311832846077,199.63639223658095,398.8415853950026,3113.3003109452743,1744.981950547417,6083.54733001427,981.3116369636869,398.8246884803429,2195.188130485221,1495.4835221320936,2937.1289223927283,583.2592134843662,959.1629651329788,249.54643983521845,1045.6708480759253,338.1018260158191,898.4278613784259
SAT-1342,496.31756756756755,5430.374279859258,12298.406075038367,596.311936936937,17778.150352577708,548.1418918918919,348.1531531531531,34107.95029497621,627.0256836803554,22302.873822860307,797.2753765215599,30873.14097105909,447.81531531531533,21759.32152374888,947.9038676128838,20963.80885944523,149.49324324324326
SAT-1344,99.75704076128827,0.0,49.885844748858446,99.84604950353301,0.0,0.0,0.0,99.9206362778017,0.0,0.0,584.2663273594285,49.53703703703703,0.0,0.0,0.0,0.0,0.0
SAT-1346,99.84984984984982,0.0,0.0,0.0,0.0,0.0,0.0,0.0,2032.0528511527787,54.562058688028245,1880.6881272779974,299.6670448379618,180.67297952502113,0.0,286.8947002344627,100.76434316211372,0.0
SAT-135,149.8284238447577,49.93368700265251,0.0,49.50696677384778,49.94736842105261,749.1853973970696,49.906890130353815,0.0,64.10374702187565,49.921383647798706,99.57446808510639,49.90157480314961,0.0,0.0,49.92223950233277,0.0,49.614385964912216
SAT-1358,99.75609756097559,0.0,149.6639150166285,149.99999999999991,0.0,299.9375,75.33333333333327,79.22751322751323,928.4195220175227,295.5128159753234,1294.274897171367,228.57429322813934,149.8233215547701,164.4286665846859,48.666666666666664,181.5084388185654,99.99999999999967
SAT-1359,7042.281391748816,1493.5007844661643,586.6363384081393,19869.577815748653,10084.71636548435,41459.87820785463,6811.834945990497,1303.2761248725642,13801.721139837297,3587.897829646313,16052.720513614388,1885.411053327132,8504.307773814555,1437.1669138324537,6415.407542032949,1399.2490463970066,11028.38289821605
SAT-1366,3665.119843638463,647.4981773111693,509.9180519101779,4757.984489841996,564.657845715538,4286.605170135929,2732.7357212482266,568.9362425604097,4809.204691814145,1411.4767722724573,8045.758353015608,879.8792571664613,5803.057130844171,1105.4768883056286,2634.1034367260977,1209.740449110528,2920.596671746938
SAT-1367,118.3186239915867,49.72677595628416,0.0,80.8671378596416,0.0,0.0,0.0,0.0,352.0692945109732,49.72677595628416,1855.9956108155934,86.06494845360824,0.0,0.0,49.92826398852222,0.0,0.0
SAT-1369,0.0,0.0,0.0,99.31034482758622,0.0,99.52606635071089,0.0,0.0,99.99999999999987,0.0,639.6994628567888,0.0,0.0,0.0,0.0,0.0,0.0
SAT-137,348443.3407265716,12570.695971927391,16254.924930170235,242538.16309802077,21154.548487870008,79387.95134973567,235899.17567248034,23558.454627909032,56524.41372589601,22618.270528379166,305360.3230553267,42542.622084775314,197633.34077848317,21049.18147338847,68118.95418134659,31313.449500289727,79076.45946860015
SAT-138,2551078.84684693,55736.046411239535,75376.46671959301,3236199.3449293803,126950.5680429584,1707652.7444396943,2843181.0458736457,100103.91703410953,1825156.2170063506,116781.07544305634,6210692.045111144,195897.28947740505,3889378.254906271,117887.52926376819,1808336.4459304991,129370.0507540212,1060291.0929179953
SAT-1388,248.4949439500511,23.6104513064133,99.55871423262724,249.5715252307683,144.66387888965266,349.27065951231117,0.0,149.69214110893267,199.2427061443279,126.32020553971768,99.55645313011787,0.0,449.08129410151474,0.0,149.25420017264645,127.35363067820093,86.62720336753483
SAT-139,917544.8242396844,8619.665444219414,24348.173255138263,416620.5885806458,7889.894460178527,143013.66067446474,495762.00955292076,13566.652315893376,159355.9844448098,10848.353060355688,1140903.7882838727,32174.908620910806,906444.7605631028,19040.831350844954,339963.4675836183,20381.21554084899,144607.64305215323
SAT-1391,819637.0979316974,132332.06587334053,256307.03397121106,647181.2568836104,82532.56047973089,257097.96584215408,593655.9468453592,338622.3009009777,312458.6921245642,129943.76303142875,1327128.217862449,691478.2091067653,772374.2096717125,366397.3800735812,347636.5709280377,322400.5675061557,262084.39200997437
SAT-14,247.87755200673854,0.0,648.6983834349021,149.79324584067658,448.9299017042744,199.67330842593447,49.4911660777385,996.7973233642306,398.98153995405573,548.6275043701501,597.2505438610398,349.4741103283122,249.1366676837647,645.3302801737276,199.48070895591584,748.8235323773226,49.86225895316804
SAT-140,149.73827385779936,0.0,0.0,49.927007299270066,0.0,0.0,0.0,0.0,17.598191214470276,0.0,15.937984496124008,0.0,0.0,0.0,0.0,0.0,49.918433931484465
SAT-1401,5644.508612550835,298.9302447352391,299.52743442192616,8594.207398402423,583.8596415236393,7633.8137416607005,1312.889629963239,0.0,599.075445400237,49.856733524355285,195.62716846071254,199.9255335687496,1895.6436419417569,0.0,349.0626313797987,99.9270605397519,0.0
SAT-1403,1397.842704522034,149.6612894581703,0.0,249.43985187667363,0.0,190.6799060746533,296.7143817913501,198.74267004975178,1293.5748190613187,512.5673759884827,4906.554787626389,699.4860313682431,1144.7097682185713,608.7036473352159,362.0625508193377,199.28757212302932,195.64508464335654
SAT-141,54330.01642949248,36830.60809833568,35613.50728237353,44947.966924891465,53273.60340742876,52163.82582685825,112504.56101055196,243640.88589783854,25967.107626112353,25034.490161432765,2224.8649092682313,2428.1408599359766,3627.7494536546747,4026.487472422625,3359.9857372628667,4077.0454421355976,398.67617523653587
SAT-1415,3228.338355347405,1085.9125041979514,1241.002022124493,5068.434642090596,1335.4219556174312,7572.449586150617,1892.3183555592632,1469.4467628537982,2243.473037432185,1073.5376065698806,5078.949001221466,2592.9798425582326,2418.10984131073,1145.8792794601002,1595.2014518123972,1744.569731772893,1495.8122133396846
SAT-142,348.40920289298333,0.0,0.0,71.52953586497888,0.0,0.0,219.84899071228256,0.0,749.3019401449515,0.0,1670.596753373667,99.99999999999997,1083.9871761840113,149.66731780097706,271.7613123531276,0.0,279.0560029892711
SAT-1431,121.99999999999937,1044.2037815126046,2059.4971988795514,361.8301445741382,3230.039017099377,83.99999999999969,199.8949579831929,5306.6876750700285,48.8970588235294,4463.034115138593,836.5299665083652,7086.254734637218,463.6273602094156,3798.151310081555,199.72677595628352,4203.581734186211,248.3666223551561
SAT-1434,23063.998095206945,3161.659735326574,8732.81895988178,12587.409250308476,3192.2496869829397,6357.490056087147,15865.856763385911,6824.446277831099,8334.102626230107,4331.091072531222,33653.8339828554,22711.642391943413,15785.782492228542,12448.914201604253,10134.789192128173,14562.85293270774,6364.693940424809
SAT-1446,1586.5089201877934,0.0,297.72018779342716,934.4550860719875,99.90610328638489,1442.644131455399,849.2018779342723,299.7183098591549,947.1098591549296,47.95492957746472,1883.8761910739543,299.7183098591549,1298.7793427230047,249.76525821596243,1038.9828568609555,99.90610328638489,543.4892018779343
SAT-1448,62350.52138053587,699.2611832334378,6579.111918828266,34811.45915238329,3254.9995898741463,22120.247394545062,38868.585094539114,6717.848895867311,25931.28931421722,4471.370135659545,78184.03851188655,10158.865629438877,45559.64436368054,5455.266274921727,19217.26807775413,5425.182443146427,16639.137791478457
SAT-1449,18890.92319014893,1139.9803284120949,4414.290954236567,10031.178856105826,1745.2436769870092,3916.2952213413296,17835.4209978449,2971.7156712126894,4817.561439170518,2138.981675979339,27941.79472044756,5662.270238565804,14339.098180997957,3344.8807484613144,6383.136171889235,3197.5022607733135,3637.5814619410567
SAT-145,99.89361702127654,0.0,0.0,49.999999999999986,0.0,99.92038216560505,0.0,0.0,419.77911952976365,0.0,0.0,0.0,0.0,0.0,0.0,0.0,49.90942028985505
SAT-1450,8779.801113729663,340.8817163249687,757.20914373066,21279.780333303403,748.0044838534922,22677.25765655561,7676.485304484045,647.6929407511636,12364.797110132204,844.1916672279142,21604.807587767988,836.037268915891,11864.475448937908,776.5803604908843,8272.991985077024,1331.975267531242,10597.718263657218
SAT-1451,9047.039107476476,49846.67220135408,404778.1843440393,6857.934954797777,5258.981745629367,6532.743511812193,7174.22237870657,525714.2508917549,7476.829808252818,8008.311145432005,9175.96787785743,66018.78314420143,6905.426609940932,26667.71120575301,3974.916199693302,32917.7721621118,3128.179654400871
SAT-1462,686503.5506186362,35362.413452660105,549155.2831792074,92385.62728858976,76131.79703861906,134284.5223442627,618479.7718077552,945937.3355852627,1099932.1505190884,610755.0054960176,78985.82778039729,86214.26704228742,219771.84212423713,153832.84036370044,91086.55665323208,175687.76783553936,40716.47903795812
SAT-1475,685.6520503944676,122.30303030303027,149.6938775510204,827.4062530001263,377.1521306712947,1338.24021464294,966.621126333655,487.7473826872586,958.4455430075852,99.77201459929059,1981.6367817789633,230.750558419244,556.4588038512503,225.315240990013,280.1864372253977,180.43187854486882,266.08273296844726
SAT-149,44876.186513302266,9681.505196451179,224173.68550989009,32567.04687770987,8215.037506707364,9697.13540062419,6704.385522458141,16549.076703769813,5459.811238283605,11977.01974589565,9696.24635950246,26707.050815526945,5245.141954640623,2668.8454859477038,723.410163509517,2178.969743810142,149.5965624437008
SAT-15,9036.413161375662,186.10893246187365,1254.1059523809524,5730.353330220978,1771.6417755991283,3290.198428260193,4686.369915188297,1214.3141106442577,5323.471603193603,1503.3767311932597,15673.091735928283,2976.13955026455,9614.088110799876,1581.1059368191723,3823.7082088390916,1472.2403944911298,3139.264764239029
SAT-150,237814.04873628635,181736.03266988104,307317.66455586016,379506.6347496751,400854.88783330045,532795.1842805247,356250.2835168431,388897.1981567967,638975.5385134845,825370.3826051181,637364.2926332058,1002601.5248638208,377551.36145881267,803529.2652058403,278556.7726490877,936844.2367345698,215109.6118311119
SAT-1507,246.11840832123852,253.37188773467128,435.5295721095068,665.5634718979171,485.83809742538807,670.289517475145,333.97846535339255,874.4210538713402,1556.767735904614,284.8222768900524,3127.533216596664,1075.9571237500104,766.3163786981789,1151.93788393578,385.3370020964361,932.7059925093632,412.82647291288674
SAT-1508,258.8536547911548,0.0,0.0,197.5262167539856,0.0,229.2220851202619,168.47266584766584,0.0,381.5938647081991,0.0,592.1781497222809,11.938461538461532,165.73527491342452,0.0,162.84223180235438,0.0,166.75300772800773
SAT-1509,2329.147303046349,239.27640848840443,839.2472587340873,1938.0231380313605,742.3766402031805,3086.817974389946,1171.7292308403241,996.9365997890404,4568.851593605376,2116.8251322213296,1621.7564681522788,1440.0398822255663,2208.0296005832865,1085.594414650795,1568.2506881347676,2369.5242289426583,397.9928495884085
SAT-1510,0.0,102.86292250542496,49.86187845303865,832.3693963391813,693.0709230985024,3302.9072253972126,494.7016519736601,69.33649289099526,738.1831675415027,83.24833333333332,473.7268584381237,0.0,0.0,0.0,449.1680478544626,0.0,395.6963249090202
SAT-1517,5716286.86764501,126162.65221894855,380123.130112659,3528530.059756821,326832.80224334926,2342643.5400278545,3399175.286812251,355683.0850292632,2682328.083493937,432304.59979293146,9887081.184529018,1040460.5135411631,5613511.094929637,525545.1808737108,2425501.408349928,504621.57672780944,1771181.1444021594
SAT-152,99.42528735632176,0.0,0.0,299.17220217113265,49.960031974420374,445.7768974375749,49.77477477477477,0.0,126.03274120515488,0.0,149.6424996424996,0.0,149.21274211046938,0.0,47.152828652828646,0.0,99.91266292636143
SAT-154,24476.57648025398,1561.2035373303916,796.750057168798,84722.50175486035,5118.477622131504,73675.86507115228,18068.621612711326,1140.0636404496531,108158.86364736072,7060.758413010179,109647.4243429817,5553.338085537515,85630.14380014171,2634.9347076895406,50758.88129888753,4004.5883402170657,102083.11565978375
SAT-155,0.0,49.999999999999865,298.1411862990809,0.0,842.1582246486705,0.0,0.0,1442.3137746377024,0.0,933.7658904540107,0.0,1126.9305531448545,0.0,546.6339071883529,49.999999999999865,794.6692391506158,0.0
SAT-1553,0.0,0.0,48.99999999999999,217.4108221696874,49.32098765432098,140.59259259259258,53.973376274825526,99.0,122.61728395061728,10.271604938271604,28.24691358024691,347.0,200.7001153080027,395.0,0.0,395.33333333333326,62.91358024691358
SAT-1568,3454.6305213533183,199.68646308532416,664.2205404369274,2825.2195225006303,2248.108124891721,2498.633299401872,3629.4723421738713,84.20172599784249,1360.0712649643858,607.819256341885,5082.727654049401,1670.6452340451244,4877.105345409195,526.3764030636255,6936.283561267462,2622.1286548558005,1231.3243008018394
SAT-157,648.1074260197877,348.52785451959613,1886.508331773076,1295.0909612845467,2285.5529680411328,1940.7098723196232,774.7813277544883,3422.738145166323,1053.2509030721485,2283.654382766219,1144.172048567873,1041.8095050864383,795.7248898555144,942.0903139237346,603.7710671968766,1484.0781035325786,697.422680082791
SAT-1582,99.85632183908044,0.0,99.61389961389962,0.0,0.0,0.0,0.0,0.0,1128.8144682353975,99.76580796252928,1815.1944247776007,219.022262888064,1775.0394828377416,0.0,3491.0925698125534,682.003213093933,787.3557308716328
SAT-1585,2930.9364060719454,13131.986603864076,3546.084312525915,58914.641707696195,48226.97757027464,210449.46277344198,21506.311183834507,14299.409790709564,28826.424714776,14893.386786386776,14227.69827261053,3929.1192682481974,3845.2042461459646,1254.933606426891,3489.7826998175506,3618.332714409225,12739.748559059033
SAT-159,202.330708880108,49.92805755395678,0.0,0.0,0.0,340.93812492342965,49.90272373540852,0.0,104.62361013462485,0.0,147.26681766448482,99.32885906040269,149.58128280839892,83.17613939538899,0.0,99.66666666666666,149.17754659133968
SAT-1607,54.666666666666664,0.0,0.0,243.4409293445438,95.7046153846154,792.3944321218104,0.0,49.874371859296446,944.5385218171591,49.874371859296446,1362.1417840493618,0.0,262.3051890553147,0.0,99.74358974358974,67.37763012181617,0.0
SAT-1608,199.19353527470201,99.65870307167236,0.0,299.1693419228492,0.0,149.5584712240236,73.64597101656364,99.70930232558138,147.76310378858489,99.87730061349687,1675.9765797682571,0.0,673.1438429142147,99.79253112033196,0.0,0.0,0.0
SAT-1609,548.3658323867149,249.1901834432017,49.81884057971012,208.51568615254772,391.57608695652175,797.3207320899699,199.4161832943945,99.63768115942027,829.8369427397837,199.39437215698717,2389.7560192902247,299.1592122598987,697.9643815258581,99.63768115942027,245.152543155174,0.0,797.6748431126962
SAT-161,42.99212598425196,0.0,0.0,0.0,0.0,0.0,0.0,0.0,0.0,0.0,99.72527472527472,0.0,49.897959183673464,0.0,99.77324263038545,0.0,0.0
SAT-1610,299.7560514861846,348.2847606924124,1428.3385195760607,0.0,249.30563697850926,233.61742140063419,48.95261121856864,1192.866460917968,1085.3166304842462,1702.0457325689572,1300.4453393045733,3703.3897096174687,1380.9044354935945,1315.998527762653,237.87358703751886,1823.2591781766303,0.0
SAT-1611,19970.29023830472,64559.33182009725,25974.327399152524,69902.12760333942,51440.82882076412,29002.17715645674,33099.487950271054,49455.52780102694,8776.900403452548,18981.143915353518,22400.742201088622,40037.517778124704,11756.051322582704,15323.5570497081,7824.761526951832,19554.67882511068,2123.3561509488404
SAT-1613,339.8505231689088,49.962434259954804,0.0,2090.6088448354208,295.63203185596404,2560.7890684010686,527.8461538461538,45.999999999999986,1009.7692307692307,149.90612777053448,775.5911183401608,93.99999999999999,534.0,147.92307692307688,339.83305509181974,49.923076923076906,1219.2351385535244
SAT-1614,99.33774834437085,99.0,99.76133651551312,138.66666666666663,419.19529837251355,648.0547875064003,49.333333333333336,225.2037914691943,2622.113855251509,269.81792880360945,4063.475619803951,249.66666666666669,384.23526696510726,50.0,0.0,0.0,163.4149689691364
SAT-162,3406.9569549544126,994.856111425053,1001.5257287146951,5355.331637415398,2706.2017876563546,11015.529309237747,2827.198449621026,900.527050753245,4435.869591697629,1989.3014495217212,6278.505688176924,2168.1287260779354,4235.880229558129,2188.660077548601,2338.1986786124753,1612.493401695412,3625.658811620991
SAT-164,0.0,0.0,0.0,49.93446920052425,49.910071942446024,49.88532110091743,0.0,0.0,0.0,0.0,0.0,99.88789237668156,0.0,0.0,147.85714285714283,0.0,0.0
SAT-165,295.4965986394558,0.0,99.82993197278908,934.3550757319503,49.91496598639451,1171.313253371524,644.9013605442177,0.0,1121.8181534745304,99.78091772902184,924.4005549588258,26.596306068601564,684.1678004535148,0.0,360.7253220437111,346.1835899770952,942.9616302661416
SAT-166,94.91582491582487,0.0,99.85693848354794,0.0,49.92223950233277,49.92846924177397,49.927953890489874,70.92928981937588,449.65827042010886,125.51245766811803,298.8834334934322,99.76303317535543,353.7737520520873,149.37031927473393,208.8704924847634,49.89690721649483,99.83813587538717
SAT-168,646.9935066618928,0.0,99.44444444444444,623.9639040178524,99.78448275862067,438.09651424269447,199.6978066676984,0.0,979.0913926911417,49.91071428571424,498.34992006914354,99.78260869565213,499.86623904354633,0.0,49.59349593495935,99.82266865079364,99.80100050339786
SAT-17,3503.549431717501,1016.7266064093517,1977.9629843335651,3072.450318932686,1730.1926451694626,2548.496310908289,1921.7605595115074,3443.7836560326687,5671.17346701631,6057.055694889286,8683.702451419702,9006.48537578086,9490.983480225033,5911.084201217411,7184.109770490302,10041.559130581643,5499.190290355056
SAT-175,1583.6806285631928,99.23167848699765,99.82175250866835,1492.778806791971,249.58031639038478,1256.9279237383328,448.9659816599884,299.60860353005086,199.6915116969581,0.0,99.72636147866417,0.0,99.64413469840876,0.0,77.7874659400545,0.0,99.75186104218359
SAT-176,0.0,394.0183913626864,941.3341305429421,99.65376188466097,1131.4974485393811,49.99999999999996,0.0,1774.9125902795777,185.54748348625532,1419.3061191184959,1355.5972841337295,2449.0807631764387,244.71202530387296,1379.8342191728123,49.86149584487533,1337.1196074201898,49.99999999999996
SAT-177,0.0,148.07227068284038,149.77511244377808,199.60252684356698,293.1597369821439,199.3436421324221,99.86413614142981,49.92503748125932,147.12650495702204,199.6465777394079,419.7478538290912,399.400299850075,249.2679989827364,149.77511244377808,0.0,100.0,49.84615384615383
SAT-179,166711.5602736869,1218.8081082598949,12364.16380779614,46245.49568939624,1999.539775879222,14121.55950983316,152253.35768249296,28312.833610898033,48389.21665072642,11082.858780607328,32866.307410815316,3528.862501969334,56217.11391534348,2056.4741857862023,21742.69700109647,2819.1985629763117,149.682819331178
SAT-18,203.13921292158255,199.4845360824742,99.64912280701753,99.68826734192754,93.95383235477652,482.65955780456414,0.0,348.77192982456137,1099.9840744515868,249.44848367863415,531.0646216670239,573.8872386583793,281.5237378703344,0.0,0.0,22.95334685598373,49.89517819706495
SAT-180,79848.01523482609,1762.3347963970982,15848.497397224442,14370.59193917621,3397.4486145722917,15434.38600389842,92873.00060135058,28339.06984120902,459229.4713775181,45167.32888224368,232944.4492415639,26535.06931492919,126779.81757944284,9114.657380234174,127020.63620603309,17226.308880874385,446.8645514267697
SAT-181,49.86376021798365,0.0,0.0,0.0,0.0,0.0,0.0,0.0,0.0,0.0,99.8207885304659,0.0,99.86577181208054,0.0,0.0,0.0,0.0
SAT-182,0.0,0.0,0.0,99.50894114333991,49.60565110565109,49.93857493857492,49.60565110565109,0.0,97.17119905205007,0.0,323.9291961218069,0.0,0.0,0.0,11.605584642233843,0.0,0.0
SAT-183,14293.993436135457,117906.11862205618,295592.3870361534,30061.26865908799,56470.89207899309,18669.719372175015,25565.521591741577,269219.7521124692,28687.3977314103,1584085.5018043001,5139.222930227314,54028.29200325727,23161.707494840073,165673.8318318725,44550.22783414022,331906.8716748349,1554.4859152442837
SAT-184,1182.8908333428897,0.0,1442.8684659308449,0.0,0.0,0.0,336.5368327760773,624.2374340980551,345.27001307074204,1546.3195017990347,0.0,827.6859021372892,0.0,0.0,0.0,0.0,0.0
SAT-185,5565.098564960263,1615.0948509485095,6234.233062330623,4924.02216147998,2532.5745257452572,6827.040650406504,4144.363143631436,4538.117924169896,6684.161634731926,5556.818479865371,8897.53964031949,5589.1869918699185,6234.513328445335,5491.067750677506,4191.1189477499875,5860.271524723444,2493.296720314142
SAT-189,3693.1357879334178,249.56584713202275,2496.4853641579202,2895.367325721123,349.35965577547915,548.9817085401337,2395.4963601654003,1628.758011495683,844.394410701255,1098.0521221630997,649.0850316650594,948.373946793242,1048.0697889042374,1348.0326353445273,349.3117530409278,1845.453200738556,199.68451215432185
SAT-19,251762.43744375676,166415.58323591395,512511.42745119036,390434.6244641262,206962.05057719396,258664.36414299477,222037.3822315173,378924.40797098196,201201.35141838493,280954.62008039595,213194.21225167593,685157.1804598937,753559.7375092118,826013.2513571028,164350.59144330607,1077427.5340419905,7880.39515029716
SAT-193,42.385714285714286,0.0,0.0,0.0,0.0,0.0,149.74268028713914,0.0,49.87980769230769,99.55156950672647,7481.234910140187,99.74937343358395,2103.3968515081606,0.0,2352.818139749834,99.85163204747768,709.8264925877819
SAT-194,122279.71301560194,16884.46689129905,194976.55959063183,37384.65036258647,31276.30021114024,34066.41929137888,48374.93355020722,78811.8845320445,71679.16722985361,35510.789086639365,71439.93137175728,47154.19638595743,58126.91080555206,42211.597755252755,10264.977152376145,20475.48111194065,2772.6622432682752
SAT-195,45019.60266800673,2777.3578672445774,14402.925643607878,13867.673737440817,6008.164188468143,16810.552857809475,15384.45989579437,28023.68122115972,204092.26455573534,49248.98475445053,260528.7522582133,33835.336532264235,2116164.897244576,18901.632482040197,587183.936892825,17346.13266794126,48.95714285714286
SAT-197,0.0,0.0,49.921135646687674,0.0,0.0,149.64690721649484,99.83660130718953,99.84227129337535,975.5652591431619,199.36827012788692,1088.2109598467734,99.80198019801979,347.8570362087841,99.83660130718953,4506.259712106594,1190.9641519547436,736.7757093775173
SAT-198,35667.5798511745,46869.755205711364,112252.44934987678,53755.45264211548,63076.871330102535,50335.111485198424,23135.03966681463,132173.52574144572,34636.8769222118,87531.97921984961,27746.59665178822,46118.80766822586,13654.040138221311,22773.77698458328,5856.581402449346,18705.015301142834,748.0681816083018
SAT-2,99.8134328358209,99.8704582598248,149.8134328358209,1388.4226550008698,199.58164509860666,975.8925673485866,187.11089608806435,0.0,923.9566401241917,648.8306968349109,895.5002331259013,449.16044776119406,448.8891243229834,299.44029850746267,249.30747922437675,47.86703601108034,199.49120395253647
SAT-20,29301.263771590988,1250.3950407254324,8754.438508405403,5577.445080240433,3221.02150550185,5938.448789423986,10301.959441357627,2600.6836851371954,22958.966689737234,12115.589068051435,42494.67555052376,21689.17755762566,25118.190465218177,23898.994754078867,10893.818439367727,38672.545321581434,886.9284689606156
SAT-200,1326.662915555629,920.5178953182894,249.29117264488923,4408.968225202896,4875.097344106869,8572.16877538382,1179.3712177327373,1238.9144227048162,4334.431230527916,2988.3827078487975,2815.7597065593363,933.2089250726601,1595.6706538155809,439.0726696813746,1349.0713704222944,1743.859202018384,4568.830525742196
SAT-201,43780.90925191096,5927.822219955817,25015.3400679119,20368.72790694056,2062.026105224826,9481.574384746305,41850.11153772975,20060.298962640696,9990.39456209944,3897.2072997728947,48246.583556918034,22498.400083576515,29059.149267061537,11490.318756784965,13921.97867161809,12690.343206494974,6847.762684466565
SAT-205,0.0,0.0,0.0,0.0,0.0,112.58774103521341,0.0,99.49303135888499,41.56037414965986,0.0,158.33588449203648,0.0,249.00067266935181,0.0,517.6384528194258,99.72067039106143,199.7645657192876
SAT-206,203.86740957979976,0.0,0.0,592.2105001619758,0.0,698.2731985448157,193.35183163276352,49.855072463768096,99.68152866242038,0.0,117.66069094706381,0.0,251.80930866092208,0.0,98.64091612426483,0.0,199.77777777777777
SAT-211,99.7219328349062,0.0,49.874371859296446,0.0,13.2394366197183,0.0,49.96304508499618,49.874371859296446,112.7295374221023,0.0,246.44121552299242,49.874371859296446,340.2206552217021,0.0,0.0,0.0,0.0
SAT-213,20801.51297578768,149.60741254430573,1511.4369158622972,3615.9867273334703,427.7800940404286,1302.7413659120348,16156.52977533212,1190.740568066499,1625.295542639108,468.31909385113266,6003.715430520302,1562.7079470666436,3573.8108619831437,627.8337729502225,1074.2847885516342,634.6734418126858,1303.5097920980033
SAT-214,451.1729957490104,0.0,0.0,641.5481780722207,0.0,99.7688152110587,383.0198139535681,0.0,594.9240290569604,49.87341772151897,448.6193174351357,0.0,343.41906192952536,0.0,149.75490791956645,0.0,71.82824318353124
SAT-217,1106.1904364697532,898.973221071786,3226.0048834175686,863.4233948891293,1022.5811673894069,1415.1047351683578,697.6652577222089,1165.9211852257592,1367.074276423159,1846.3343680213895,1096.652054409296,1585.2257950756396,1870.813184206161,2495.40989179561,1877.0233475051098,2885.2453641482975,1047.4074051999169
SAT-22,94236.04573326455,71136.16021616897,66196.61732785641,183768.47097712866,57417.96357374384,158946.42241211215,127070.0807750841,97593.25716115203,162087.46725762004,149259.21490572958,99784.64094377389,85067.80162601567,106913.25795963257,176473.2965123015,16904.871876110043,52454.27631526906,12374.050296741516
SAT-220,49.85380116959063,0.0,0.0,49.85380116959063,0.0,99.70760233918126,149.63460963845134,0.0,642.3627392006307,49.85380116959063,1743.1277249833283,99.37347512464197,149.5614035087719,0.0,49.85380116959063,49.874686716791956,99.7284878863826
SAT-221,98.18181818181817,0.0,0.0,0.0,0.0,0.0,0.0,0.0,191.94329503381564,0.0,269.6743434970978,0.0,49.999999999999986,0.0,0.0,0.0,0.0
SAT-225,6637.661088794099,1750.5335999274926,1942.5322200493827,29105.45912773966,3175.044823627753,12281.616127987936,8095.668558748896,3345.229096154128,3131.619888131735,797.9852612045886,6367.176962770826,4279.140804261457,3975.271008867268,2105.79508890808,1575.7169778111843,1489.340778788109,6019.059102397194
SAT-226,149.60570772722582,0.0,94.37068112633182,99.80332776385404,149.65562053281346,349.0929621082068,99.68593945068665,49.86072423398329,449.3282700852085,99.84091341127262,99.77578475336323,149.78293063641755,49.900793650793645,149.68947967826887,99.80332776385404,99.80158730158729,99.78837886191886
SAT-227,1018882.4117513663,6505.189688655543,25630.761859288446,391750.71845356707,14761.816030425296,531196.1915668676,263127.9817161075,14697.367830418194,369666.0950003305,13511.97171857683,478241.6983074452,8635.979921548267,17980.790301276822,548.5918873117413,1503.6529646057672,376.21446117658996,199.6537910984365
SAT-228,199.38650306748465,47.914285714285704,49.88814317673376,49.87373737373734,0.0,0.0,199.46953788720987,0.0,398.97116768635294,181.17356904641883,2211.626954179174,149.64548322931915,448.5487908883325,49.84662576687115,49.88814317673376,0.0,199.38650306748465
SAT-23,27259.185198216423,4443.028561467706,33202.06604038486,13003.698175468915,13944.343266058993,15021.039594066218,10864.06728175045,11959.189460162199,17398.26577654045,6815.741048922252,14145.985672467847,5715.430725807256,6859.5141233172535,6628.951549941907,2133.0638991905616,5094.066110656067,1397.4963935910187
SAT-230,23301.91536208212,1709.7564054863924,16236.549330361488,5337.047914231881,2450.1908933923078,2886.588265064677,6385.428487766445,7573.107246705463,11589.985998219612,10948.59483550513,11581.308773531253,7349.575742329424,13252.971277677403,9625.748210812439,7296.623523742861,9613.976130446987,2467.3497297102963
SAT-24,311.0953502356932,0.0,0.0,580.2411050677433,0.0,99.83041543577525,248.50284130060368,0.0,148.99276224885622,226.34569964339204,1130.7232828181634,236.3356909439282,953.2915517373666,0.0,681.6955638381452,231.44816323263302,609.944919761775
SAT-25,22728.667969716433,2241.698619470115,8049.333547305758,12257.799919968173,2438.2377375777482,8595.763748580594,7495.872660082061,4643.337218917832,4874.477345632934,2362.166948773371,1474.1660528078523,2084.8644096534763,3742.269202583818,1543.1513580500007,3025.4159917960746,2505.482870063778,394.3489106839953
SAT-2595,0.0,0.0,0.0,0.0,0.0,0.0,0.0,0.0,49.941588785046704,0.0,0.0,199.2190166937263,189.28262204712615,199.2779783393502,0.0,0.0,0.0
SAT-26,168326.50881336883,34974.05417562614,113090.34175620232,131549.22631043024,15254.831971583611,36600.24178544183,168116.50961898267,143944.521140473,74472.06446974815,50029.94695981275,91420.10127651003,48681.881383439446,46166.11064965515,24115.62296871088,18985.116088430972,47427.36296479644,1628.8693319898543
SAT-2619,783.843707836816,49.875930521091774,0.0,1346.6033263888544,199.74843312141016,2197.3300676964836,591.6139523119966,0.0,546.2291998183487,49.393772893772876,796.7945197981971,0.0,860.3420117734033,0.0,498.8110991655868,299.63107486059266,333.1916172536289
SAT-27,7496.765188557763,11236.142938958048,11043.892964238226,12296.530519414366,35729.64009012832,25627.431389999347,7265.558696598824,14433.380713048991,8521.682893342026,10227.445420034785,6775.5726313730665,6519.19152832176,5147.258957078639,6652.112655760062,1574.7221504186482,4859.403557518305,1967.6726715808265
SAT-2755,0.0,0.0,49.81818181818181,0.0,0.0,0.0,0.0,0.0,49.88505747126433,0.0,0.0,0.0,0.0,0.0,0.0,0.0,0.0
SAT-2756,149.8015873015873,0.0,99.80759980759976,149.81141856141852,0.0,49.96072270227805,49.93386243386241,0.0,195.49367088607596,49.037974683544306,145.53216319232035,0.0,98.31965068159684,0.0,49.36708860759494,49.36708860759494,0.0
SAT-2766,0.0,0.0,0.0,299.4507383556112,381.667577555177,963.8870821753422,99.90933816863094,0.0,0.0,0.0,0.0,0.0,0.0,0.0,0.0,0.0,0.0
SAT-2787,0.0,0.0,47.11877394636015,0.0,0.0,0.0,0.0,0.0,49.963235294117595,49.92012779552713,0.0,49.892241379310306,0.0,0.0,13.758620689655173,0.0,48.4367816091954
SAT-2788,23753.430783703858,396.31729987590126,1755.0931678915313,35131.724166016735,7251.9479696237495,62863.97055681877,13538.29397571035,1519.266089248469,19393.355845518367,2413.6360534888854,13492.49466211984,2143.773134712047,7605.517822755011,845.1974722027442,4317.282039386585,622.1125209439496,96.08947933440683
SAT-28,5683.1176407647845,845.2126400284185,2758.3609825453077,3568.5596349741413,1153.9004153443327,2414.859710058834,3931.253783043443,2208.7638831623963,10431.117421114757,5246.608486832042,12145.899803818304,3729.899290918696,10017.784852492163,4811.72144064016,5836.805619787861,5057.947536893714,249.62755574684996
SAT-2910,0.0,0.0,0.0,0.0,0.0,0.0,49.960095770151604,0.0,195.4160401002506,0.0,1921.3818128814366,0.0,99.77316700610996,0.0,49.89816700610995,0.0,49.89816700610995
SAT-2911,2030.1020503596649,296.5192307692308,1582.6346153846152,696.6730769230769,529.6153846153845,736.8846153846154,889.3069833881095,1188.3639910813824,1418.699760190657,2607.211538461538,1827.843262586583,1988.1580041580041,998.1780792397981,2230.871198769784,1188.1753772543248,2737.9719883889697,526.0192307692307
SAT-3,1629.9286139135183,197.20075143273002,155.53819378657738,716.7027607314184,1195.7352886944664,6093.234876249337,1784.1840063566906,512.0183212084553,49.86263736263734,246.9778537788742,498.6263736263736,198.19633699633698,336.10658844284137,347.3284727632553,99.72527472527472,49.45652173913043,0.0
SAT-3021,0.0,0.0,66.44195878357073,49.85465116279069,149.8134889058618,49.84984984984983,0.0,0.0,199.51705588384723,99.38650306748467,0.0,49.91638795986618,99.80119284294236,0.0,0.0,0.0,0.0
SAT-3048,0.0,0.0,0.0,145.59457056008273,0.0,0.0,0.0,0.0,0.0,0.0,0.0,0.0,0.0,0.0,0.0,0.0,0.0
SAT-31,38341.50414184403,5756.958213822652,24894.309904522674,21272.45918987828,6101.203700043242,10596.822899981009,33398.764904056545,26722.796065413764,29473.236450328262,18808.559300447538,36542.673853147724,24523.919926361214,20539.514801453413,13862.738362143606,8138.302838662926,17179.969320092212,770.6628867379482
SAT-33,153634.3339690714,1046.6638525899805,3092.577820228883,401133.3571612207,4394.885592474425,401790.7164684643,187579.27533349773,1601.3224648064331,10594.216148172565,3391.2515868611517,7730.16597558826,2020.5015414838501,15070.762894076404,1019.5421783991536,15424.321780361213,1894.3404478323146,0.0
SAT-35,60697.13599426434,8901.278018796205,37313.91795784747,25647.24122838271,4882.097330018283,12487.625277520252,23471.109912715336,26317.577471956178,3217.1880977076044,2756.6786700245493,2427.1235801691596,3121.158131982556,2873.2086244210336,2711.024250954077,1533.1953554601869,3513.2623833445314,583.8726542137141
SAT-37,29216.0322444162,24109.919125568886,56773.57897219028,41292.745869563194,29113.24261278048,40543.27448640318,15686.491914971182,53719.76070371856,31291.169106595666,50372.782571319745,24007.14221443722,42295.21086261888,12601.178417108522,17342.011265844678,4381.776763202826,22411.730514361647,540.4326785296437
SAT-38,99.85569985569985,0.0,99.65986394557822,380.7825218472647,0.0,952.1977603424284,258.2032580696657,99.80582524271844,440.6932560141948,149.17159601270674,609.1685226000261,99.23076923076924,184.31854707894797,0.0,147.22272425549886,49.87277353689567,0.0
SAT-39,2394.826851754314,548.4495800350371,2141.0566465299894,1336.5478499938913,632.3411009801373,1248.9375289186303,996.8949049967242,2144.1941710868814,1348.337796378702,1614.426623189396,798.9091246997157,1348.0216647020761,1695.8555336503132,1346.7265147153223,648.8509564289369,2095.593313085269,748.6484507618404
SAT-4,336632.9394648278,84794.27065930975,332064.08951113187,147901.33804770035,126259.05229158746,159137.2771824468,132185.070519418,251620.0812604139,123982.21780824014,164917.63192182,115070.08705952216,115708.78098781704,42333.88740247404,42765.294267248304,5545.952185726162,21233.06014785925,586.897737846538
SAT-40,1094690.949961935,85165.25721579406,1222994.8231715711,423483.1991118958,95842.61335115005,158267.20946639217,434827.7965792992,1241532.8665519056,78311.15422585065,195694.44268574144,40130.996841329776,60944.23747828889,36980.23803875536,45520.36972055993,18197.95004000991,54250.39920549367,10117.73929048679
SAT-42,12475.44530866606,6234.791966291483,15503.828183107486,8933.893210295291,10941.884790628406,9450.051666250423,12022.540766318542,17402.60286430199,12017.53159140295,19353.491814814977,26624.862560668713,25726.917314921717,9975.720013831531,18793.765848777988,5262.578381941199,15327.842995099056,2693.6640448686153
SAT-43,402.62032656968995,0.0,393.41888360594817,99.80198019801979,486.4252537080406,49.900990099009896,49.900990099009896,99.72527472527472,99.7752808988764,0.0,0.0,0.0,0.0,299.4443242738021,0.0,99.83972376829506,0.0
SAT-46,53955.966601431035,108196.669034545,122477.11512717641,51795.174360024685,298915.1390494304,42261.57856029374,91362.45189473362,234067.4771165298,6305.303162395523,25758.53735727818,10756.232574349544,55720.23084451312,3536.86724501524,9014.182314572125,1110.0557000770243,2945.015035313607,451.3133439161394
SAT-47,3195.2827735939927,976.7973731864411,599.207539341493,5729.613051702813,3095.471639909759,7671.930283557992,3502.126711535679,1242.2127030477054,2558.887783878295,1636.351906278526,3705.244504208453,1527.9171072386946,2185.2673701325316,603.6379319566066,1098.3266323175394,998.985051140834,3972.6011647850382
SAT-49,9721.60891231994,2832.870989914794,11328.661884733823,10777.29366399016,10505.33386468777,15397.596204514935,6937.775371141244,5569.308575563515,23648.020680069705,16361.977689467547,5779.483174067324,14264.855572865115,20574.116740868303,11243.251342643534,16499.01239470197,20748.61167627413,3637.913093932219
SAT-5,38830.44968611206,34450.43690336496,49180.88737116963,52706.05331624201,70983.42492010801,51040.019216330504,59215.951213787404,80382.23789897698,22079.654870647184,78594.33374525704,30649.178946992728,67941.62400081221,15206.504059794921,22784.997177183595,4921.846205941017,20172.234704819573,1409.2814978072136
SAT-51,14478.291571477963,9433.764264811445,18872.420701633426,9655.056374943038,19054.969376487148,12964.478213597147,7867.227934094407,19426.637881273244,38129.31820149051,58067.85895270084,22092.078493907044,41056.9160244432,38536.040940466075,44611.39967141996,31213.60103581864,65103.7661796125,9480.09596519819
SAT-52,623347.4588768326,1361626.4955320652,1127193.8411851376,902871.1230205628,1253621.5930517,2375113.4109885697,388935.04985592316,835977.8287884867,41337.234426033465,67623.49827581113,45618.80922487676,97862.7689657352,139850.1318778002,108777.20642255274,2725.2001062117947,20012.05367784601,1596.2603788943543
SAT-54,85565.18680781328,143647.57135101606,279610.53313506144,116127.26244398484,277819.63854690193,147961.6964952414,102810.81293889797,310773.12374813907,54904.75325499375,106829.89868520768,38961.189808426185,61486.545728962126,23591.46478831712,35147.55540739343,10439.467119691833,35283.97880488802,2957.6342108524423
SAT-55,43341.34624125698,528327.2437156806,148177.37017062213,319961.5749625416,4280978.187523543,2302174.757924423,59191.637768499735,214403.71207245215,31467.620666052913,37642.704940408876,17817.955273132422,22838.705265071592,12303.338318501448,15001.447117189236,4673.742569980882,11873.150824206943,1396.3570706379426
SAT-56,989.7771856122007,3669.5477496191793,2597.817318061376,2544.623802591783,13769.676944054965,10962.140794423958,2572.7553453026258,4248.273721742665,1787.8823322598453,5189.177726662858,2131.97763903753,4549.4745977921475,1509.7781490627335,2204.4894193928317,249.12819187147687,680.6192382862239,99.76470588235293
SAT-57,48954.960745064454,86113.64712823673,140730.62616483454,104133.3878204726,75938.36831962915,79753.78990000283,89243.6118787729,180211.56056030878,66208.31415009123,182507.7625818763,70529.18795402613,79572.65811717349,109241.00281006715,262929.21152716625,10448.57713911347,51819.02911826546,6640.9820761897445
SAT-59,11373.330269120459,2369.542710720134,5155.033428393228,8596.261979704292,3201.0888779379716,7243.431447378995,6752.926893355786,3961.835714754823,11853.869709042268,7007.905911978287,4821.48445364992,7114.731449976805,8924.322667928589,5845.535377898096,5092.351418265713,9703.083430822166,1146.6967195521406
SAT-6,247234.24005134474,39930.5475028934,158736.4336342236,135001.7639739629,58524.29688303787,83749.02514350667,148927.73385676058,135939.54500763232,133154.73510699562,117050.17292766427,191907.59358281462,183766.2046082922,155345.61578538935,111281.95707930553,51800.6358304231,114551.23543576387,10126.278648165404
SAT-60,205232.80345732908,36273.4863646924,146032.38206294706,108333.02760233564,13639.866824701849,35336.61446240583,120430.79413512253,136918.740490639,30719.99107416608,30313.973717694505,23441.66408568304,21551.059950015435,20585.51797532145,26417.760855341363,10565.004753914847,31530.823150627733,2037.367146490421
SAT-61,23176.11516378951,1193.6175175272617,13363.893775727656,6270.203335591371,1278.1124876639292,1887.6484220623536,12170.64054368444,15629.623295805412,3156.129114944394,2210.641062019861,2670.3776645257662,1368.5563561199215,1496.578134714343,2344.7055114791674,1746.4646238142618,4583.944407057905,299.3791032521293
SAT-62,67363.97995212674,13910.491815453928,52227.88523197013,106099.1791128349,64092.7028290716,218904.41270020322,38452.90632872244,38662.805142221674,43537.61475391301,35119.803385025305,36188.777364084446,37855.332130640185,15972.880945643166,12992.554639833288,6042.484419523416,11283.11648884281,1633.316520969084
SAT-63,1148467.5207415773,162629.55299762834,757541.6904806511,547220.8989977157,90021.5343893577,168136.57779411622,686745.5586992184,647936.2724736596,212117.91330595658,199217.8167364279,265179.14920956775,218957.894832797,125852.78495521177,111783.97677509685,69365.11729490098,143141.36287735536,53502.94800330704
SAT-64,17627.174855341054,9715.697125365521,25546.895475226076,12062.43586663029,15069.758523247017,9185.574243539637,14458.351009695514,21321.564776186453,35354.22069202234,58813.994449515594,14151.143297541548,40302.01528588165,57573.139071396356,203726.96198544925,14792.432153956473,101937.60998738118,2213.0069076022596
SAT-65,157.28457373265587,0.0,99.75429975429975,2061.691841536688,169.5424689612828,912.130341015945,282.79302237096044,0.0,157.9980836314548,99.71428571428571,0.0,0.0,99.74747474747473,49.87373737373734,0.0,0.0,0.0
SAT-66,3610.1322059839267,2087.0627976124047,5982.860165517514,4000.6616133141074,2707.8122769682104,3288.424072955131,4658.9417016865855,9751.708787712396,4190.506946077737,6768.9340260062945,6756.956432148011,8116.015740045498,756.5188845000691,1221.7382228392053,988.0193097044177,3330.4970173231736,997.7092043877476
SAT-67,15504.93468477148,1444.9774349418192,4995.919324354263,4657.7023855450825,2254.478110090101,2593.985710390888,5098.520714251041,2603.135631934037,1643.7298660018107,2508.746601274922,1199.6855429446503,1076.6471381364167,1685.7855427078769,992.4184525309703,630.55579359767,1746.5724110113817,211.9903265184077
SAT-69,3613732.19573913,66140.10240295317,6976807.533416492,163421.3637875123,179935.83989655587,268556.1009746588,780589.6045156532,1187159.5881792943,778378.4820769775,807715.2933048147,438470.31305497803,453262.09289396333,735319.2253697171,438740.1930944999,619524.2327714168,1493291.226591892,639812.1072091376
SAT-7,5799428.743035073,2145077.8134152573,2294986.0478656357,10555487.37196053,2049673.8006724352,9869640.68738678,6401083.702113381,3363063.8106045225,6897243.0486406805,3207920.283855372,6542820.823488867,2750896.672243922,3413544.963155465,1329234.7237224437,1311110.15328945,839464.9640096161,80221.99649686387
SAT-73,30023.446711280285,12899.81495298811,24088.939356526687,22858.10975083649,25346.65631826133,23659.51438128873,18382.968387945475,16691.034201655937,32708.111486100162,98572.81717955324,25164.845511515003,24605.90549707656,6162.276297672346,24885.95629199581,3570.446487934376,9740.602740614226,728.4836249729289
SAT-74,4386367.721903554,1593567.5953144506,4195581.964814121,4419217.79155936,1525494.1098035532,2500896.9501193077,3130259.7881655204,1765781.646677676,3550012.5921362415,2458137.418087213,4150791.3575078105,3661303.99951245,3169395.3676289297,687436.9202656149,778311.0909555503,761110.3637748812,395261.38932482747
SAT-75,363789.4675392335,24976.09547305265,145577.1995232034,189173.37067096276,46475.463119187254,121532.27310244148,166510.38597093805,84439.40781726057,687945.0017499526,227168.95627483996,1069626.316919899,342170.7745587876,860361.9086101693,242918.39956570175,623592.314463936,415877.7271469629,302828.9921935026
SAT-77,40860.663448202096,2245.259946070267,3966.3338898688503,39538.76080050225,5109.363971982633,41317.424696291004,10025.592945271996,1258.3013827165255,12350.073472741398,1092.9760933915697,20391.550707927643,3836.4133161397663,23355.610214475953,1677.2421321438364,12380.608349135975,2883.6181661475744,16528.231384500195
SAT-79,6960.947141730889,314.30302644059554,835.350350136113,9376.899318063042,1113.5409538389063,10594.898945362256,7865.821243670398,2102.462216886954,7851.53570271527,1522.4850241318131,8420.6812650996,1247.8657386426457,15796.409710552836,393.6405764195445,3549.510542522582,1071.4459271651472,0.0
SAT-8,10281921.454969333,4206424.501754375,6315363.525261119,13858642.971554648,4919303.165608173,9433685.651142867,5967232.0359875355,4867586.465747127,14287007.85544208,11781792.64443704,9936253.293190638,10273413.506929992,2458994.869983188,1413203.9449073302,432234.5547249421,774612.0754833494,5825.487640695157
SAT-83,252.6666702889018,49.856733524355285,56.73827009383922,297.81800379810704,99.21875,549.096246562258,249.28991735853208,99.84496124031003,199.65438144484048,124.41348361245943,243.87092945721554,99.92922859164887,49.90291262135922,96.34195721370935,99.91242222901849,385.6583685379249,0.0
SAT-85,477307.776237079,124220.23609741536,399876.27150520816,993632.7280009215,545352.8204897445,2003727.781870878,217535.2803495896,226401.69506947443,393662.4718472972,277072.4324015963,160623.5100921294,108705.28686884725,98337.33415736546,78060.76179313277,3540.7293662927395,11581.451297308726,1528.48740523593
SAT-86,11140.527420271837,20446.68938623505,14419.269694727796,25885.75501159401,60847.49988040842,24153.16838110628,5894.807425808998,9604.12798235071,13779.866517789613,11836.173956152576,5430.518314279373,8843.829374173029,11551.995873936494,7641.381762427393,10482.61292095802,11658.521438995258,1585.2684361023714
SAT-87,158.69619680777214,390.45331652852826,1955.7467834449965,47.519999999999996,598.7150673497762,212.96220956719813,190.707779624424,1281.1308654849086,220.82170282291003,1773.0139270832806,356.84634642708806,2961.373288651492,648.2012588471466,1825.3053807931406,0.0,924.3148205387786,4.2899999999999965
SAT-88,136553.24955474795,260677.71702374076,411850.83656299015,426152.61928981054,383696.59510808176,433332.8821901846,406731.5155731305,518914.11306469544,264342.5222486397,1322257.9583221115,114871.6397724516,538855.0136871594,126673.90324536261,433986.04067904915,26156.518401494406,106228.70274390042,8664.092467875817
SAT-9,7910.247990274646,2362.8678195358193,5227.6584868004975,12095.480495063057,4320.290873953526,9384.178032270436,10613.049949458398,5775.75074653274,4614.778840489045,5155.437786488885,6208.218090871226,5450.491435922853,2623.126746701689,4023.336616950554,1776.8193226604149,3659.821978662395,1102.7277261412773
SAT-90,20388.102697682447,32243.073318238876,74025.73871437747,24503.11639502281,44678.74656947046,24496.229263743568,15548.21345445294,92694.14245046156,16278.445617678939,52381.93891892594,12026.642245036279,23081.75020279397,8224.793978920059,9762.698673919802,2291.7087460876287,7879.6078779308,398.88490736820984
SAT-91,7634612.731431918,355709.0754948535,1184473.7162315126,5141844.819323576,809887.5805313071,3266037.2082942287,4799094.63872545,1090499.8480968932,4447155.9923975915,1309137.2256313788,13328441.743886733,3689437.7548109423,7023650.948172797,1633757.9406009102,3220350.7134963134,1799039.7848412248,2256252.110906731
SAT-92,3694060.6531649185,192546.79710806266,1219427.7901734957,1126516.5283920437,798594.6709320367,1655967.1345567033,1435995.727935223,342229.16632427805,3878493.1684355317,1586815.4643444498,6330350.582798706,3325455.5649841377,3522320.6014271863,1040241.2827940059,729132.5017559559,1309119.9060015145,33675.00897784131
SAT-93,5004263.938505208,869562.7550976708,3750312.494467284,3023126.830049983,253832.73282235942,655571.5901274033,3359036.4911479885,3740171.602918521,359449.85748338833,293822.4961817104,279506.1655023219,242595.65234309147,101150.94097123756,87627.63750256377,58229.46795043613,148605.17934301263,15566.826256940692
SAT-94,149.58791208791206,0.0,0.0,178.79362349857632,126.58730673840111,249.00716181966175,45.066666666666656,0.0,416.51266768043894,295.89404330326045,198.9725111527152,0.0,117.99277097355201,0.0,299.26084917153986,199.4253931722286,236.75504205938984
SAT-95,0.0,0.0,0.0,49.885844748858446,0.0,149.64483218916854,49.90757855822547,48.36363636363636,0.0,0.0,198.05558539205157,0.0,48.78508771929825,0.0,98.56578947368422,99.73890339425586,398.6908571402926
SAT-97,14411.26359194895,8146.9996243055275,23370.132486580427,13958.859965926595,9960.556483550428,14083.702314144824,11481.037943906924,21919.802273898345,24387.87163674644,34084.837619739825,16521.642890596595,40658.12466231184,32894.23945046903,62447.63857711404,12836.248873031513,44094.60559456502,4505.967560950112
SAT-98,140108.21756375086,34439.394559410364,176832.27306313676,41668.30263016065,67310.94002529545,83639.72087902544,49404.2216397879,97710.26889117081,186856.53029933065,192397.69741576156,142686.42441594257,181935.4650120985,147675.46830849358,125396.5625030891,127654.09047856956,181931.9559179603,78413.06704484578
SAT-99,2309.424079665913,99.62264150943396,312.5368446272738,823.665949243893,697.7385805944219,299.52129376471476,499.72710104736177,295.57877284040546,1570.0149909480283,699.4634756010679,249.59986233907242,499.27917689279775,878.670883949547,398.66655466607403,1049.2413704935168,1877.9289525258444,449.3990601622993
