bin,ERR598944,ERR598958,ERR598964,ERR598985,ERR599047,ERR599166
NAT-1,4282452.69461505,9574871.313889565,9109493.320204651,4203972.247964585,10432326.027427612,5859084.514729958
NAT-10,461041.4275542756,143340.58035097196,346924.2426890502,818945.2919122563,308375.06411995366,442534.41210673796
NAT-100,12260686.918895083,658730.4287119736,17109056.260489825,12658650.930017643,9406997.638555875,39327626.44936486
NAT-101,13484706.531042172,376488.6801351582,14084088.605078539,23962898.88951317,10213900.088869896,47704992.381407656
NAT-102,13702.583971386426,184519.6711645034,15479.684659374085,11387.371603869291,10110.940986186051,5527.125041899553
NAT-108,64105.72263817955,27423.679400067333,104850.94430222228,90120.96918819139,79166.61145791302,141457.27242636465
NAT-109,2961.194142823146,12732.878905795806,3500.7232183373526,2463.9183686814067,1835.3157668369809,5366.243656844978
NAT-11,9261.591814679314,163357.92778264833,17077.745069870776,6022.967360546638,7188.815791604479,8199.599266657728
NAT-111,555082.5080172414,530090.0450073654,531770.543926729,643075.8969242682,429366.2506660424,823991.7776609136
NAT-113,10547525.86428394,4339669.188037465,6390800.449383673,483172.518524767,1726393.0652344583,1594698.230451175
NAT-116,3336536.890516029,2812601.3828284484,2003961.4781448634,3575196.980758075,3392270.4951893548,11252784.406590436
NAT-117,128052.02508378158,15295.457422088532,26229.24651497421,37429.12291044988,70225.29051678834,8936.070523503038
NAT-118,18677.795202991754,62846.776561049315,17030.355591969826,8553.217452510708,21656.12440851735,13931.342453030114
NAT-119,8601.793378650698,1628109.8036089109,35235.03657863642,54761.58225980576,103496.30972220148,17790.041669967282
NAT-12,18026.810294099603,477825.77038645354,63218.80234448877,54239.15499086342,16134.7314453258,41378.25912633979
NAT-121,43040.844557620185,44591.15218234122,47719.30597360164,114769.69879664731,54548.71115865568,30857.60932946878
NAT-123,129624.21974708156,5409.608297169455,19988.928295793474,5204.210066516575,18678.60086420876,9095.644839946046
NAT-124,3302.527164266086,568.9029608538241,570.1615282629698,1257.4159771683514,6206.400398772393,370.92863802650265
NAT-125,14385.043250198149,9816.65300428009,16463.546836962352,42733.50977302261,12904.21536151085,19115.68809546755
NAT-127,6049.589338855033,14347.119549698753,8247.621759395022,28676.503341515894,10538.61216783864,9943.384723741057
NAT-129,28203.649719549583,10099.236071151023,18390.587570856842,41515.706047821935,18997.231083971696,15679.162483085698
NAT-13,5278.951311902755,1914856.8125889935,20053.43138389835,4939.305746326995,12224.598061015093,14733.281594514468
NAT-130,32875.59630294371,19846.67051284848,15796.23779862232,49318.54207725985,50058.168069424835,36861.567680467604
NAT-131,66802.04413965817,95016.70350013199,36433.215244438616,58885.40338772505,82279.03010721708,32118.515371585454
NAT-132,151322.51109811297,407717.93415265204,210200.33614940377,162859.52902439976,144989.12519715217,192104.07561850772
NAT-133,11792.949498674676,3328.7244548247945,4618.916868697776,21245.56093601456,10350.592172683415,7130.678702663437
NAT-134,45071.193790044534,18831.48090757601,22255.45687219129,46358.26876539566,44612.17832807095,39022.97885481447
NAT-136,12007.907336013082,63228.99153064118,13508.412695199979,14389.443012740983,8507.672216915504,18489.196961770198
NAT-137,1569315.1990629788,11134833.621378658,1702269.3342556113,403892.6313405428,2081344.7849976372,770391.1484318278
NAT-138,76886.94678193436,2842.45624920879,9548.634763001173,1593.3966277334018,730.6071069166806,1177.0330739614103
NAT-139,26931.469266358396,107800.86959293226,20060.177144392826,21175.148508271806,17655.691112994187,16809.60647359551
NAT-14,88485.76290513917,1004436.6626597549,151513.0131111447,92796.87611794699,128697.5195240182,79541.87510403972
NAT-141,105645.56340615558,67023.76129509338,79837.68958852715,54861.71274588873,41778.93434783832,52520.07291021963
NAT-142,46775.27242106766,55289.34534882456,52656.78807763206,28618.03638905669,22751.16286726923,55573.8655520022
NAT-143,15555.023618579735,55097.848114772554,11581.300806498231,8386.707444018255,12028.294200349636,18601.021947243087
NAT-145,3579.7080929228605,4327.571248677969,3939.2578033012974,3866.173315058634,3870.6138497431107,5398.209680649466
NAT-146,6344.494765667218,44332.95577089964,6525.377020948912,4894.500187190437,3393.1354815892596,5259.691833122643
NAT-149,7486.73862591371,77224.38514529042,13688.868348274626,290542.60406722844,30129.947212235787,20961.860898541065
NAT-15,8123257.718507746,10645307.565095989,12169240.538618766,37089691.790074706,8828362.451271525,18934050.076463748
NAT-154,3284.5549425587956,113533.44628884555,4722.531332902208,1748.4689154678917,2011.278778186523,2614.877943718294
NAT-155,5815952.0774237225,235257.81625457772,5898062.114171271,1386505.381194053,4347844.872064057,443407.9365746445
NAT-157,34904.423208177424,38188.86528652339,46657.03879261976,63083.274115014254,28384.249974799997,25770.457921762532
NAT-158,77662.35509578609,392026.16488818766,244434.31807732506,759764.8283717175,98928.29658471343,146782.18792571677
NAT-16,151811.38588682353,72204.5472371695,97815.58074843176,507605.6870997989,87649.62360645046,222316.0124154145
NAT-161,86352.722332241,188256.75803216686,127594.10409504865,85247.40216423232,102613.66256449063,139541.0372474117
NAT-163,4377.758463942909,48213.49229948458,6348.876516758088,8384.475802469915,4962.140010062111,12378.22810920462
NAT-165,51076.560188262825,4776.197361241419,3552.0274858375847,4848.822925823724,2735.3613081915746,50194.337105772094
NAT-166,136425.79925612904,246366.2702101697,206545.82078545884,193261.71853214817,157279.76945752965,178641.33217330772
NAT-167,6466600.541481665,7051490.198121206,12404621.027618386,3935850.071616526,5823072.687118647,4665137.554801356
NAT-168,4237101.705836944,3900704.350299832,3007373.7243561666,501113.1552672688,2631395.3617554205,961960.0801653694
NAT-169,2801425.826026635,2674847.5470970524,2500211.4910880867,1703327.3497418615,1166020.788372113,2992109.1837827903
NAT-17,365695.36898637476,196367.27904503024,432282.03601585847,644610.9472824599,417410.7355799359,509357.81437743804
NAT-170,60358.7077878699,29960.20793564708,58965.241844119344,172724.46388957763,58677.99050509838,80434.81212509284
NAT-171,45617.91797352705,1656494.2761888439,257459.62690853735,45862.39504435365,838003.1195674094,57779.7763692037
NAT-172,3321899.339768488,190342.73067070858,3234613.9240984963,3540078.51723625,3472435.5878491285,126074.74886422895
NAT-173,1260634.8608678768,1061652.0501521325,2070258.4353999032,780222.057035777,1693454.7537667889,2352603.0055128117
NAT-175,18281.163257381424,94322.92799987664,12786.766491471628,5007.801894057323,6064.4394901526875,20214.52279555966
NAT-176,17891.49671717614,8290.861694174555,34778.54004807921,128065.8303750095,26099.935275872595,37200.689980600895
NAT-178,2102.283269946258,1032.9387408469747,1418.8998670441172,3743.7061247970587,4072.548734885357,3261.6147066592594
NAT-179,14946.665383986177,102892.02959790532,23096.90705768622,102403.55842705524,14511.645599748677,22086.40261472319
NAT-18,1477.727687370794,38084.52626086988,10023.806227638206,194607.1393446055,4343.614910220885,15975.4991708106
NAT-181,75935.14537561433,146871.83764463742,73585.20386313235,59679.446873101646,51706.83083200239,79746.5021909664
NAT-182,34392.37612280621,76660.06024267156,47457.683741012625,26856.274406811015,30150.95015527786,32366.393181985746
NAT-185,11929.743790219214,14793.865444076924,4304.736138094395,3367.98944431754,2127.457853848101,3280.863907406635
NAT-187,3449.710512444409,6379.3836405904585,3772.2729809964117,3809.3986136666354,2422.9018526956406,5479.668142998453
NAT-188,13331485.483930124,14401056.233282112,13740118.838290524,2748846.823324826,11352704.459527154,626740.9984809416
NAT-19,27987.05869125986,11784.547985864745,39781.51904398107,144839.78909772183,17504.022151224122,21895.042112383948
NAT-190,44557.132131678205,2866210.2240843317,58698.667661547894,13792.969481546526,71419.0621675309,38410.0046841984
NAT-197,26459.48165884761,6948.889314749608,4461.649795424902,3785.059075912377,2458.595281616623,7533.75046740413
NAT-198,52315.50665443541,666281.5781194994,59342.18957381761,39881.369514608545,62544.69468801656,54043.84268036311
NAT-2,1807023.3565247455,35672.86180629484,3823626.889668249,3705829.9909920017,2285028.035513634,906216.53448438
NAT-20,237289.2035387092,140568.49096888275,179969.81242485403,228328.7513531549,605524.8679308742,238518.18954129412
NAT-200,85186.08955232144,87011.43313424301,41859.129057567734,26917.295924883067,51689.19754208575,137865.7611818053
NAT-201,8897297.67065689,11824310.708631674,7873157.054892892,26405269.243585877,9683527.385570753,26845581.859267693
NAT-203,253983.96432427652,4071024.6489532115,330768.23736783967,279778.7327009087,330536.01811521786,265723.7838622581
NAT-205,121418.62822007792,193447.3830960829,88379.33397362122,63172.3148308147,72323.98212323515,185859.70512631812
NAT-206,12071595.110923959,3590525.402111278,12389297.634901546,4905174.1694784695,9891662.632633692,13184231.211475467
NAT-209,15063241.825271586,5231837.108579346,16761499.354152795,9650907.556133132,10233657.275399022,8717144.890011208
NAT-21,180735.26910554164,168410.1878454889,133889.41025826524,588863.8879032849,187057.35708260155,253460.40302819357
NAT-210,24108969.152122412,15836000.07007775,35607155.44240122,13248636.135113157,24326318.55347735,33445361.344587386
NAT-212,788698.0653045912,1605281.875544843,2135075.306160905,9563554.858750915,3108992.2510859147,2407450.9665378537
NAT-217,44557.472214052395,274369.10780363594,43362.39000811844,47077.96206718395,35977.171823943485,43920.74573547847
NAT-218,5113056.704507845,91939.15149404417,6593781.14700592,1836959.6824341915,6219599.312387357,8567734.325761883
NAT-22,8642.06434522975,12127.705489964006,8732.817219721917,96245.27252060638,10429.45740597501,12916.094134988316
NAT-220,80317.93098835414,283084.4692622803,82529.93406356731,53734.73375164139,73196.27167894552,84557.90840820046
NAT-221,107828.6576969,590186.1412754002,323260.4375385253,132872.96359493016,645365.5048122635,218003.1529262777
NAT-222,13400.703247022117,1230583.4119817526,27973.100211835135,8152.677123341003,67115.03149990777,15724.65255706736
NAT-224,87799.81349580026,419921.04782783997,97694.42764159637,52215.09152970481,101443.74077841481,208093.75060313937
NAT-225,216116.98069906136,243256.68186811596,301672.38857578277,189924.08885247374,476224.6871373203,644239.2936173615
NAT-23,185888.87269150547,27133.218337724556,27228.547300412112,141922.22833451198,52996.39537302184,78814.25787461824
NAT-231,39808.81090329951,27680.792410890423,44913.32861212235,44292.54695484474,31104.178609005197,37661.04014993261
NAT-232,52916.48346487182,5028717.8188222395,109112.38936474713,24824.7830000316,297479.6056228984,66109.21002766612
NAT-236,20271.079044865975,6596.002900666399,2566.6026230842394,1997.201317082385,1806.6747939050815,3575.0715939288084
NAT-237,10633.000894129382,320174.7848695679,8048.908909527544,9674.329331514395,13567.912309839594,5518.807819923572
NAT-238,19719.804299493233,539447.2520935262,27567.93794491423,13261.87762487588,16425.73630861198,19851.347156633557
NAT-239,141481.88076156098,77596.35404119414,101801.3512082249,90045.73011696168,257380.7706880214,135287.52637034922
NAT-24,1172229.422191797,1807143.3638713413,4703709.470516241,5515717.558932537,56554.12496812203,1179110.5741942902
NAT-241,5009.148807687288,21549.252889682215,11379.500167711896,5139.86360768126,14528.089918534364,14765.086810873392
NAT-242,96776.26441664383,3372959.2445061165,228065.6710008749,146166.360965207,181627.1255984754,182681.8468213192
NAT-245,12301.130041880586,390471.50503749977,21317.011361630688,9392.74987658668,12903.670189027154,13351.02209035355
NAT-248,304701.57366608776,10188.137540488013,7727.253243431147,19151.70656861927,5966.287427034744,14724.706930380902
NAT-249,292269.15501497977,17292.51058955817,46821.16910733049,30132.192205336352,33475.62964345592,88323.60391634495
NAT-252,22855.136508829633,1758043.8836830712,24094.71408603247,11135.268272735912,17498.43116018047,25508.288502692732
NAT-253,6775491.042012989,1058956.6129891314,1751084.6314724777,212946.62721521495,771167.4343055347,543932.9414456711
NAT-255,14716.2843228933,13097337.834495738,45912.77261912686,26963.177961305613,100515.97125923575,5245.901757817268
NAT-258,1518.1401377203733,7670.211919855825,2109.1951676244107,4589.579132458061,1916.2485941818134,6686.715884719178
NAT-259,1889.0011878202909,1077.4774239771896,2066.6241449817885,3825.5903114565413,4333.411962208327,9407.581638341298
NAT-26,74319.0785732762,63612.966997672425,70256.44864433048,1089714.460124273,27882.95034880786,100142.22425394449
NAT-269,37509.89146133505,89793.43834062196,48449.4820901233,34713.66901485492,31092.91157305335,46525.313424402484
NAT-271,7315.349669798798,493289.653128621,17756.12814006885,12686.188995290762,11209.1601810389,12060.204647649736
NAT-272,779202.0491432686,8535938.55878094,892297.9905369302,972150.6486604846,943460.9489884452,1661773.6804803915
NAT-276,218277.72983567067,122559.63530378268,849320.8514017613,49743509.018902026,73998.30731783007,168674.16915165758
NAT-278,721440.6177939014,10155023.501634965,1293196.0041662753,540405.4070290838,1476274.9426136736,277576.50232555036
NAT-28,408606.26525252155,241085.07553316906,54729.16647508655,525409.5979011274,38459.382590316316,99368.9355485971
NAT-280,10749.316409255218,1342865.649638674,16417.455237789876,8500.279126758525,27999.040005028124,19033.37812313025
NAT-282,13724478.214898126,12222639.660522925,22935853.087707803,193465662.67761317,17106890.83217807,37016625.916422434
NAT-284,70495.23548458426,370710.6174765646,73193.4550232308,69191.06662526968,65674.49428524637,70698.38963516669
NAT-288,1186.1689313778204,195190.64181583596,4343.71870268399,1212.4889041199997,7340.481123761556,3458.1279300153033
NAT-290,34696.65890596331,2986.5144377799197,9160.738119054984,59866.67332659862,95282.68987689288,7018.205457118632
NAT-291,172997.3564865414,76551.06715611875,150300.52113831183,235087.85241571287,340991.5310440018,337462.27701582044
NAT-3,307236.73400509794,180051.25109338792,278731.51196379564,759547.6839714688,360683.22088370635,352538.996065765
NAT-30,28074863.033480927,427651.69620477513,1193498.193918395,4214271.094824511,106773.36871359468,356794.59137933556
NAT-32,2654.3023144573276,1310.10362389604,1673.2410676632337,17084.81229805056,1205.4339503050162,8842.772287154741
NAT-33,160288.44925615902,85744.04159454463,173120.2421610129,248187.04124680455,110862.9371130141,212793.3258702437
NAT-34,272826.15842562786,311887.00448082504,345724.8689700738,202077.63366714306,295059.1228390733,2082892.924024924
NAT-39,18661.051488301877,709499.4238810628,29469.977705682075,5018.195627037136,19882.516290731128,28383.078502864275
NAT-4,29840.24342118703,40294.185489876145,42839.30256249149,86133.5562234531,25895.290365305747,20664.87229326933
NAT-40,15749.78955288462,162108.3544859844,180882.4393235334,16031.394285598331,17249.69033267319,38842.6889290966
NAT-41,8835.077352025492,291760.05749995605,12789.812061190927,9678.483515227757,7279.064266267701,19212.530649393768
NAT-417,653.9136056643526,175941.28477529666,1615.5112282861105,2994.546258997985,1686.4785670162898,2365.7657275481556
NAT-422,8431703.192703452,3644053.1723766453,9629359.383059947,11588795.653524473,8513496.016390378,13715749.465518247
NAT-43,5861.174120441977,34020.29881262618,2952.4931675044813,2341.507892184628,1587.6125857404115,3740.2695077857397
NAT-430,1266.5972699465487,139996.93579600562,2209.5003457675516,11539.198847602389,2467.574233187965,5821.131251804246
NAT-441,7720679.92145617,5727658.844140292,7270509.843353108,4043409.138610397,5688283.92911631,8277827.562836133
NAT-45,115215.28818680492,308085.881042728,89568.38758830348,69951.85936536366,66269.34737404341,146642.49165230434
NAT-453,420.4782930427639,2142390.81457503,2984.003736369599,1488.8737103242038,6001.472102294006,9727.615895952571
NAT-46,73185.31913705193,58011.6598572978,276879.9591340232,49275491.451671414,25148.85179675428,118265.08530344955
NAT-5,954813.3133283653,394271.8439937125,554865.4640879118,539591.6160981986,560155.8601905531,1553498.9063913904
NAT-501,11968.375867450459,77645.98056198511,16432.521805688186,19440.580807741197,12159.542438938633,8755.974929899527
NAT-509,5771.984547534485,21121.761216503546,5136.850072518763,1864.3961016975372,27240.91433801787,24103.576247249865
NAT-510,5294.275027981514,27243.332310729864,7091.475887976955,1157.2583430261002,14847.1432129417,20732.571507692843
NAT-52,33120.94300072987,152756.5384956042,32323.653054637045,18115.926972342393,30900.825874596052,28257.091715822426
NAT-53,2052.411238655579,174803.1881766414,4950.464236004157,2190.1151859304714,4695.8883228008035,10241.6804828112
NAT-535,19840.70099450798,7373.218438561991,6700.529692583151,4258.522769589241,5154.890654637908,5777.228771248789
NAT-54,462083.545901505,39605522.93745856,685294.3612562716,373276.8583457106,607835.6588187966,387766.94649221306
NAT-55,14371.61655108028,110522.41564201462,25660.693342409242,12593.368732174782,11693.504714673196,21914.886824696514
NAT-575,4113964.408955367,110047.27406911053,3669698.6501768064,2678387.2015519678,2583086.7288968847,18553628.10905316
NAT-6,12045288.942837883,3173254.8716808455,7272836.012853175,385163.629274018,2541046.9243002627,1516013.0787034356
NAT-60,30708542.060725264,17753819.609742004,41607592.99450461,30817597.64607523,27778187.11988108,46989789.189073995
NAT-61,37147.959417210506,96164.22320550954,58664.48716296051,993993.5820158495,65358.426546774695,137902.3485686395
NAT-62,54133.8567267823,609105.1858874818,65939.16759483848,49523.599189392524,55168.0156179728,59792.09184067132
NAT-64,1557154.1840867333,30992826.468802463,13733219.171925059,95959347.6140506,858404.317068017,5476373.974614234
NAT-66,9211.142099484508,1776281.8017847745,26611.087843049634,11508.985559902058,20492.078752156864,9826.147112298713
NAT-67,719277.0463096256,1868258.4183563567,1098816.5622920007,10017568.6572568,777523.0446730831,1640501.5779794916
NAT-68,12395.669178607857,45658.05212120175,12866.055495531358,29586.07413078181,11622.116903585016,17200.476645990067
NAT-686,14246.026452317403,25186.82334376871,35309.69758107313,13397.2090075066,45003.66253771214,104621.34171285071
NAT-69,13002.669589152438,345187.31628469314,34597.442144367094,126478.07816004375,15032.045913751288,35290.83176527245
NAT-7,10859083.976523971,3888004.7535772054,8809879.058650697,901036.3502337203,4086087.709637437,5056820.789900457
NAT-70,5220.629772026253,24419.5234348479,10327.077253916761,41284.34848109331,9003.799232037294,9827.163476335129
NAT-71,3668.651159030433,997512.7666059585,20376.698814932468,12313.034289860008,14450.254227556343,17624.03674095472
NAT-72,20376.56786792637,272845.0549638864,46993.23897773066,38831.82077920365,26830.023645237678,24768.83346985242
NAT-74,70664.54023721973,423767.79235489276,76444.71121066768,60669.06582248998,81576.39892766096,74954.03330796205
NAT-75,864908.8234244823,362353.10396873526,1403637.5099704629,21230977.073943615,848615.3713258195,1587778.2675553632
NAT-79,27190.082799779935,1900055.999952656,44268.42984876614,28607.026875086198,50045.750899965744,25411.639898583733
NAT-8,22743274.82143153,57085742.03940604,2842339.6072804453,132420.6227271447,1263808.0178379556,2314902.1382598705
NAT-81,9713100.229072249,4210051.723501504,20816544.321542695,10130724.127666702,17980333.10201952,12712388.997904738
NAT-82,155898.680871542,85739.91262022831,234823.2791562346,1075578.9331780153,164291.10800601196,258358.13177568288
NAT-84,1009879.1968654933,86328.86996257698,3502823.700594146,4296801.295189728,4165526.589763389,8917183.749150442
NAT-85,8247790.1345412,4071893.00355688,6761013.428798116,1961621.0429952987,5901808.520289133,7056552.170997617
NAT-88,16704.67077732266,66855.86791371834,21028.334354660223,12708.368519439902,11713.98683443844,54590.5637830087
NAT-89,4485299.318510148,2781496.2909316085,2597075.9203125895,1495581.5933695978,1817258.3378588464,3735444.9231172632
NAT-9,14552071.132762322,6505614.265404702,14419696.062165495,881675.9658534672,14059424.589137197,12863250.325352004
NAT-90,57427.58194037739,97486.87223762996,40355.97866236427,20233.189889997284,14908.137074001032,134877.95606690436
NAT-91,21753986.56651975,5346357.956295027,18826331.99297307,12367783.579051081,5365078.143326752,7388391.175088543
NAT-92,8928585.409045871,12635106.220718985,16385065.18017316,14492793.052466515,16023946.0356824,8576825.716628896
NAT-94,77809.86840119387,37159.27216387246,36213.27853813103,162744.2609447106,110736.11952726716,32476.46876140005
NAT-96,27247.87757008394,1093336.217856711,28992.73785995382,15772.539876463752,19566.953048811396,29606.240896998297
deep-0008,2561841.6953610447,3333569.518146851,2811144.186042419,3010132.75911089,1847771.2371628457,655318.5506316527
deep-0011,5009071.0612508925,6323062.313895618,6026571.368044515,16539250.837325733,4608428.117120157,7440580.98352874
deep-0013,2004848.967235186,1751238.9278280742,2162299.7444784627,1619529.6240831134,1306147.8210669395,1259307.1781466655
deep-0018,1236793.9232929782,1454289.6063113336,1323913.877369918,2464016.345921516,905153.265855555,3036343.2408623816
deep-0019,1782954.20865498,2610896.561971844,2212224.525085364,4585969.624373595,1398821.5028042356,1357657.000364911
deep-0029,1801898.9949936105,1613444.642839488,1851501.090938873,4398543.157387799,1162610.9675434008,1211885.2046182957
deep-0035,633220.7648855298,630414.538692351,719309.6373387083,383136.4513051098,583981.419291186,448698.44994669495
deep-0036,4213282.367223488,5201947.942746542,5084415.1117733205,8160678.801451773,3214946.4765805868,4223999.052403898
deep-0044,5713076.541788973,8208312.360864916,3775550.4601495164,2941825.6389565556,2137956.639712761,1942423.605303351
deep-0045,2196913.04417709,1185492.980397256,1781102.291733085,1469151.1018657591,1314681.6001650796,1371615.403809239
deep-0047,1715321.597100413,2004219.7794898385,1839917.599372977,10110695.814957839,1430714.8888321829,2471434.477855375
deep-0050,2356258.492496759,2111531.930270633,2244846.2907888605,7413595.395287761,2262727.781281618,5999481.237434571
deep-0058,1713022.2191858469,2736275.255039734,2083833.66375714,14062136.69109904,1541301.2706884795,2549418.3879784695
deep-0064,2887263.8599544517,4003902.67165226,3376497.9064017264,5646118.017362332,1812349.792651026,1821686.1500150494
deep-0070,2039202.972867317,2122812.785551074,2906335.782416801,3533174.462753948,2116888.147483562,3609932.9938670006
deep-0077,2368004.997765363,739759.5150718031,1315519.234486427,985182.4806033162,837179.5618301866,990847.058477102
deep-0081,4639261.025692348,4289046.188995357,5624551.793111169,8264386.529822675,3981897.2959569376,10693817.11049612
deep-0093,1324886.7303431898,1760435.304467202,1351373.249986161,9193313.72221046,1072916.605204976,2026720.876909227
deep-0095,1210503.067273916,690185.3310538252,1343594.3551629456,1596276.1545260646,855645.3645625665,2681657.946534373
deep-0096,2399766.9984473307,978651.3668196249,1325856.8193288841,931143.8687303048,801498.9729117936,907044.7201017869
deep-0101,1106890.9109478043,783963.1223081626,1480895.9730146804,1374486.1541159586,995143.0931306392,2113599.92462294
deep-0102,2911969.9247278185,2988146.1599617177,4037360.6757993004,4652371.30809516,2831798.286819085,4957227.03726444
deep-0108,2019510.5088085586,2574078.633176929,2495697.153616147,3956421.1795643466,1997540.911425914,2026295.8491573404
deep-0122,4135659.3216570257,2970489.918450577,4614460.97795099,5116949.803475769,3568474.183767028,5532187.585853222
deep-0126,2543632.7486416665,1016408.6961347986,3427108.0919977073,5950932.911428366,2762110.408648597,5031487.350027134
deep-0127,5043473.4307911545,6927960.520198371,6703232.019478665,8614180.051831258,5412804.288810226,7617464.065497316
deep-0131,28308.604193075564,116937.0643374325,64036.766659179935,84794.60154246204,31858.174929058157,34196.9055990383
deep-0134,5653162.17883201,4400305.276107069,5822333.176750766,5701181.602458904,3563663.076763465,3148839.783931576
deep-0144,2258273.354144334,1809100.2053782619,2816472.435074308,9536551.422156906,1981655.4214341335,2785087.3011474446
deep-0146,7227814.228556114,4373402.256062632,8255711.275491214,5774780.206329869,5881008.149877415,8995524.718668057
deep-0152,3314140.31091519,1085496.9244642009,2018548.3703490235,1521449.4429206562,1295303.6199851807,1416668.7101874587
deep-0153,2362768.990252653,1008831.7103972781,1583109.0037096192,1301297.5627861146,1091590.8776823424,1270241.6066312755
deep-0161,3814935.456887782,4284458.138846332,5081744.845267405,10742461.430422893,3754465.866493723,6523433.184893632
deep-0162,1319434.8520058244,1959129.7348364457,1193125.8725814116,1423157.8820177552,957758.8956714486,1297811.8899172551
deep-0165,2231408.4176270766,3781391.705622045,2714381.615239921,9829503.035346193,2079140.8073607455,2930630.0627378747
deep-0166,3234245.1854059086,1548452.1914040963,2325596.975618471,6829124.055846954,1736674.7499604477,2294927.620391222
deep-0169,1812383.2336554087,2332664.892279489,2397380.459807692,5168780.922131816,1554332.2720093518,3916376.093608619
deep-0175,1923957.3025134963,2332935.00465273,2161900.0244053164,2991761.5502653606,1444677.2962698934,1064556.8530847128
deep-0176,1809227.0256207385,2124874.925313001,1918380.1919958033,9646164.79564204,1486944.6689807985,2617719.5089408355
deep-0178,3223861.784701147,3095931.9610094363,3549660.2103359923,4082348.815114278,2535215.5284500234,3958100.614076697
deep-0182,1367173.198353888,3070505.9950444107,1593964.5918478721,9012412.526053462,1238628.5623245987,2124403.7556611192
deep-0184,4681403.681511089,4549082.960041083,4271742.7649935,5952549.814699083,3379685.0397917535,6461835.778522315
deep-0185,1706423.4424062725,3781484.888374332,2361160.460925405,6555325.629630412,1187961.2356533576,1480083.6328699896
deep-0186,2844149.7208291795,3148217.5334980497,3569278.4730617316,4825009.972187647,2540511.303022505,5905015.325416234
deep-0194,78212.22552048691,75458.24981670672,47946.6917291719,36757.3440931719,33200.17600957588,60124.07446097267
deep-0195,7010946.726534605,5019730.096031697,5114504.502367275,5858715.414967487,3410724.494429679,7250654.252216004
deep-0202,7019643.866388831,5481891.953694248,7927545.408825066,8334475.638721853,5543489.894661009,6955097.701453768
deep-0209,2525003.8002634184,3441981.0542172315,2639491.388213109,10258544.302954499,2067907.2428319105,3273639.870778685
deep-0210,1608482.2186721098,911408.6587817564,1087752.6607312819,1339823.178281067,557646.473303314,731760.7970030509
deep-0212,251212.23048261026,532292.322750337,462229.81230249675,260893.21024962224,540718.5363044842,339012.2178322854
deep-0214,2027779.3397385376,2303312.37035978,2241185.5132084554,2229739.0019299006,1805890.7783564785,1546378.1581467919
deep-0222,1391268.0209999084,2098545.186259771,1378512.8047423563,8286009.661524983,1085450.5951371326,1902597.1821767753
deep-0223,1631660.2509667329,1746647.9197418178,2079926.2425197586,3728652.2498599477,1466689.788391055,3506004.355820525
deep-0238,1026819.1749070507,742096.6491906382,981060.0088734848,3630014.9573889025,928616.5337612159,1909574.6381260809
deep-0241,251786.79045576596,449687.73534058034,450285.03665860224,272144.34483898134,518120.3789328132,309743.29009890504
deep-0242,1682587.6662590404,1060380.929524021,1916018.931297853,2594361.7176868212,1338912.10260571,3460095.992544175
deep-0246,119768.02946813502,4258.44809637522,210092.03947804734,211816.42534900684,142379.92268297664,41469.87049110624
deep-0251,4089079.1874315613,3165975.2271276694,5104401.977402181,6434367.595178417,3987938.888052682,6811526.190981143
deep-0255,1327331.0016638401,1646003.769954248,1646817.8662660283,2843671.7373456676,1412625.8596400123,1639602.3871699655
deep-0258,3004109.684359261,3007571.1352282474,3660628.380549242,4324542.010585635,2583605.7763503324,4818189.220072611
deep-0263,1757094.1204418363,2252895.7580438023,1898911.4880301855,3619600.695529387,1550170.997275597,2261693.94811408
deep-0267,2002351.9124969018,3165285.957218811,1867248.1826199032,858163.8638020584,1578399.339270385,1140384.323968903
deep-0269,4813407.1373076765,4066090.859734899,5065266.31079484,2970086.0050527877,3473747.4986915914,3884724.9256494283
deep-0274,3840270.3764504176,2434911.559567186,4679830.485804048,6952176.555053651,3644299.322773947,7432384.526998476
deep-0275,3218370.8568513496,1928923.3175873596,3053042.16955187,3087237.9351322167,1499921.0536003325,1646849.7314438708
deep-0283,1850628.87295231,2448906.994696838,2677170.3847520775,3796656.229425956,2009052.066580265,3489891.1144503527
deep-0285,6142280.556293961,6600181.57315505,5943288.740653381,6034784.028352798,4501425.667545249,6667691.476273263
deep-0286,2290309.9308625,2042491.6018254126,2282757.1943872194,1187951.2013962348,1801269.2316040671,1251254.1425807169
deep-0291,4866353.748413314,4298259.717860581,6431213.212829132,9874494.903261181,4534526.693552358,10895886.725785954
deep-0293,2653953.137134146,1127760.9850416724,2060218.4567592873,1763543.5852742698,1493587.0835808006,1864450.3732223192
deep-0296,2072347.197779732,6197042.651994588,2823151.8673845143,12471611.139140507,2367215.881142414,2768075.7374886004
deep-0300,2678848.5672022346,5089742.699952831,3678441.424500854,6141173.792093077,2758318.8113017613,4634320.540772285
deep-0303,5173114.587857285,4268774.658209349,5310197.508130845,2815152.7250593887,3715425.680190597,2712377.1753621046
deep-0305,66.52078774617068,64.4803073967339,259.5429486130781,67.18303571428571,267.9244935818483,67.04558404558405
deep-0307,3406403.8551085233,1498773.6049356495,2958206.568976361,1939885.2594806505,922187.9508366633,1279364.7093511047
deep-0314,3732939.691666325,7017721.66775686,4373548.684358376,9417928.450082704,2474824.643719188,2535526.5602918556
deep-0321,2141394.3598448527,1827058.1172568952,2221188.512328478,1950497.1421410744,1156683.1960542744,1133665.9010228512
deep-0323,1566681.5248790996,1209634.8572270658,1620029.4080735168,1648175.947473561,756786.9204343985,892985.5035192672
deep-0325,1810551.0604053778,376234.3998213642,527608.7038670551,455518.88238939544,261395.02686441544,414540.0307900643
deep-0327,1321145.3263166214,1588207.4508036445,1349416.1343264373,2967138.5822573025,1061522.5814971477,1730591.9099781641
deep-0330,1639249.5444051498,1573022.7387789986,2171895.483745864,12739349.748811627,1643897.3816674114,2709437.609797867
deep-0335,1150745.3691633665,221071.84748516217,221939.57741364065,263437.62622324075,125099.80942998937,246559.09021447363
deep-0338,1957214.6232226118,4123027.4608588037,2363348.6565444106,10875497.424703972,1814565.9867046655,2786132.357621405
deep-0340,1233644.2982686583,1733898.2100082284,1401129.299000706,4710879.828875817,1187528.3683592086,2026654.4721242168
deep-0343,596344.4662324961,2682321.6247700183,556008.2670099525,307640.5088521241,499439.53144318453,550542.8117629614
deep-0347,1696866.7164469713,3515721.4621666074,2645741.7846166315,7927336.897255491,1440801.2688012307,3416678.3270719806
deep-0349,1809898.687398075,3631754.065566146,1722717.5746488583,7422706.841452843,1382828.534840685,1917401.6125864885
deep-0351,4707634.023236768,3573886.7535195844,5031422.897917476,4644932.821236342,3667786.48900767,5718650.760801983
deep-0353,2356065.9956857087,922063.9979182377,1713374.762405612,1400069.4553284906,1128429.4341758364,1432919.8836271446
deep-0355,2606238.4031439554,1441647.9135298503,1790050.2815767594,1264451.8993403667,1198485.1355666644,1454485.7743606162
deep-0356,1168833.7270366163,2694157.252487162,2053644.1469526568,6674591.670265265,934828.9640024352,2404028.7444247105
deep-0358,2070687.7412485809,2184478.095814142,3160702.688913229,1603998.680757131,1850336.2252616072,1657022.272724644
deep-0362,3301154.001525089,1620429.7128687229,3110380.5138889034,2256320.6219321312,1724367.5256084588,1458144.1733627066
deep-0368,2396988.7950177025,2656362.3126740907,3520120.542830596,4880716.338536168,2569485.8075973135,4446124.365180678
deep-0373,1221689.8924525538,1294358.9047975375,1565157.9647833344,4405553.030221203,1381685.7932365595,1231003.2498763793
deep-0378,5552785.097482963,5410357.806780178,5180876.369195085,8055842.133857295,4004178.9720513355,7740527.2904484365
deep-0383,3035788.7328309384,1895476.8267169432,3928980.046511475,5109465.682173513,3045717.4556049136,5073295.454550017
deep-0391,1391132.9640255165,828141.0593282206,1132817.8606572135,805237.5658372949,830832.2593890759,866893.0013644252
deep-0399,2524991.18788194,3225401.6918885717,3319771.3048089985,5053490.2609699005,2206064.094166854,3975198.561829763
deep-0405,1099602.1262760262,1087418.6561262999,1325949.774214724,3538197.349279999,1097242.8562437433,1178234.7378601725
deep-0410,6154966.789914376,6756718.5921026785,6300445.911564344,3930005.902202053,4286524.617590105,4905857.053050529
deep-0416,1612286.1206483883,2931301.644136738,1851018.100529497,9879330.22637974,1437676.7361978674,2356299.353098738
deep-0421,5554025.056448024,6207186.818373372,4803807.396669974,4075937.7758356007,3511534.941332404,4931704.7598786
deep-0422,6362167.615144196,5277047.0908083515,6925031.543287462,6664585.255927065,5381488.09024817,10827616.684656363
deep-0434,2620675.9607189936,3034827.9914862225,3365648.6597257615,6920718.017493629,1964178.5113176529,4918985.7462815475
deep-0435,389150.12540252175,707830.8190321994,486239.47166875575,331773.0202912244,383801.7374809641,169165.46869920782
deep-0437,336924.5642642713,888271.2987797863,697987.1842705145,363646.808772573,796675.0014840198,493903.02049888193
deep-0438,2172388.743294551,492105.759183728,751698.2511105814,566343.3517160411,355645.3064270341,510489.2191457416
deep-0439,1618869.1301573059,2629210.649040248,2356415.8202554,5284139.993638157,1245242.0234610515,1441550.5327015775
deep-0441,2772817.755445117,1026200.3108011449,1569494.9906195742,1285338.232412397,979367.3708235588,1257541.590960761
deep-0457,3924406.755475229,1078893.513856792,2313330.08313877,3224052.7666694457,1451737.3472811389,1805402.3618958103
deep-0461,1576599.2551326454,2069797.5876419686,1812255.6367359909,3218999.2592778895,1559573.1162096828,1864286.238312617
deep-0466,1384675.0528071886,2649637.2502099397,1560644.9116179796,8399475.599883795,1208229.927356255,2041104.7287368998
deep-0471,959117.963821366,1039771.0876590676,1404088.9834783145,10360288.48413258,1037531.3585388032,2079947.5676059693
deep-0478,6079300.081380796,8245150.867420682,6568636.104459225,12021108.9762405,3754391.2398679834,4847962.919511799
deep-0480,1807666.9418118226,2446142.490743062,2577956.989838133,4166498.2490081857,1851631.5117393534,3383340.36403607
deep-0483,1336200.9361866792,1052863.5746680275,1790178.1872328618,3526514.445242514,1044951.4295206075,3254985.1026715674
deep-0489,1510673.0704384837,1493197.5468378963,1908311.0698028244,3033763.031175515,1287011.5445118812,1141153.3488905549
deep-0490,3503950.3052783604,5898813.678647593,3646946.7553221076,13604566.447398292,2803263.3153211474,4233560.403107341
deep-0496,1835969.9942040832,4775285.068285664,1445367.4915126248,753858.1158359931,1170990.0837510948,1456983.190706321
deep-0505,2573292.6258175885,3778807.6676364373,3410574.0776995127,7937770.428746427,2318944.412908551,2528676.8789959815
deep-0509,3204576.6274865167,3909959.52682877,4187051.626363254,6458959.063143625,3210304.8534292416,5072580.68105965
deep-0518,2268983.380501429,900819.1417598766,2371629.81369522,4656644.428857232,2021956.2484149067,4215157.657218042
deep-0523,1820813.4424778807,2705402.5694980887,1917652.143181591,9884913.511068616,1416675.474304861,2302919.573175534
deep-0527,4628727.162487886,4503158.619880235,5074633.827533855,5341852.844931758,3893624.4043425205,7032222.971691274
deep-0528,4810973.662807755,4153657.8080482115,5027543.698424996,6780270.709341869,3876676.0803099317,6376752.771289237
deep-0535,2000061.9012499773,3505374.9516580645,2340201.506917189,16209001.420100968,1851514.188861787,3458982.177908793
deep-0539,7794258.73764893,6612688.394181096,8015140.488625875,8427909.175787123,5289382.690864707,6721012.540265825
deep-0545,1884493.9977489845,4627314.197934725,2284801.724325536,3743513.3270392236,2107326.3630802836,1556750.0357996386
deep-0549,112695.47308006891,355661.5064977196,186584.45025065428,134964.44862996682,126450.26272630185,152881.1224743921
deep-0553,2539835.766476969,3137580.2694626544,3208393.9391955584,6126689.666722367,1716789.5745051054,3594774.698559291
deep-0555,2809214.117277946,1447476.9619118536,1840935.8168351462,1545712.8351515052,1174017.9398601947,1350656.859940681
deep-0560,7512988.882430486,5695578.518117009,10171790.13632186,9843131.652460162,7740686.063649694,13409942.570532616
deep-0562,3945134.187480806,6762407.273297315,5375461.801257425,11853421.926504835,3187948.870204631,3783539.6556277834
deep-0564,4033444.6715945057,4010527.133264406,3998286.7182745743,3910626.535425691,2925531.0863237283,4631620.674010399
deep-0570,344965.08681902994,550956.2346714316,377049.27767528186,121345.84631508759,293264.4958899856,140032.13942226127
deep-0585,501647.96536944085,517931.22821203555,485086.98529519566,206356.61116047783,398705.08888441423,263309.35103490367
deep-0586,2667692.5823241724,2845401.6827914766,3408271.1831295374,4107165.402381159,2716362.581565519,3768117.9114624257
deep-0590,2088329.362729924,2371297.9710823596,3047861.8946897555,4420406.722460697,2276282.57365664,3819628.627794911
deep-0592,3487542.8804434855,4321510.984981133,4708099.464024194,4722393.394718533,3950475.065765188,5008746.479684367
deep-0593,3159790.694672697,3041888.5136587066,3930454.180462092,5152174.181052498,2708411.5624355194,6738097.874016706
deep-0600,3814423.048989774,308292.60596541123,589713.1456321426,2263936.8601825275,279143.7139157014,584322.6218345031
deep-0605,99183.9544090086,35335.13408633186,33419.74222036236,220253.10467041077,32907.00082689222,50738.367918657714
deep-0608,7105851.6451516915,8151578.636847157,6927490.715111451,4189454.2242044075,4407610.236770694,6655819.078414316
deep-0609,2356169.729927695,4241760.353063212,1268001.8420663187,546318.7318844269,963001.804967319,731240.6856570555
deep-0614,1258436.1923050634,1577068.5071896901,1246104.6263332004,2811072.100675426,1008747.3267934632,1767021.3798485936
deep-0617,2148834.310017189,2523224.637458358,2196299.306082587,3422888.501434161,1634718.6451318713,1755047.4470937354
