bin,ERR315857,ERR315858,ERR315861,ERR315862,ERR315863,ERR594288,ERR594316,ERR594317,ERR594358,ERR594396,ERR598951,ERR598993,ERR599043,ERR599140,ERR315856,ERR315859,ERR315860,ERR318618,ERR318619,ERR318620,ERR318621,ERR594315,ERR594329,ERR594352,ERR594375,ERR594405,ERR594408,ERR599073,ERR599092,ERR599094,ERR599153
MED-1001,0.006328991337203158,0.007471832974219404,0.006855665548145237,0.0019358385850587198,0.006345983784078231,0.007042776239169145,0.007045033125295537,0.007221547339983355,0.0,0.0,0.004975417921639992,0.007230032366157062,0.0036258992356792935,0.007592152365492734,0.005657369876890055,0.003408128976232498,0.0034963005971110133,0.006584886629472898,0.006101761491025866,0.007294748731971791,0.007148453409241714,0.008134720756076666,0.008052394732206857,0.0,0.0,0.0,0.0,0.007689636119485357,0.007406628974716362,0.005499129377976471,0.004240017874804252
MED-1008,0.0011094435623199487,0.0008049448786826335,0.0008565516366636362,0.0001756133827804828,0.0007686068835495077,0.0012860857092165845,0.0009577540715992224,0.0012447673453477835,0.0,0.0,0.000719391378495651,0.0008039577934259369,0.0010464296587738237,0.0019964181005640512,0.0009808568728143297,0.000760765288339773,0.0011383184041242925,0.0008567872208632926,0.0,0.0008704368360999807,0.0,0.0011053051566596145,0.0013651191903828928,0.0,0.0,0.0,0.0,0.001541033398921987,0.002128469949732971,8.554002236587384e-05,0.0
MED-1017,0.0009721430632945774,0.0014294075883787552,0.001975791715951379,0.0010078877034334019,0.0014926054487069556,0.0008980207317722212,0.001318126756696207,0.0018410081911933026,0.0,0.0002946776296004369,0.0012415854650183284,0.0,0.0012900959883387379,0.0,0.0005832399932771225,0.0012737591527288718,0.0013570539633913994,0.003560281882127304,0.002560243356358341,0.0018216482538787866,0.007482475987934036,0.0,0.007980872587984257,0.0,0.0,0.0,0.0,0.0,0.0,0.0016415061325527574,0.0
MED-104,0.0033557617481545887,0.004596772626091345,0.0046554146627076545,0.004999960440810055,0.002138814811543507,0.004144501112668857,0.004273582225897656,0.0044379780027112604,0.0,0.0,0.004429547488897339,0.0062141223921417625,0.0040117908234756725,0.0062910098028899466,0.003155362797890083,0.005334414080569247,0.005055996035222138,0.004884991861646297,0.004523245172437602,0.004723661601152597,0.005315883051822009,0.006140447491423413,0.006503418678163292,0.00011008045538850177,0.0,0.0,0.0,0.006504681736753142,0.006660638133977918,0.005712018238633115,0.0056718634491758286
MED-1076,0.013382001541714445,0.0,0.001967194731544124,0.002219288022249806,0.0024788422340151694,0.01419613689303655,0.009015878195718969,0.013514267325526994,0.0,0.0,0.0,0.012265558688831672,0.0013334468375825223,0.012100161765881082,0.0022575418208689683,0.004920039154138609,0.005509749866092801,0.0053845163767045024,0.0,0.0019212613317337334,0.0030056902546608606,0.012783908427391633,0.01332941764808253,0.0,0.0,0.0,0.0,0.01198046065873937,0.012347845772865832,0.0030601135933159937,0.015014399585664704
MED-1093,0.05190776970096313,0.003202602215910835,0.005178416294213371,0.0036559492879178943,0.05527500447750411,0.03869227810951155,0.027480296022363303,0.023741898069866842,0.13510602161821714,0.0644249190898681,0.02177494530825975,0.003748232378911731,0.025257195677447077,0.004956038398779542,0.011058753486342445,0.003996239048559604,0.0037316277119231866,0.021399464551612027,0.007683087464952345,0.019333730950528212,0.03704938994353527,0.003972549201657057,0.0037563118285315177,0.013205607129251402,0.004403787121393387,0.0964891439540105,0.0,0.003925836757349518,0.00389777486283897,0.003716047027812872,0.0031453641537865736
MED-1094,0.06640015902088998,0.016061364369162008,0.012677633032712987,0.005893201709709885,0.010947258178545118,0.0703428918345619,0.02302026272329237,0.05492312549907707,0.0,0.0,0.009578885415194319,0.012880036731284393,0.008663488426256869,0.011397764826461506,0.07827987755532272,0.15921442133265556,0.19988538273331585,0.008764989306073391,0.008764151766457319,0.008513808569169648,0.010678779620053454,0.0794364689210056,0.05380997103640518,0.0,0.0,0.0,0.0,0.013175958908954857,0.013473689191614631,0.1965240559924013,0.20625740732984166
MED-1105,0.00982242031790544,0.009378860974053665,0.01127013364700883,0.03043757790366608,0.008107106624399184,0.007092571767767561,0.0138470601022148,0.01645980707248638,0.0,0.0,0.011764568052596722,0.00925887869540531,0.01061437439869135,0.009404169428807816,0.009350503927104823,0.009953059513460198,0.009679772291596278,0.008267327104863241,0.005223141031521459,0.008440712508233498,0.00577783126805062,0.010303649253665741,0.009984825086838225,0.0,0.0,0.0,0.0,0.008223304870150886,0.009138006818880638,0.009630055327442115,0.009456003502115614
MED-1116,0.0005249228849345277,0.0015300604148615832,0.0011416491367842853,0.0023851320799482237,0.0025023924985433073,0.0018423980498996375,0.0017765971931989121,0.0015623180656314265,0.004586945790996307,0.0,0.001971038994409152,0.002408267339856389,0.0015988808165511906,0.0024585556788392217,0.0006307342422911999,0.0005037593338925242,0.0016889184723016533,0.003285766017157379,0.004683791293649164,0.0029296564560358,0.0035787714415313767,0.0,7.098515685556062e-05,0.0,0.0,0.0,0.0,0.0018067506525688726,0.0023133875111826046,0.0013661695270183035,0.0014462220234083226
MED-1122,0.025602887911522394,0.019024992355959777,0.03339422606018275,0.0,0.0059823256343924155,0.024679955539381866,0.016724468709559837,0.02139349361049752,0.0,0.0,0.026000576694946608,0.02526876396594283,0.024381181407548132,0.026592397747566703,0.0257128038627454,0.025627129881134452,0.023911024375619178,0.0,0.0,0.0,0.0,0.028802220511391998,0.024756645424323966,0.0,0.0,0.0,0.01552737550330761,0.02560609482264882,0.02569687982727242,0.030593384939021903,0.022837147801889154
MED-1153,0.00014790298699570123,0.00044794733750600613,7.064314413161526e-05,0.0006212471435324618,9.670473266881876e-05,0.0005458560135187745,0.0010228513804100157,0.00034141906789805727,0.005336661934508151,0.0,0.0006054381457231355,0.0008008941085962621,0.0006082004455891352,0.0015536089957087675,6.598826758990379e-05,0.0,0.0005211815703496997,0.00032070835919296574,0.0,0.0003653389182809201,0.0,0.00016572132952026366,0.0004173887518768537,0.0,0.0,0.0,0.0,0.0009271279230040809,0.0007620803045785501,0.00046606682004617436,0.00022563094314884287
MED-1155,0.0,0.0022902624787008398,0.009783738467572736,0.001484870037073199,0.004239684426853202,0.0,0.0,0.0,0.0,0.0,0.013251870004655357,0.0038666492650698972,0.005027193091140159,0.0036324904730155425,0.0,0.000643504730805105,0.0,0.0030802665641009607,0.0,0.002547872874941834,0.0,0.0022079640038567537,0.0003324935740043787,0.0,0.0,0.0,0.0,0.004412027406627475,0.004408720650765592,0.00030817203427161517,0.0
MED-1190,0.0012686440005979201,0.0022014623941017672,0.0022116948590921817,0.0005047261086268579,0.0023276410387367687,0.002948280256071421,0.002284739800318145,0.002046172895117193,0.0,0.0,0.0019150770975340633,0.002305385047726208,0.0026080018668975173,0.0,0.0,0.003010305215828285,0.002480915139871499,0.002129103676944921,0.0006883527376684988,0.0022859913860881135,0.001922651824755719,0.0072368236030669695,0.0,0.0,0.0,0.0,0.0,0.0015133374195576228,0.002025437591983854,0.0,0.0
MED-1227,0.0009309270477145254,0.001719112555382632,0.00140853751278887,0.0,0.0,0.0010322380719859916,0.0005206145169857947,0.0005499058465061481,0.0,0.0,0.002006293955445086,0.0013588242429368876,0.0017251137827938958,0.001194629300167757,0.0018986478236390103,0.0018412565662103294,0.002012090296318577,0.0006205717832240809,0.0,0.00033224783638322215,0.0,0.001938360088606305,0.0019179605921120528,0.0,0.0,0.0,0.0,0.0016884093124190454,0.0018835753391117968,0.0019678887628242787,0.0019709138866993363
MED-1233,0.008951064957261959,0.011120488660056998,0.019671500121023516,0.005814934466073826,0.010583405703780377,0.01167047032996168,0.012164923898528253,0.011784460578176104,0.0,0.0,0.02578536627536849,0.013966886046401289,0.008452839478037948,0.026475958148897825,0.007736008882845361,0.0,0.0,0.013815906403406943,0.00902958698653948,0.01032480428776146,0.014813802902368603,0.0010699924781081634,0.01374995736598501,0.0,0.0,0.0,0.0,0.005624700716600486,0.012454584616241575,0.009568971209424819,0.0
MED-1247,0.003874830708719938,0.00017863504817664273,0.002817827367947276,0.00021150665171701147,0.0002736672147010012,0.0027122278716404705,0.0025697277334769107,0.0028809801187493003,0.0,0.0,0.002444045714331195,0.004163030375422888,0.0013460062630625894,0.0044002713431117646,0.004163852327166046,0.0035119923968442274,0.003938242780701015,0.0006676006990304294,0.0010044165148376614,0.0016680735338294372,0.0024140265181668585,0.0044597266352969615,0.003996667628671002,0.0,0.0,0.0,0.0,0.0037092363420448598,0.0030538086926661127,0.0011667889791010467,0.0
MED-1261,0.0,0.001986287809412891,0.006152499467743785,0.0,0.0,0.0,0.0,0.0,0.0,0.0,0.016229748552592915,0.0039031957657612464,0.003161200362181057,0.002707071017208302,0.0026838429234240947,0.002971250361265873,0.004065818451578854,0.0,0.0,0.005910533702470011,0.0,0.0035693752020779027,0.004957554674309406,0.0,0.0,0.0,0.0,0.0018700545340767719,0.003892760806403388,0.004705510784150984,0.0061867609346347935
MED-1269,0.0,0.0,0.0,0.0,0.0,0.0,0.0,0.0,0.0,0.0,0.0,0.0005275202759758859,0.0,0.0006097191329888017,0.0,0.0,0.0,0.02292437698774548,0.0,0.04732890494868913,0.0,0.0,0.0009935427086135151,0.0,0.0,0.0,0.0,0.0006698639217516777,0.0006849602033499551,0.0011244664743387792,0.0
MED-580,0.0,0.009050838712403279,0.0,0.0,0.0,0.001197785798976672,0.0,0.0017724574777638342,0.0,0.0,0.0,0.0,0.0032664006428928497,0.0,0.004159787430380489,0.005531111587053183,0.007416232702502032,0.0,0.0,0.0,0.0,0.0027219460295721943,0.0036444059146140506,0.0,0.0,0.0,0.0,0.0,0.0,0.008122366452358748,0.004387612584107388
MED-581,0.002430780832852331,0.00414099904224565,0.0020851511779574885,0.0021366975685694675,0.0042601917985466906,0.0032719070717187222,0.0018624252236485808,0.0037643837810224954,0.01041490366676912,0.0,0.003760563689429077,0.0042993864454214615,0.0016982762188390119,0.00377119070893875,0.004167703893400084,0.0,0.0,0.003991863917954312,0.0043373741380565035,0.0049268304215574115,0.004991006726043588,0.0,0.0,0.0,0.0,0.0,0.0,0.0039693317913851766,0.004411747625694314,0.00018525164095131965,0.0
MED-582,0.0,0.0006980392010935975,0.000534355430880652,0.0,0.0002350026526254404,0.00018029299004349936,0.0,0.0,0.0,0.0,0.00030449678127267857,0.0006945067332069612,0.0006518770732101197,0.001003968233095128,0.0,0.0002425561367316131,9.348856156109662e-05,0.0003697379990985162,0.0,0.0003084229326881171,0.00015236152537919233,0.00021758703121372105,0.0003356066578645974,0.0,0.0,0.0,0.0,0.00042640142563534676,0.0005720707623404869,0.0004862192923318968,0.0006155107222076463
MED-584,0.030191191000074072,0.03228053831254646,0.03208434828806595,0.03709808104726146,0.03236696617681003,0.028189932902813748,0.027757352905795337,0.025070737887749314,0.0,0.0,0.0300298637286825,0.03217987181284543,0.03133604680672614,0.029935194768459877,0.028690176192709534,0.032019225238003685,0.032599053975791575,0.03382725862240869,0.03051280967684818,0.03157952423367848,0.03487610933629707,0.03348980909775499,0.026196559107014867,0.0,0.0,0.0,0.0,0.031404598976311024,0.03228465154317497,0.03130409841675648,0.03308412523087719
MED-585,0.0066947809280377265,0.004536159136290913,0.004509604575740228,0.01977005253078261,0.004719493167675756,0.005313706278611744,0.0063366318491609175,0.005615168654519745,0.0,0.0,0.0035877744891413947,0.003981155979614033,0.0039047454282831826,0.003843673965641633,0.005553806773718726,0.0047012193314842085,0.003503509159159559,0.0039958098829199875,0.005963125834947378,0.0035477082101163532,0.004493273797946938,0.004117870505152212,0.0035024532552455413,0.09305715635888942,0.0,0.0,0.0,0.0038315922824531928,0.003850859040861662,0.003827964527535794,0.003987326187400271
MED-586,0.007231446152317408,0.009221678070067829,0.009380674761470833,0.01346767923329992,0.008182083705546819,0.007711429305269453,0.006164034687859235,0.006640127706489042,0.0,0.0,0.009778170300501559,0.008401131892840957,0.008170888654427482,0.007627481737784791,0.007424150839894634,0.009199164572639503,0.011594021172112428,0.008030092030913375,0.007815825071481469,0.007934009974171917,0.009731206374476964,0.007874459167306171,0.0077563135410602495,0.0,0.0,0.0,0.0,0.008643528478929992,0.00788554667104024,0.00832986733812756,0.00876012711162109
MED-587,0.002135232532638952,0.0020958326002903757,0.0024037691360375337,0.0002629365525426345,0.0018530100707103228,0.002124720387561264,0.0023291354989021435,0.001928655290255513,0.0,0.0,0.0016775397403776971,0.0019842301981353614,0.0014763940451089207,0.0023004633151747617,0.0019254626718456258,0.0019011804198725728,0.001601766302758695,0.0006905330322377295,0.0,0.0006602384385314906,0.0,0.0019140052843087528,0.0020835383988315353,0.0,0.0,0.0,0.0,0.0021127522987130277,0.001984669470387363,0.0017149908376847779,0.0014567160866326696
MED-588,0.01350855632032471,0.0,0.004718106839035028,0.0022885682095298387,0.0016617998621711017,0.012006898855121868,0.013909536776283704,0.012316471654104934,0.014953998436889946,0.014211526337755265,0.004758175995354515,0.004075374338618089,0.011000365264583747,0.009759231130572265,0.00981821141122086,0.0,0.0,0.0,0.0,0.003208341685118988,0.0300665469913831,0.016922455228390084,0.012304879855219402,0.015370452286446843,0.015218117007760722,0.015059125161129063,0.014644366527109707,0.0,0.004333327536998949,0.006063123443232832,0.0
MED-589,0.016089211987426938,0.012206532576654603,0.01542634052464879,0.006583631535581552,0.009774887581300984,0.005766425784820191,0.003536103473260702,0.004910137273346722,0.0,0.0,0.007798911047654689,0.007807373881745506,0.008988078961057359,0.008046791936095992,0.01930967484367836,0.02136259849565406,0.02696306402229096,0.010534600454860519,0.01385911310118391,0.011064501321623964,0.008839596565930783,0.01844939522319397,0.017031900427801037,0.0,0.0,0.0,0.0,0.007468420075937837,0.008051259136304473,0.010164119168303152,0.007309696087751238
MED-590,0.009924125151970189,0.012131589355879225,0.013626426769455347,0.006231089691584899,0.008919509525042528,0.009722460588777909,0.011287942903615577,0.009907801169979913,0.0,0.0,0.017467430001671214,0.010943090022610768,0.01409309507685357,0.012259292915880154,0.010771924828234334,0.010224287673052428,0.009986210407021745,0.008154086115893034,0.007806775526526963,0.00830276374009461,0.009404396747280047,0.010216850986223911,0.010515041135656013,0.0,0.0,0.0,0.0,0.011764373055549863,0.012136926304266493,0.011875580673500192,0.011946083142367106
MED-591,0.0,0.0013628494368500173,0.001150323826679112,0.0,0.0,0.0,0.0,0.0,0.0,0.0,0.0017780350198341828,0.001466967572580866,0.0016044632759745867,0.0016222217834757538,0.0,0.0009260785512748347,0.0011079696430565031,0.0008191817432676427,0.0,0.0007633445136486784,0.0,0.0009481773466964987,0.001564320365023729,0.0,0.0,0.0,0.0,0.001329114309659213,0.0015110102917566788,0.0013473247131557552,0.0014305694816544843
MED-592,0.013601918580513052,0.014918178328932984,0.013164781557490063,0.0,0.0028927198985890636,0.010207368522819102,0.011008017427296641,0.007433806341968923,0.00660875777419925,0.011172538190300573,0.013882705598418334,0.010951069900628602,0.011684101150681353,0.009041617615168673,0.011206871151782604,0.013879553455469214,0.014112091015922775,0.013586318188905093,0.011573514186258927,0.012784894605360331,0.014194593231810304,0.018910352994456727,0.0,0.01007935276010202,0.005587106630050448,0.013408186010321382,0.013159151117253558,0.011183177986311025,0.011831787990653955,0.012006735295652344,0.009873127992838179
MED-593,0.005514348260606207,0.004976108441900819,0.004588250767124527,0.006993134655064906,0.006779519686068267,0.005123769560448888,0.005434454547744426,0.004679746603413012,0.0,0.0,0.005330377570590434,0.007525308670576496,0.005345710945285748,0.0,0.0016464326270115692,0.006209072585509805,0.006792766755855035,0.007295097861766274,0.003172516510307337,0.005391665921611008,0.00475733205333194,0.0,0.0,0.0,0.0,0.0,0.0,0.011878210651827927,0.0013322255942374596,0.0,0.0
MED-595,0.0010091627561966596,0.0011820871096053863,0.0010225762335934938,0.00032567645649278216,0.0011201123007053392,0.0008739595145687359,0.0009392538561781178,0.00048501952308004987,0.0,0.0,0.0008786267512164406,0.001043180675952014,0.0008771409056794448,0.0,0.0011753229274355742,0.0005378519187699772,0.00020052970184545856,0.0014654396924585653,0.0,0.001251432732123448,0.0,0.0,0.0009104942279508414,0.0,0.0,0.0,0.0,0.0,0.0012495221563839003,0.0007047978622968089,0.0
MED-596,0.011152291162411029,0.011701845117587048,0.011001419884175785,0.006234038485060097,0.010724669385387882,0.01204212983658141,0.01394043702138952,0.012701844042360863,0.0,0.0,0.011754724682467436,0.009325556783424576,0.011556008500143185,0.016907801613338904,0.010722519202813774,0.011722045860962775,0.010435028190434521,0.011796630469211047,0.011374314022867663,0.012155246101740243,0.011371194713583686,0.010895456892335233,0.01269558004270055,0.0,0.0,0.18410282058761246,0.1473056786314978,0.010693246127402564,0.008681197901929127,0.01260245300840284,0.011177903808611516
MED-597,0.0,0.04759118292370157,0.02452552977829741,0.0,0.0,0.01981312105245747,0.0,0.005804908844806655,0.10050778405669296,0.0,0.0,0.010397633565859798,0.11142563671026895,0.0070813260773971735,0.020417939314716686,0.0186732157916518,0.026695568057584686,0.10838937321968463,0.0,0.0,0.0,0.0,0.014054769000079355,0.0,0.0,0.0,0.0,0.010139598252353008,0.010689503557639464,0.03218108417156659,0.0
MED-599,0.0,0.0013417482305833584,0.0027336638944927432,0.005921081640649935,0.0038558704699985604,0.0,0.0,0.0,0.0,0.0,0.005041387499989179,0.0035172110155375115,0.005318581898527415,0.0018624128460003506,0.0,0.0036733824179663124,0.0022347396724962877,0.003613183993651033,0.004667728353789724,0.0037133196002609816,0.003852479004629115,0.0025854998042422017,0.004525494576390084,0.0,0.0,0.0,0.0,0.007416228439381993,0.005231169485181655,0.003698676547081927,0.00440132826192653
MED-601,0.03305733222252359,0.021208186248208714,0.012988059460046502,0.0,0.0,0.0,0.0,0.0,0.00510088316306,0.005008204310516842,0.008204034127835854,0.012835145843221141,0.017725295235864455,0.0,0.0,0.02067106956367174,0.022406397209500575,0.03701384557850556,0.0,0.0,0.0,0.0,0.0,0.0,0.02307041811177655,0.0,0.0,0.0,0.03141190354872231,0.019412989341132097,0.016671625914532365
MED-602,0.0,0.001069563114541146,0.00035885118684337024,0.0008809564436258035,0.0004378144325984363,0.0,0.0,0.0,0.0,0.0,3.8794731853427275e-05,0.0009046688000754874,0.0003570667807744741,0.0006903868864009139,0.0,0.0,0.0003215464522369188,0.0015774784831977843,0.0007844439369074806,0.001598362986913359,0.000984184566380277,0.0,0.0,0.0,0.0,0.0,0.0,0.00040908555604722037,0.0007190923931805133,0.0003585802351075635,0.0
MED-603,0.009990958289321396,0.007537061882678561,0.0008689871750121726,0.010844343791884922,0.008806508666777265,0.011606179732349405,0.014043149235421739,0.005528947375915068,0.010358492576606773,0.0,0.013472839264780047,0.02120224126681947,0.013748442395146734,0.01708436992860237,0.0644091556079899,0.027340962328174262,0.017891112942745088,0.02710003293835535,0.028150540592207274,0.01633175160662938,0.02709502200758828,0.018607172272971855,0.03159320209114856,0.0,0.0,0.0,0.0,0.031516740914322786,0.01863751841548449,0.024541523561395773,0.0
MED-604,0.009147029937504365,0.021986539125450445,0.01641048495172565,0.012583682876876164,0.020317085292260697,0.011048792211554331,0.011762830168697008,0.012300290922610538,0.0,0.0,0.011912936625794717,0.0009878788832138686,0.018657265350548295,0.0009727111434234439,0.005666375107969996,0.016510503858485275,0.017999951660858493,0.005484491831988416,0.026130911331396025,0.001397327254925568,0.0,0.010566984382945394,0.0024385462545483717,0.0,0.0,0.0,0.008882819737475841,0.00804311030788986,0.002684807114868889,0.0011372605109787898,0.0
MED-605,0.00038849084054043675,0.001172598293734741,0.0008141883551388781,0.0009872965603441443,0.00035447350006932,0.000892627064197753,0.0007213997687985668,0.0008502085414616679,0.0,0.0,0.0009370530464671501,0.0008402886572822268,0.0017138350374820354,0.0012885463236100003,0.00034380250139730333,0.002033245802224815,0.001096239444530991,0.0019295562894487434,0.0008814780661676514,0.001969879136262151,0.0025563050354077592,0.001471556066111672,0.001360298242461236,0.0,0.0,0.0,0.0,0.0011109953573909376,0.0008885959504168855,0.00281478985309663,0.0030027618897087395
MED-608,0.0,0.012147643982187673,0.0138500885795904,0.0,0.007903482849529842,0.02515165399536986,0.015660331606309898,0.03335453874803681,0.0,0.0,0.007271479676396283,0.008327662525113431,0.009882341736908348,0.0,0.011165845273563997,0.009768382792100952,0.012630855410705369,0.016817653180020598,0.0,0.0,0.03685314411933654,0.0064749749354377556,0.01218799627117762,0.0,0.0010419201929667047,0.0,0.0,0.004699483943225925,0.015447855534888422,0.010013322326197602,0.010238990293641975
MED-609,0.0,0.019888175229817555,0.020826632808302336,0.06316282816974994,0.005615842989726947,0.0,0.0,0.001835701657242634,0.0,0.0,0.0,0.005693084036305066,0.01800722151683206,0.0036767708136616634,0.0,0.051268619706248596,0.0,0.0038959079312463588,0.005023320089139797,0.0046807446737051435,0.00599862222994796,0.0,0.0013192211302499339,0.0,0.0,0.0,0.0,0.005518415371985485,0.0035240910460941155,0.008454476894441123,0.0
MED-610,0.009244009547053025,0.0026950311187084745,0.0033659839853940523,0.01116460053558729,0.008172250636654237,0.013561073864192055,0.01261604185862342,0.013439226875382407,0.0028396249643680128,0.0,0.0,0.009626029030473606,0.0010428825720871005,0.0058630223649076794,0.016267186685679835,0.004289899737912704,0.006240680444830915,0.007765607499668851,0.0,0.008765985851826044,0.0,0.01338292718228034,0.014192012883722719,0.0,0.0004260292905057898,0.012112805819818493,0.000752351873099453,0.0178241373316774,0.008548937148625747,0.009973390512991597,0.009385589780819695
MED-611,0.004930855377306401,0.0041684815599574414,0.0026931547815239906,0.0,0.0,0.003408510426989892,0.0017855179856494181,0.004030957052951875,0.0,0.0,0.004482117947647741,0.0011752433355679312,0.0053751012732580665,0.0,0.005170017983985645,0.0032969561231793276,0.005483253452658956,0.0,0.0,0.0,0.0,0.0,0.0028440204408600135,0.0,0.0,0.0,0.0,0.010325509010415908,0.0012153594238028594,0.0049260457960793105,0.005215189114713182
MED-613,0.0,0.0028777926606651156,0.0023746650921444125,0.0012405635829447282,0.0023524553143766187,0.0,0.0,0.001880493200807613,0.0,0.0,0.002735634605907006,0.002085784836388616,0.0023448212166229912,0.00295724545682286,0.0,0.0029608472518046244,0.002280360695994077,0.0026515500299543054,0.0020094495572008765,0.0025673914991027284,0.001472663607024482,0.00010783374726889314,0.00182824350889737,0.0,0.0,0.0,0.0,0.0028401620745867858,0.002552229110911426,0.0024124747644182812,0.003217879581176154
MED-614,0.010729250276958861,0.010024913921470351,0.00915048366316939,0.03159224061251144,0.011043870734284925,0.01192146539520858,0.011225481859754227,0.011509812812370856,0.0,0.0,0.007925755609700975,0.004051789508201709,0.00769853541780107,0.009242969349361946,0.01256592902286448,0.006323163690677892,0.0064030817392102795,0.01717205057078886,0.025400550611718902,0.022428673940039917,0.033977216277720636,0.002828121920646622,0.0021027369860358463,0.0,0.0011869505072761787,0.0,0.0,0.0,0.0030065823095514507,0.002469545660022127,0.0
MED-615,0.011416433791865958,0.012708189729630224,0.013617501839643904,0.0031223603906343315,0.015022678016054763,0.013318269039406767,0.013323037953118113,0.012094874052174218,0.0,0.0,0.012313965447211393,0.013304248001682051,0.012313732251500347,0.012590148759593646,0.010845520558126327,0.011051978021024303,0.010876534710641084,0.016765411143959585,0.012890202445809493,0.013093361270034314,0.023186567150970797,0.010058568988357526,0.012136381495547155,0.0,0.0,0.0,0.0,0.014791818968112743,0.014773726526310099,0.013144317494432472,0.015409716558356558
MED-616,0.0015824158789599543,0.0012990830720180698,0.0017663120785317622,0.0001416243713979587,0.0010345390893356308,0.0016349695347773283,0.0013283225248181625,0.001441158932970086,0.0,0.0,0.0014825467386484496,0.0009386685133324793,0.0015737624227579246,0.0007920078554689784,0.001477096153410255,0.00111425272042883,0.0008781626297060464,0.0008874648982125279,0.0008428729180226468,0.0009473344518380456,0.0018900842514816486,0.0,0.00019341137403417277,0.0,0.0,0.0,0.0,0.0007355695958979273,0.0006204354485324793,0.0012999178139197162,0.0
MED-617,0.0003418554812971396,0.00029498539574943815,0.0002937226032277743,0.00010302957376243869,0.0001403709319401104,0.0007692474909580655,0.0007669482356592486,0.0005813747650178606,0.0,0.0,0.0007389688386479308,0.0006676811920281502,0.0006347841549709275,0.0009868349717278785,0.00030828054386669064,0.0004616055301499274,0.00012111970480607355,0.000814217181270212,0.0,7.989096788467629e-05,0.0,0.0006639121162535562,0.000675211108254972,0.0,0.0,0.0,0.0,0.0003343653749729641,0.000480238603308609,0.0009708416821764042,0.000904800290740741
MED-619,0.012457897074312281,0.021245731760088545,0.01965764566942923,0.014991913592396303,0.013710695062509368,0.0139411863751341,0.013331004717516677,0.013762834207063755,0.013698445906008066,0.0077795952006556555,0.011496694107697653,0.01849277474625232,0.01490430312282853,0.006458500737371206,0.011541098054947404,0.017051949370640387,0.016431851084038752,0.029003680259461616,0.016593361544956796,0.03212835823515372,0.026835356465534477,0.02809703931908232,0.006156289128238807,0.0,0.019857137572638853,0.0,0.0,0.00982786867210127,0.018175309009351617,0.014720354074135026,0.021469887224369204
MED-620,0.0020139836770481138,0.00212506543126402,0.0018999691729052004,0.0002826578824293988,0.0017079221635203747,0.002214717050254967,0.0019935538782963496,0.0017881963507773706,0.0,0.0,0.0022113558849343328,0.002292879321055227,0.0019871341687027946,0.0020746238853435483,0.0018785357445349415,0.0015941880101179413,0.002055642012427611,0.0022274872928592843,0.0038244006241601415,0.001695124084282535,0.0020025069361942495,0.0,0.00036418301157081903,0.0,0.0,0.0,0.0,0.0,0.0016784104451288864,0.0030298807466814554,0.0035999488509185482
MED-621,0.018955936182099304,0.030936543320845177,0.023959013162866635,0.04406040422670832,0.0364710440854379,0.016302713859131523,0.01594246045433219,0.01596561870475686,0.0,0.0,0.023151130051390353,0.026017647673961565,0.03257782486168618,0.0205652794311347,0.023805940897786423,0.029885569457107828,0.025066800434859454,0.0415350839838835,0.051447399490837,0.04742381250839955,0.03406750643922672,0.023915916038813326,0.011716615531725365,0.0,0.0017007704869155976,0.0,0.0,0.015458577453719324,0.028978314878588398,0.008941402767248384,0.01629691916508252
MED-622,0.01456313526424403,0.0051874109663215175,0.007703137207204122,0.00520660756447155,0.013789244834264266,0.014895951528312577,0.01587585775813566,0.014032911653422391,0.0,0.0,0.009994340899537758,0.009238868937340595,0.009015411000002726,0.008666767145735735,0.013615617421610242,0.0019718999039369037,0.0013218090628149164,0.012788454541158777,0.015519018926699603,0.011061966180218402,0.010961279202119067,0.015105192603796403,0.003943053884963366,0.0,0.0,0.0,0.0,0.0166194229053928,0.012118198205883642,0.003145356875269608,0.0047817658556212434
MED-623,0.03909849400078276,0.03377051003910084,0.030526053580572556,0.07192873507109868,0.012380385676738907,0.034043223870141304,0.03458330791816439,0.03315663979004323,0.03355185249892894,0.01956892438058336,0.028862826161620933,0.021827090991779822,0.025890641018395732,0.02131616238220179,0.03235258059719407,0.03346127090536406,0.0338946280413471,0.02709637197384544,0.031313601355891674,0.02624671146431187,0.024709387588550197,0.031993879617404984,0.02925209992782236,0.0,0.02446769039260125,0.0,0.0005737983192764473,0.02871322326317371,0.024555506512893673,0.021009052835631346,0.021601761143936665
MED-624,0.004878443452029872,0.0,0.0,0.0,0.0,0.005093537598604053,0.004834528334000654,0.0052520635474102035,0.000835374656373888,0.0,0.0,0.0,0.0,0.0,0.00493353087223489,0.0,0.0,0.013321236610839395,0.0,0.0037109760226655573,0.0,0.004431314319503243,0.0049678974973771575,0.0017796337197728284,0.0,0.003787247319727147,0.00500336557906957,0.0,0.003940820059227953,0.0,0.0
MED-626,0.0020589876739127337,0.0020312059959403826,0.002068614108689776,0.0018195381025406378,0.0022243419729743416,0.002488565741288991,0.0024874400283509124,0.002318697001689198,0.0,0.011250631668706717,0.002161212819028851,0.0027010605055794957,0.0021501292352090655,0.001738504804249066,0.0011343442983646258,0.002091411824413378,0.002151665374999617,0.002313891703914666,0.002884597912202967,0.002111708494395286,0.0023930229264490866,0.0,0.000491809523740334,0.0,0.0,0.0,0.0,0.0034594062415257525,0.002308032953372559,0.002195631367125113,0.0024160360977812352
MED-629,0.014861945889429665,0.0,0.0,0.0,0.0,0.001838920601940438,0.013310987260198526,0.0033775838832297953,0.0,0.0,0.0,0.0026501552691072143,0.0,0.0,0.022068327252496238,0.0,0.0,0.0,0.0,0.0,0.0,0.032727700346257466,0.027751561637015434,0.0,0.0,0.0,0.0,0.0,0.006240060889141369,0.0,0.0
MED-632,0.00025482868443348745,0.0002579430991842296,0.000315790517393639,0.0,0.0,0.0,0.0,0.0,0.0,0.0,0.0,0.00040060220930215114,0.00015455571733208743,0.0005053538469021111,0.0012769893577654493,0.0009489601166323152,0.0011656025397278542,0.0007263888677901487,0.0,0.0001670510415585561,0.0,0.0011188710543867816,0.001431214605818139,0.0,0.0,0.0,0.0,0.00032923405663715447,0.0006492574337617729,0.0011149527862485548,0.0009855421970650542
MED-633,0.004697805712220419,0.0024901118980059827,0.004361403105433514,0.0,0.006132236239392439,0.005126838355811798,0.004812132730693588,0.004433021062043831,0.005361609479172601,0.005168042294924973,0.005424666587991707,0.005548156064648719,0.00529271374632188,0.00684754772568406,0.004387335928847004,0.005182629535952413,0.0034972624605830206,0.0041410522901111115,0.00554862604684211,0.004284513643471883,0.006467097462243033,0.004751376054330121,0.004925419520341781,0.004302880465883247,0.005029389180189239,0.004563737500176869,0.003503071194952239,0.00220705921076925,0.00730260898726699,0.005082983536412818,0.00428739109831342
MED-635,0.014234867494125865,0.014315737753301543,0.012777015673860134,0.0,0.0,0.01225296232582934,0.05459378125300695,0.03907415029168497,0.0,0.0,0.012701356501456602,0.021226605109673235,0.029512312761901013,0.017195258264133293,0.021105429201621097,0.022163443958870082,0.018657275168607185,0.0,0.0,0.0,0.007880758847294991,0.01979886039555262,0.01942004942078303,0.0,0.0,0.0,0.0,0.017355798210739737,0.01997009237808863,0.018668547275266054,0.018057627106067363
MED-636,0.05074592833216751,0.024657083682899206,0.024019146961160996,0.03170494502240273,0.03474760293970543,0.0391396423002664,0.05157912992708505,0.05294960485753135,0.0,0.0,0.06716010925611489,0.023852368364220798,0.039076599094357366,0.025198951250777972,0.02586024861005644,0.02257581348956217,0.021293698846930966,0.03326987696507623,0.0449227135312622,0.03294788099162948,0.03412306058259399,0.02283872429335628,0.02172282801221238,0.0,0.0,0.0,0.0,0.023181896187006883,0.023733031454341483,0.025832797004577895,0.024091273942511822
MED-637,0.0034341034035053645,0.0029906379973113854,0.0032565224493156385,0.0,0.003279551889695618,0.002418750287488791,0.0017552570673947086,0.003175919110408539,0.002768524211185057,0.0,0.0035368194587173042,0.003095685956284383,0.002769627305687349,0.003494355074315064,0.003211794615509663,0.0029275122943920634,0.0029882753245128553,0.0030490593072969876,0.003425428326416604,0.0046451372405404865,0.0038872843570771664,0.0025900752459499686,0.0027061630147264884,0.0018876379174274619,0.0,0.0006691598693518921,0.0,0.0031795617931842106,0.00313394010326734,0.002951764415043058,0.0030176501907886815
MED-643,0.009872764945644298,0.015303960626358762,0.015205660508510202,0.0,0.01612378103980231,0.019670089020256274,0.023289607098589883,0.016494530491128024,0.000273429583666974,0.004340594740495799,0.013858498957067,0.01664059092994048,0.01620572532936291,0.01607117736655953,0.0057400971991410565,0.01520963475153828,0.015597544684397356,0.012068364531666698,0.02031555315485534,0.013060844746823447,0.02459397747679372,0.015618717303991498,0.01649595116082813,0.00031921584341457486,0.00030235015478566655,0.0,3.55834868051265e-05,0.014075064175657974,0.014555334035414834,0.014950803465868835,0.015444892145523702
MED-645,0.001530285661605001,0.0006796994339465693,0.0004890649105018663,0.014127941559369257,0.0074389888987498876,0.0,0.0,0.0,0.0,0.0,0.001924763383612688,0.0006328865143559516,0.001980519121412271,0.0005130286120184717,0.0018638220036138753,0.0029957987647117454,0.003964139331497571,0.0008362558909479568,0.0,0.0006361927988722501,0.0024362986673702935,0.00253290826317217,0.0018632299829164434,0.0,0.0,0.0,0.0,0.0005527998006678636,0.0007569171097250596,0.000994180769945292,0.0009657775165965657
MED-648,0.00996844999503472,0.01079651176081664,0.009328700423290096,0.00779064903388557,0.01098849952859762,0.010684424137207679,0.010631962688534384,0.010691815312350169,0.0,0.0,0.0096561629111084,0.009892138442205654,0.010524294407269926,0.009537512112618551,0.0107348092474405,0.007267139783777934,0.006178094974648244,0.009929672376414829,0.01269796512217235,0.009616418078706999,0.01235663026175342,0.007174788076571194,0.008578715354387029,0.28325446373598273,0.0,0.0,0.0,0.010390517651997212,0.010061603994484894,0.00713232132860898,0.008013925464775628
MED-649,0.01632583474888238,0.024010355882340663,0.02559889951340428,0.017969616493326193,0.025788410829907942,0.01660514600706522,0.01661508342077591,0.016305759555937105,0.0,0.0,0.020354754817844867,0.040409326995223725,0.019200896124513055,0.038824274807108705,0.015804905881306248,0.036605253141844825,0.04007377070975584,0.02324040853639539,0.02313630580455439,0.02426288424984063,0.024399719638428637,0.01654348618012501,0.018080321269229458,0.0,0.0,0.0,0.0,0.0416080584814906,0.04128941277479449,0.04276402085235097,0.04481739240342888
MED-650,0.00024084245540457184,0.0005814304950314874,0.0008370159853961681,0.0,4.498529351918429e-05,6.645294637468883e-05,0.0,0.00024609158500435126,0.0,0.0,0.0006577526681899813,0.0008886669018455314,0.0006609191429537903,0.0,0.0001548878130147065,0.0007462573143676118,0.0009492038938045021,0.00010395732896820476,0.0,0.0,0.0,0.0,0.0,0.0,0.0,0.0,0.010117393692811718,0.0,0.0,0.00044915164161870083,0.0
MED-651,0.004485968960781028,0.00921388599600697,0.01620675224184197,0.031171791209144945,0.011592675045137486,0.006016340412508552,0.00576560279957444,0.0061765797562853934,0.0,0.0,0.007009545211060103,0.007596973945308085,0.008249981109950765,0.00599482506512546,0.0064263329891561406,0.012244126081838167,0.01746977349244442,0.0072822750373000575,0.006702060221660691,0.006884832322560002,0.012466419358941005,0.004390270396736759,0.005756087312922761,0.0,0.0,0.0,0.0,0.007372759479091914,0.00916966235965011,0.013455041643987706,0.011601160687657913
MED-652,0.0020770554691183878,0.002308957094884989,0.0017264560139442764,0.003559823658780513,0.0018717156544664321,0.0020144985452429146,0.0020018131589434503,0.0025582644521763252,0.0,0.0,0.002636682746029262,0.002866292436307097,0.002402705989615004,0.0014619337394934898,0.0023161245656563335,0.0014067874018543714,0.002122132783841077,0.0027913151285308955,0.0032875534975604762,0.0030760170531096307,0.00322404318021621,0.0031382003503484138,0.0028959278002859265,0.0,0.0,0.0,0.0,0.00567993265644513,0.002202112448916487,0.0030440414987667032,0.0025395550954047776
MED-653,0.004619576720813844,0.010972555836300617,0.0036772691198924405,0.005889339199716924,0.005230568881839848,0.004835063192629137,0.00496444145161576,0.004871446950263773,0.0,0.0,0.005526567056934004,0.00501821376912288,0.004473828707149833,0.003382426684146288,0.004653718037664071,0.0041815761135871685,0.003792097477082238,0.007411236317985884,0.0,0.0,0.0,0.005707348784940662,0.0047164877594599065,0.0003239528908647188,0.0,0.004555020678598249,0.004284322493196465,0.005929291251297351,0.005794376064950068,0.00496332243426709,0.005649718587920178
MED-654,0.010535540409959576,0.011105830334871489,0.010005913049669815,0.008008193785092441,0.009122932724369676,0.009461629735145645,0.010038094106470868,0.009461125513206858,0.007027471178468545,0.008522793260119855,0.008346501708725657,0.00927785396254042,0.009329434663630629,0.009226927665638278,0.012547083986795642,0.009654728458811414,0.011827057037406538,0.010392466582847157,0.0120161669776972,0.010326497814980684,0.014086921671332587,0.010584271485891994,0.01048554236067576,0.0,0.002802265529369411,0.0,0.0,0.01043493068225523,0.009763659836814858,0.010240331771519456,0.004654445513760668
MED-655,0.00954703428189375,0.02541117464835229,0.02102846197675089,0.0,0.0,0.0,0.0,0.005384926614210569,0.0,0.0,0.02317803887548259,0.02195522491933772,0.02206366832499137,0.02238252299201423,0.023544453441057066,0.02607988439150136,0.023210462275007896,0.0,0.0,0.0,0.0,0.02453870017268049,0.021882809756143956,0.0,0.0,0.0,0.0556150818534092,0.02220906344228145,0.022307435348841758,0.02262720127738616,0.02184992627751533
MED-657,0.0008825329819800358,0.00048393704777627825,0.0009713108163157502,0.0020275553696172555,0.00025164470296402643,0.001035337389475826,0.000835753449167848,0.0010594156064076769,0.0,0.0,0.0005265907106793334,0.0004628507616274589,0.0010152576118318691,0.0003507109445624173,0.00023387176013038496,0.0,0.0,0.0,0.0,0.0003358148031389557,0.0,0.0,0.0002486842045682397,0.0,0.0,0.0,0.0,0.002352366542999931,0.000545217287569881,0.0002640107065555807,0.0
MED-659,0.007971559418325391,0.0,0.017965946459107693,0.0,0.0,0.0,0.0,0.012344116074558651,0.096825441492418,0.0,0.0,0.024607718823265907,0.00851581559266349,0.021359826249746302,0.023962740045465378,0.023691386699505438,0.022219010047497545,0.0,0.0,0.0,0.0,0.027977634473070733,0.023383015477181794,0.0,0.18156804569400747,0.0,0.0,0.0225628631460111,0.0222274613630732,0.012364204275393175,0.016941546318912284
MED-660,0.0,0.0,0.005277108545284923,0.0,0.0,0.0,0.0,0.0,0.0,0.0,0.0,0.0018984902473253911,0.0,0.00931329277292812,0.0022667450779807335,0.004746305047591437,0.0016193901306049854,0.0051375446308985955,0.01175523707481472,0.0023939547838793046,0.0,0.0,0.003927891821286752,0.0,0.0,0.0,0.0,0.0,0.0031094499182095247,0.0031270032597965685,0.01114609716690339
MED-661,0.02613320435938748,0.06038963926534871,0.08090604284939869,0.0,0.029913656799056894,0.006380310760715551,0.0018327181905648004,0.005451577832073208,0.0,0.10435308693407279,0.01805619044765056,0.01766399620832,0.022423312732243253,0.01887766218665344,0.03413470242603491,0.023221070996481488,0.020034714635316465,0.06669786985560044,0.09634273560284676,0.06198301357886237,0.020719221733838944,0.031241651020701016,0.03046771060117393,0.08753551100848225,0.03678850094523211,0.0,0.0,0.031316066428423404,0.02140324223069376,0.017192178363270545,0.0173145090301291
MED-665,0.0020053316201128464,0.0,0.0,0.0,0.001633753048403023,0.0018471975896185825,0.0027131773811017866,0.001696476209012376,0.0,0.0,0.0010254983368720779,0.0,0.001024892250546469,0.0,0.0,0.0,0.0062839290515355325,0.002652582382945808,0.0,0.0017568896973991976,0.0,0.0,0.0,0.0,0.0,0.0,0.0,0.0,0.0013707019814413802,0.0,0.0
MED-666,0.0,0.0,0.0007101382986083583,0.002267016939242446,0.0007563530809518313,0.0008793847886796506,0.0029512778500875646,0.0005752063268816482,0.0,0.0,0.0,0.0009684811011227215,0.0012146479145592971,0.0007348700479608239,0.0015128880227117658,0.0,0.0007618574203120376,0.0015506577737433153,0.0,0.001254017141728926,0.0,0.0,0.0004479309991120881,0.0,0.0,0.0,0.0,0.0012629983180685524,0.001235743485204391,0.0006127025277412693,0.0031817087654084425
MED-667,0.0011605108975173974,0.002649543488317802,0.002282425915756483,0.0,0.0017990286271328507,0.0,0.0,0.0,0.0,0.0,0.0021710987392997987,0.0019947415820911773,0.0016272364713360533,0.0026283004999749014,0.0011911536868490721,0.002213098946286969,0.0016667156725703428,0.0027420586353964172,0.0038668195354781315,0.0021181160526847816,0.002302680934503687,0.0029228303727484783,0.0020991905977027917,0.0,0.0,0.0,0.0,0.0021130333234749563,0.0020247327940518013,0.0019289953679146534,0.0017020601810560229
MED-668,0.014735003709378339,0.016576282541090497,0.012750038824395146,0.0001968608585195757,0.006346288467707899,0.018530183210237847,0.019007911413592798,0.01808664005782257,0.00649481586668298,0.004199905467770262,0.022195719388230298,0.005101356916068056,0.020291167772122306,0.0022096854623334583,0.021726839978905788,0.003684183376472144,0.00634825716240918,0.0015941755517803057,0.0,0.0004536729787218152,0.0,0.03010102857239868,0.021484649654756924,0.004952427938976378,0.006694305886785416,0.008640429190174052,0.027043186047559536,0.021638967435311168,0.021144957582855683,0.01051320282766678,0.008310801015927766
MED-670,0.025762390521932143,0.03722423257300114,0.03633413670571218,0.09521735377735492,0.03260491135693835,0.034385241504535854,0.033808585186886835,0.03461659721644681,0.0,0.029022246618576903,0.03698110796789859,0.025081237659646604,0.03670262873169944,0.02599199426888762,0.036231806464973745,0.04145856592863807,0.03892780929792172,0.04074823391190325,0.04016776610959793,0.04030890822297855,0.03948907086627244,0.01700696091932813,0.02658482946043975,0.0,0.11850287704914952,0.0,0.0,0.034109140330242725,0.02861052432870631,0.03821741774043405,0.01830167784270339
MED-671,0.0,0.0,0.02915029801464226,0.0,0.0,0.0,0.0,0.0,0.0,0.0,0.0,0.0,0.0034622734057612936,0.0,0.0,0.0,0.0,0.0,0.0,0.0,0.0,0.004213984500624447,0.012120035748884072,0.0,0.0,0.0,0.0,0.07744306810276518,0.0,0.012578273818101695,0.013507726799996641
MED-672,0.0,0.02167781891298139,0.007425310030772874,0.0,0.015979781978779643,0.04219348623481907,0.0,0.0621095470665854,0.0,0.03041524796583102,0.00961995944379093,0.013490300715140329,0.009998746834695696,0.017871582223468005,0.01024260537323196,0.003311172443536583,0.00626020801069365,0.004119658123295151,0.0012022211679062933,0.011956993336368798,0.0,0.0044342506766763806,0.004632865942129542,0.07763711407100662,0.0,0.0,0.0,0.014197789991173987,0.01680294247469366,0.003996304798166287,0.004206925906891275
MED-673,0.0,0.007650013706048235,0.006696049494955188,0.008709920319365653,0.007633952989645571,0.0,0.0,0.0,0.0,0.0,0.002471601731136592,0.007197916811711754,0.0045473063632795185,0.006577342577348542,0.0023813984694773505,0.005830712725692355,0.003789355090137223,0.007290006701604834,0.009016202857027467,0.007573555207962377,0.008262583206862633,0.005270484128553046,0.0032516241978269174,0.0,0.0,0.0,0.0,0.0054763461015758215,0.007328036652194905,0.00595219750785089,0.006870484055773663
MED-674,0.00834477594784484,0.0009563441327670725,0.0007437992702753248,0.3374723392528828,0.025721552391495123,0.0033170586764749194,0.00286370068400783,0.002938922702947577,0.1057861744844458,0.0,0.004404552701764439,0.0012704140108082877,0.0019749388383916064,0.0015482600570037304,0.01363324837046704,0.0,0.0,0.0006594658123037275,0.0,0.0006934384704466408,0.0,0.0,0.0026962121667612553,0.0,0.0,0.0,0.0,0.0006535343811971442,0.0019469980578429458,0.0,0.0
MED-676,0.0,0.0060066272300586246,0.0038472103762935968,0.0,0.0011910220190116839,0.0,0.0,0.0,0.0,0.0,0.0037756829343213796,0.00619597711101337,0.0035576407762859157,0.0052839913810077905,0.006049022104574141,0.004762699184268618,0.006586630038624107,0.00021158442198466852,0.0,0.0,0.0,0.005171877052226648,0.004251640052107285,0.0,0.0,0.0,0.0,0.005380392214421316,0.005889515795031264,0.005346440863268715,0.006306873698524605
MED-677,0.015360613359115862,0.017542618692897808,0.01641318556482793,0.0122649175967886,0.017611622574774107,0.007501660799591992,0.010678307164913848,0.006857952845940172,0.0,0.0,0.01606085075509025,0.012353600692895872,0.016402603534646096,0.014440998114623972,0.016118624010763916,0.009438986573523624,0.00887136702195153,0.018325218568815416,0.008102099944974584,0.01890708483005383,0.008831142432624084,0.024320393884527686,0.009019725747625667,0.0,0.0,0.0,0.0,0.017086094454428952,0.014134768158338152,0.0,0.0
MED-682,0.0044537135344478,0.007410453387365644,0.0073013462588348045,0.0577478686739752,0.05285875947372464,0.026773195690817524,0.026258000162474007,0.024474776929161918,0.0,0.0,0.009542469622645102,0.0013576681904797574,0.006781729041514011,0.0007714861637711959,0.0053006232961748355,0.0027318399975048654,0.0021659140561196516,0.0057298099655000035,0.008172674554464077,0.006023209710902964,0.006838739844967855,0.0006005609003015628,0.00019659995030297308,0.0,0.0,0.0,0.0,0.0017259542797460176,0.0025237730269473016,0.0002871176004661346,0.0017553428186068687
MED-689,0.0,0.01048985910285637,0.004236532963156637,0.003346804753834298,0.0011734821974253135,0.0,0.0,0.0,0.0,0.0,0.003692536970582485,0.002954873705480637,0.003820695503444226,0.002604397912392946,0.0,0.010121524411704488,0.011044372913789817,0.0011846564101241509,0.0025479659797600428,0.0012511289865767103,0.0006918636376434984,0.0018996995014462993,0.000903873824293963,0.0,0.0,0.0,0.0,0.002213367696180598,0.003345020937871795,0.0037856017957635536,0.004284771316284502
MED-690,0.0,0.0007399055853520689,0.0,0.0,0.0,0.0,0.0,0.0,0.0,0.0,0.0008143297382023285,0.0,0.0030942250367778502,0.0,0.0,0.003161981919290272,0.0020313689604214303,0.0,0.0,0.0,0.0,0.005265205500888363,0.0014103022245619348,0.0,0.0,0.0,0.0,0.0,0.0,0.0011187554947422204,0.0028484832335909033
MED-692,0.013723376399637338,0.02309679214514303,0.033921533940243005,0.0,0.031472833464069386,0.02187390811158837,0.00697734517469944,0.024184360668150544,0.0,0.0,0.027189048692039357,0.016619057534240592,0.015096154296696845,0.024251624231179308,0.018239036403269637,0.03253729432152557,0.018330071301250955,0.010589274149897406,0.020729803748337775,0.01762666086798896,0.03880030788558141,0.03859116113020415,0.05558723842477652,0.0,0.0,0.0,0.0,0.0,0.021327640971788884,0.01977232456762295,0.018918761902847143
MED-694,0.0019695445858819473,0.0,0.0,0.0,0.0,0.0017655020397738736,0.0010368391431720126,0.0019614260654864774,0.0,0.0,0.0,0.0,0.0,0.0,0.0029070777481248347,0.0,0.0,0.0,0.0,0.0,0.0,0.0,0.0015941471483512017,0.0,0.0,0.0,0.0,0.0,0.0,0.0,0.0
MED-695,0.03127794231538528,0.022657689898501046,0.022519264818505823,0.013689939212560301,0.030893494160584723,0.020059415762941638,0.027590574803296918,0.024841603425570364,0.0,0.0,0.018015961096030274,0.02285725256498465,0.02183012429473973,0.02267631815882861,0.020087091113983678,0.022690038467089432,0.020298873139284093,0.02383305110619235,0.006814922583348003,0.026720282877593923,0.016729005973729567,0.02432924237245592,0.01993946331968858,0.0,0.0,0.0,0.0007962162208586517,0.025485769586399292,0.023986700109067338,0.022126006538918584,0.02139024325763431
MED-696,0.04976742080945552,0.03763193274644982,0.03527570317513586,0.00036621372122208395,0.00017719582672435624,0.04385024519431048,0.04024460188742073,0.04201169894888529,0.022379569646302257,0.0,0.032247951181138795,0.03470110902174373,0.030154650451423032,0.035288171962579086,0.04393996152555036,0.02964650982634215,0.03455732480292521,0.014096270950319678,0.0,0.005987140249303444,0.015307101074549724,0.013947752472642497,0.0255207685163168,0.3714620749392398,0.0,0.0,0.0,0.04027369961774201,0.03793975456018943,0.015413182805785198,0.04186253719344246
MED-697,0.012146040694911042,0.031694386150152846,0.02921418643678142,0.0,0.015975117800773812,0.0024562173664524293,0.00528221068873129,0.0023889270632807182,0.00015030371607574583,0.0,0.008068633859208089,0.006531727938490901,0.009907935455543167,0.009242592281035134,0.015933518984228973,0.025441482502415045,0.03964897470132152,0.014499030203091096,0.0038707723339364906,0.02071672780384958,0.012157881505765302,0.014154106237293459,0.028257782582410337,0.0,0.0,0.0,0.0,0.013402720338605517,0.0009412401597121503,0.03040356806684634,0.02409458244400641
MED-698,0.0043016396723503224,0.0,0.0,0.0,0.0,0.00317252499730649,0.004025651745468681,0.0018311158869721614,0.0,0.0,0.0,0.0,0.0,0.0,0.004846913978861272,0.0,0.0,0.0,0.0,0.0,0.0,0.00488553850952404,0.005449939475479827,0.0,0.0,0.0,0.0,0.0,0.0,0.0,0.0
MED-702,0.010309001662950533,0.0030740062399122617,0.007639646101523473,0.008089060921677528,0.007094070196557638,0.01062512384259286,0.008308053399171275,0.010324241990159529,0.008416007884058224,0.004182500957271568,0.008965616467014373,0.007437726734540631,0.008624552876160714,0.012860021335347457,0.01040729028511253,0.010518043769756515,0.012325585370137697,0.005974921321662972,0.0,0.0,0.0,0.009784250368871315,0.010966145193808395,0.006645666412432837,0.003025258640583396,0.0056192756050726725,0.006924253206826333,0.007421156106563505,0.009018475202955454,0.010973949408401013,0.013761765093590742
MED-703,0.0,0.0,0.0,0.0,0.0,0.0,0.0,0.0,0.0,0.0,0.0,0.0018276158974141184,0.0,0.0,0.0,0.0,0.0,0.0,0.0,0.0,0.0,0.0021546950466266174,0.0020607870465072942,0.0,0.0,0.0,0.0,0.0,0.0,0.0017943552120786963,0.0
MED-704,0.016687528135681386,0.0051870063458355825,0.0,0.00803084911513828,0.005337503044744044,0.002989452192336742,0.0,0.0033221509575064143,0.0,0.0,0.0,0.023707021288443868,0.004062881129458751,0.018325897579324294,0.01719316429825783,0.011976983403895747,0.01741553971518141,0.0062466301693610985,0.004948929038118782,0.01136859221675527,0.01906055909994654,0.014894533782845595,0.014045464963759077,0.0,0.0,0.0,0.0,0.029497663309938933,0.022441807507740684,0.028243743862789026,0.03192335292754707
MED-706,0.003666428044199043,0.002401858154044343,0.0006234469242498814,0.0,0.0,0.004018863435822342,0.0049256284341982265,0.0031014371486109823,0.0,0.0,0.0,0.004030010214678141,0.005616148630664676,0.0024520398228341524,0.0023013218601962153,0.0037332167812479267,0.0033369608629610155,0.0,0.0,0.0,0.0,0.00354218371448679,0.0037485741453882984,0.0,0.0,0.0,0.0,0.004046170708671681,0.0040192831984470845,0.004393652611955793,0.002587502358026334
MED-707,0.0,0.0,0.0,0.0,0.0,0.0,0.0,0.0,0.0,0.0,0.0,0.0023776268004652304,0.0,0.006848337995839885,0.0077103610410222834,0.001579861821703538,0.003044717882345222,0.0,0.0,0.0,0.0,0.0030045008934249003,0.002595855134987813,0.0,0.0,0.0,0.0,0.004597684771051249,0.0019372240212112398,0.001425061787975208,0.0
MED-708,0.0,0.021869421591053144,0.017790713886855318,0.0,0.013711468788003372,0.009851973856543152,0.02291426305714619,0.013248340775416863,0.0,0.0,0.018689617560598563,0.0,0.013942449258860776,0.030069960757546903,0.05171677241458897,0.035529445289521254,0.01216061483662907,0.006953774724923975,0.0654178731932337,0.015031121401622218,0.037837731985246,0.0,0.01280837672145008,0.0,0.0,0.0,0.0,0.02550743035206336,0.0,0.022571424659032238,0.02615392853721565
MED-712,0.05988483816514563,0.012886919880071264,0.013977608119909503,0.01209912800670434,0.014602653530105326,0.01728232751084386,0.015278798972656191,0.017461474134454577,0.015211019353295944,0.0,0.013216251368496329,0.015696013094019967,0.011995526885552055,0.014276456149195793,0.016018626742835527,0.018169512286491607,0.031049455406878236,0.01919547917753772,0.02097800284737956,0.019327937217370472,0.021399862465469523,0.02635701257644078,0.01989284049865612,0.0,0.0,0.0,0.0,0.014344972629777747,0.014962573221929914,0.014386086602786579,0.014055352321987225
MED-713,0.0007515627430693121,0.00031686853725804734,0.00013896680501707763,0.00109530453103247,0.0003688955053210123,0.006417563570108913,0.0,0.0,0.0,0.0,9.314429880945708e-05,0.000427910219352775,0.0003034493190293774,0.0004925700332778193,0.0006072759789513937,0.000546069957708818,0.0005496006485372284,0.0007893136311248601,0.0,0.00032223184179523803,0.0021507765948984717,0.00018328434404311675,0.000498741488999935,0.0,0.0,0.0,0.0,0.0004022794496205202,0.00047038173072351373,0.00044857105547121284,0.00036876160807254653
MED-715,0.00029046853483026514,0.0,0.0007517444094509733,0.0005163260385316124,0.00024702682187231274,0.00025060517245011744,0.0,0.0002719770961130772,0.0,0.0,0.0,0.0008239755755396453,0.0,0.0,0.0004086156533781344,0.0,0.0,0.0007679378281520996,0.0002228225071837895,0.0009956525194743306,0.0007038758589138293,0.0001626908967794541,0.0008031959712042902,0.0,0.0,0.0,0.0,0.0011836046044601378,0.0006450287270831872,0.0003944071545892109,0.00024870345300415304
MED-716,0.0,0.003252523155850247,0.001990616592357484,0.0005638595780732307,0.0035692234680996405,0.0,0.0,0.0,0.0,0.0,0.0029414951701613886,0.0024039143176700687,0.003076196005314326,0.00267900127491243,0.0,0.0033970540458041956,0.005042071021706534,0.002705164361151158,0.003367409627795945,0.002596323282737107,0.0025939970195587576,0.0,0.0,0.0,0.0,0.0,0.0,0.0019839612090298384,0.002541444035861379,0.0027548634474545905,0.002972547506040319
MED-717,0.0025150948776270655,0.0026235195089006997,0.0026540991566984047,0.0021410889736569205,0.0022971424114640645,0.002489705553379467,0.0025004304472349163,0.0024481282431565,0.0,0.003863731336268279,0.002394761765379938,0.0014759356324263488,0.0025085844527612156,0.0027662234438890227,0.0030558539859169838,0.0020355387990666327,0.00258425733463508,0.002649025790141829,0.003517811974027739,0.0021149162368349727,0.001648188696955469,0.003059886985292134,0.00198592372437139,0.0,0.0,0.0,0.0,0.001610987784589863,0.0019342752506744457,0.0009910552596982109,0.0002100794640915446
MED-718,0.0033860690941030698,0.0,0.0,0.0014167912539256764,0.001506105870412879,0.004900161772989555,0.0052730049607114145,0.004745927769576209,0.0,0.0,0.0008170548250312951,0.005414095117592211,0.00022811101835244193,0.005931494580824242,0.0018520617175884777,0.0,0.0,0.0001273573702275487,0.0,0.0004977861524930414,0.0025150419350119958,0.0012888267853635206,0.0002829091352736824,0.0,0.0,0.0,0.0,0.005924635149821646,0.005591069002015956,0.00020703493531466283,0.0019281787430668138
MED-719,0.030365096517849,0.028884806705480548,0.027475797538614986,0.012722288754462355,0.029647066904138614,0.02139927791995191,0.020270351531213895,0.02032387326769299,0.0054075167969106965,0.03676662803193296,0.0287578331548652,0.0297799937560975,0.028245444057046758,0.02664734079699607,0.03048426690056533,0.028643550344525755,0.028246604983547623,0.0283001721365379,0.031710351013149625,0.02837406046171087,0.02939417360341723,0.028027318474639764,0.028681499364222818,0.0,0.012076355603185342,0.0,0.02198310938448369,0.03064164927787622,0.029798331504258518,0.029530406917876145,0.029875820093608455
MED-721,0.0,0.0006760507911658354,0.00022121050427894264,0.00044306998599767807,0.00036788907651144967,0.0,0.0,0.0,0.0,0.0,0.000209349004482669,0.00037796572449753295,0.0004493121133366668,0.0007729787028392556,0.0,0.0,0.0,0.0007387596259050585,0.0,0.000661256824076084,0.0,0.0,0.0,0.0,0.0,0.0,0.0,1.4749604581314503e-05,0.0004508124744180373,0.0,0.007545133275491558
MED-725,0.0018856635983773217,0.0021378008910281823,0.002165032111333548,0.0002606969368802403,0.0012636098798903745,0.002453323685329011,0.002321100160284963,0.002184450627882217,0.0,0.0,0.0019756636649425016,0.0033696212911093486,0.0023289281541819034,0.0,0.003276436773335931,0.001659156328648474,0.001607882893206944,0.0014977605978768649,0.007810262013405566,0.0017687664044030691,0.0016723657906913608,0.0,0.0012740846520528466,0.0,0.0,0.0,0.0,0.0023155308357671934,0.0024869199411371888,0.0019280887984021498,0.0029623886774856633
MED-728,0.004601989995586521,0.004772989613209617,0.005044854503966516,0.0,0.0051266749498795495,0.0,0.0,0.0,0.0004438849868486571,0.00018143212423083805,0.00159048155082264,0.0,0.0002416006882133821,0.0,0.004811205448647302,0.004853285280532681,0.005157054209471488,0.003235202030674486,0.0,0.003722287192233949,0.0,0.0,0.0,0.0,0.0,0.0,0.0,0.0,0.0005508313921046031,0.0,0.0
MED-729,0.003116741715746992,0.0030653079121907324,0.0037985939354164893,0.005982535037783669,0.003387719241368379,0.002960436519831594,0.0024963590295788694,0.002956333823284651,0.0,0.0,0.0045231053385579095,0.0032479294307245473,0.0037397199899920656,0.003744859907574506,0.0034345000977651385,0.0026630721969144633,0.002295160521099183,0.0032089197771824965,0.0026121175626722787,0.0036534273027681793,0.0034042816762369374,0.003633031821296341,0.003718230132445423,0.0,0.0,0.0,0.0,0.0036030327647651474,0.003268640381244982,0.003434185090319285,0.002987224514499752
MED-730,0.0013670309614550015,0.0017971033886869333,0.0012262754766805008,0.000529459900071229,0.0007975852301324207,0.0012481365985067198,0.0016418570984939285,0.0015262120350335085,0.0,0.0,0.00157981297073046,0.0015430266701752387,0.0012310409805989311,0.0014904837315776241,0.0009275787491659812,0.0009305760347983314,0.0008612024123641912,0.0012558609400895298,0.0018719005043274595,0.0011993044596318853,0.0016880934241249117,0.0013169258018617955,0.0012107536385786782,0.0,0.0,0.0,0.0,0.0013097795661244649,0.0013448662512094449,0.0013363774111435462,0.003094771595425003
MED-732,0.017647816564449227,0.01611947904673072,0.017594405188305313,0.0174377557433764,0.017635007274311894,0.01774225856360475,0.01839962793069926,0.017553948623152713,0.0,0.0,0.01591298735206081,0.017009717159814017,0.01621588487128003,0.022025705168855138,0.017284126741129755,0.016132271133688293,0.016411181681017562,0.018681502930275436,0.017274326895568848,0.016995717681070395,0.021956623556598085,0.015444260230925152,0.0188830432916813,0.0,0.0,0.0,0.0,0.019535046019286254,0.01791088176413752,0.014511773779485473,0.012951703920340216
MED-733,0.0155287961996966,0.021220565599723906,0.01814663468782442,0.013467324735205862,0.014627943632856735,0.017120441159910387,0.01676539813397366,0.018498225896571165,0.004569042071449574,0.0,0.029200010827275486,0.007182257314788384,0.03915338246686837,0.0072323508140770855,0.007768521289923416,0.020642910195993642,0.02103766009393555,0.013453604731150615,0.006285724041024191,0.012385407622142708,0.009615875760776549,0.00577049907732448,0.004833307587805736,0.0,0.0,0.0,0.0,0.009357048836987564,0.007436013796646477,0.01292322629644764,0.004334178855803028
MED-734,0.011267322352501517,0.01111817459461527,0.013925449265003036,0.004241345661319164,0.02050231743570155,0.010839987826264328,0.008821800293104795,0.009994091102217583,0.0,0.0,0.010071889873668584,0.011197802349465507,0.01274483771979444,0.010750909680381669,0.014743660245933715,0.014321463963971865,0.012028790281156148,0.0028703062963525952,0.023082902523834326,0.00742731766749226,0.0,0.010995464210170294,0.011956752203695907,0.0,0.0,0.0,0.0,0.01091204267012448,0.012157541151142067,0.011494532520042629,0.011381119237161577
MED-735,0.008310754196309037,0.005374275069543424,0.005056675336129258,0.00689815813986041,0.012237716369412704,0.008764360585772731,0.010455564934388479,0.007718052149038198,0.014412864279615033,0.0,0.003556762136822495,0.012251839508143366,0.006695736843199078,0.01250353952540852,0.007846323897993232,0.0,0.0,0.012734340463671794,0.011923536366795013,0.012225669535080709,0.012532418701315141,0.0,0.0007782674329792355,0.0072813962504431964,0.0,0.0,0.0,0.012336669292419266,0.012102951070034656,0.0018710623189703568,0.003114571210510846
MED-736,0.008500140687480014,0.0025492305098855908,0.015332283281177757,0.0015074674870339496,0.006647527022294548,0.007284635061027231,0.006115394955476039,0.008154720440743878,0.0,0.0,0.01720662077893761,0.008989038690721615,0.005553451695225272,0.0032190982518411886,0.008590530033425987,0.0010308275501713583,0.003849895054382884,0.0045700600333570705,0.0055776364379321675,0.0058815391146767705,0.010218886838053477,0.018102955907660347,0.006642666939781651,0.0,0.0,0.0,0.566988000519852,0.004767225662735111,0.006045611020113244,0.007785718145475216,0.016461622990873937
MED-739,0.004308785130111113,0.004533821410607817,0.003746868687456052,0.007051020153336887,0.0038747960405941064,0.005740569711646751,0.006542268072495495,0.005207753332101688,0.0,0.0,0.0034414996180988596,0.0021826179659010948,0.0038272513382604932,0.0024513773265865788,0.0056235009442832514,0.005412133671974706,0.003327755898256749,0.0035948902281539934,0.0017157785772398558,0.0024349896476470517,0.0032560399665129136,0.004546367362656167,0.003823680797611308,0.0,0.0,0.0,0.0,0.003536373826899544,0.0026692239185201684,0.002290781071113886,0.0
MED-741,0.011362508475256376,0.01479601271748701,0.016825713590248356,0.026645772627160932,0.01671532353795927,0.015733234324867573,0.015716167421995438,0.01447963383119692,0.0,0.0,0.016402596884621194,0.01068349950913698,0.016061753799648373,0.013200835580284408,0.0023714604180373002,0.017842979439522087,0.015210531605837362,0.015990796325500545,0.01813849913186859,0.015771698810771957,0.015597620378877786,0.009274292063271327,0.0019888842609206083,0.0,0.0,0.0,0.0,0.013978072948444116,0.012127574229073207,0.013158787485358358,0.01365642131718253
MED-743,0.0,0.0,0.0,0.0026167794461627526,0.006036256708450304,0.0,0.0,0.0,0.0,0.0,0.0,0.002275769115952042,0.0,0.002388970740392615,0.0007404143430627887,0.0,0.0005156372039551725,0.0031916741651238944,0.0021682800645575918,0.0030827080568771904,0.00355068563583348,0.004316664871773447,0.002156155247921758,0.0,0.0,0.0,0.0,0.002573243447506533,0.002640111938219676,0.00035841841698499644,0.0003744246814760314
MED-744,0.0,0.005739677948955801,0.006510498100215655,0.00965894277616059,0.006758660573169969,0.0,0.0,0.0,0.0,0.0008385907574046899,0.005925321614094942,0.0,0.006113284731942718,0.0,0.0,0.008375715607771008,0.008490495142378436,0.0050541949054500445,0.010740184874921746,0.00804319047584586,0.006410148544495531,0.0,0.0,0.0,0.0,0.0,0.0,0.0,0.0,0.0,0.0
MED-745,0.0027490723343908258,0.003299146526850413,0.0031205208707132726,0.006073868047628885,0.003581083346070176,0.003462344665275217,0.002910446454722945,0.003500159245090239,0.0,0.0,0.0033957949765700806,0.0021094620300284323,0.0035830754722120176,0.0015945609751615106,0.0015003089362503866,0.0024627930949775176,0.002351063666344295,0.003392982101735224,0.002489578818557186,0.002875764951192902,0.0027292575305029186,0.003237956665325033,0.0012921157729383695,0.0,0.0,0.0,0.0,0.0022981615828743533,0.00169650010844474,0.002175991413902692,0.002236133024892475
MED-746,0.002667698571327019,0.013767729711518595,0.013234751881449023,0.008370152361398693,0.011991015142393464,0.006917966188910324,0.006450919180838776,0.006522389287810509,0.0,0.0,0.007185068288828043,0.009935952289956156,0.010257856991032443,0.010311065991564687,0.015590052171527573,0.017412888204348866,0.01145561195004242,0.010392201658731549,0.010241735744249364,0.010503265917262661,0.010934199199024086,0.01835674282428782,0.022571937073375056,0.0,0.0,0.0,0.0,0.010150161746473547,0.010416980405020536,0.018433258226759813,0.013735602737849427
MED-747,0.007997469201382024,0.005234530178946688,0.006903745811920064,0.012007714994671412,0.005805401956163409,0.006421387785560222,0.007182771304442467,0.0073345090472166,0.0,0.010925078026891877,0.0056832368314794525,0.006858895422120554,0.006421898700349967,0.008620331411078905,0.011991560868359041,0.005494888580978419,0.004467665023044751,0.006259768040932455,0.006041704766246344,0.00584547441234083,0.0063990636880769825,0.0,0.008329447582937709,0.0,0.04411997110991452,0.0,0.022847071669548663,0.0029140713301475463,0.004415385272676156,0.005646929016630372,0.005710363684925313
MED-748,0.002293559960201841,0.0030139146157973458,0.0008669044090893757,0.0,0.0027401130051266354,0.0008643214254784912,0.001848278044817445,0.0014537587228394665,0.0,0.0,0.00444716246603742,0.001791548582695336,0.0035010206683491803,0.0,0.0021659618749565153,0.004244204361863762,0.0022220537476461463,0.0015180767847044019,0.003933881840139891,0.0011376866454956647,0.0009943465084171544,0.001522957075044486,0.0038977580350505474,0.0,0.021492021224910396,0.0,0.0,0.0,0.004784586557362049,0.004506037255993284,0.00384851499949096
MED-752,0.0027291701334976677,0.0018585682869009098,0.0019456052288623843,0.001941409862892986,0.0010717195765004297,0.0025436266087962302,0.002575528671476282,0.0024039962982921417,0.0,0.0,0.0019267635712112438,0.0023529162640058532,0.003175036327277829,0.0022778297426461072,0.0026659471418517882,0.00017137109303531296,0.0017402485919579761,0.0,0.0,0.0010965746228199986,0.0,0.0025612292832845407,0.002512314165533649,0.0,0.0,0.0,0.0,0.002815299966667589,0.002544107082311583,0.001945820104853732,0.0027942270164743664
MED-754,0.008014299323240517,0.02383954666732739,0.025554971666140392,0.03119864963055194,0.022034392333509564,0.035975423648541255,0.03478126687273719,0.03772272294860729,0.0,0.0,0.023261607933785438,0.021084800854092332,0.023598053264519452,0.023791504243816763,0.0027871491388025364,0.016776134868501002,0.015245867250157686,0.01875228204811856,0.020321254513436002,0.01981018521457464,0.01937710353960667,0.0019530603877449982,0.0015123994812753828,0.0,0.0,0.0,0.0,0.021349033806903724,0.023122740670044013,0.015098012111781963,0.018191259181218212
MED-756,0.0,0.0,0.0,0.0,0.0,0.0,0.0,0.0,0.0,0.0,0.0,0.0,0.00012031848755357144,0.0,0.0005760056125362349,0.0,0.003965684161633649,0.009895388375718527,0.0,0.0,0.0,0.0,0.0,0.0,0.0,0.0,0.0,0.0,0.0,0.0,0.0
MED-757,0.0,0.0,0.0,9.49395564098101e-05,0.002090589951697917,0.0,0.0,0.0,0.0,0.0,0.0,0.0,0.00033354024571793185,0.0,0.0017504269592583592,0.0,0.0,0.0024437512131722395,0.002682128871637463,0.0024296686725486473,0.002655326130913673,0.0,0.0,0.0,0.0,0.0,0.0,0.0,0.0,0.000720125576700345,0.0
MED-759,0.005745514430603552,0.005325336535946577,0.0045890059862283335,0.0,0.004263090846133443,0.005600837052404877,0.006228426912156126,0.005635007459176103,0.0,0.0,0.00544729730051097,0.008689916031421947,0.005494579827281982,0.0,0.0053591114401413875,0.004582172282010074,0.006538112773632521,0.00475268305718651,0.016472129508327507,0.010306827739273865,0.01133126797955263,0.038229188983745735,0.024630037396387573,0.0,0.0,0.0,0.0,0.007963463672246917,0.009163094847641709,0.010304288984299826,0.0
MED-762,0.004437751657150526,0.030324351942468603,0.029335858019306653,0.04367260555311243,0.03550693461595474,0.027210764343400685,0.023156412076289355,0.023439488179831366,0.002731090123625905,0.0,0.019688168142796662,0.03812954093324383,0.028199398674544598,0.03856428299735142,0.023340259171810054,0.02943307984926966,0.03510766381015899,0.03596016258667409,0.03741077333169584,0.03490711432484677,0.036317244198255105,0.03957058322911978,0.03753160787119984,5.906702263074439e-05,0.015209670170119345,0.0,0.0,0.040255077852165054,0.03854140123503309,0.029719360238163205,0.02174372338709303
MED-763,0.02096559201610033,0.022621069674531185,0.022178449565157736,0.009733534586631882,0.01667084775956375,0.018310936116118903,0.019055536863278214,0.01724031699766923,0.0,0.0,0.019331899742877263,0.01792974532937664,0.018967867319501418,0.017817317595519428,0.031554314751581276,0.0174380761893123,0.02472730143365618,0.016127825945658706,0.01858986976681407,0.01543709198439057,0.016383069393537265,0.02106423876612816,0.021197848859682917,0.0,0.003835862788320033,0.0,0.0,0.01819023615279545,0.017118522893497558,0.020497175711986636,0.02053662938067295
MED-765,0.0002697620625030418,0.002659476112834059,0.0023809570124455975,0.0,0.0004860724839135377,0.0,0.0,0.0,0.0,0.0,0.002365660776321948,0.0017273942086057708,0.00239475969101448,0.001136196878363626,0.000902442567728095,0.0026250626450076337,0.0029003721101648707,0.001697954376823502,0.0,0.002844146155190436,0.004424468485309398,0.002599265618076288,0.0026712448111064673,0.0,0.0,0.0,0.0,0.0011932472976506664,0.0022074416092760633,0.0028356564070228145,0.0029405205899833433
MED-767,0.00012071842124609368,0.0010885210992814197,0.0008036433360158863,0.0,0.0007017454869641041,0.00036630746920788957,0.0002919407736870694,0.000261257699052884,0.0,0.0016135833217162717,0.0009260428480357393,0.0009059421083740567,0.0008541532435602121,0.0,0.0003421262483560199,0.0007202422028320506,0.0006547595078876044,0.00010570885733915807,0.0,0.0,0.0,0.0,0.0,0.0,0.0,0.0,0.0,0.000901279477344023,0.0005008570132087253,0.00036093268877030447,0.0
MED-768,0.0,0.0025725907206872746,0.003134925103035614,0.00217018075546719,0.003261311002265731,0.0,0.0,0.0,0.0,0.0,0.0,0.00254150258218019,0.002126921472670737,0.003405031026804346,0.0,0.0,0.0006156220258368106,0.0030283319282112843,0.003510690184920357,0.0037946210573229556,0.004504650145045852,0.0,0.0,0.0,0.0,0.0,0.0,0.0029487443222477824,0.0025663197070082216,0.003576567723443943,0.004576517786930861
MED-769,0.0001490547685724146,0.0008644686230585077,0.0006662804372983321,0.004595419687372871,0.001029902668188237,9.212907578261637e-05,0.000735575998546357,0.0002055951837138573,0.0,0.0,0.0,0.0017029779000367138,0.00045739724320397525,0.0016221115646384622,8.127414744605039e-05,0.0,0.0002575775011022984,0.0022016750876389297,0.0013027745407457143,0.0019503996731401244,0.0021122403904170065,0.0,0.0002872393974621392,0.0,0.0,0.0,0.0,0.0010190966291045874,0.0012528134706795186,0.001461785835537989,0.0012775213573717565
MED-775,0.0013526108038569983,0.0008087217920504167,0.0009569637517392907,0.0,0.0,0.0,0.0,0.0,0.0,0.0,0.0,0.000960123340075059,0.00048501055642746527,0.0,0.0009931267308571042,0.0009388222376278898,0.0013777617008247061,0.0,0.0,0.0,0.0,0.0012182058380151128,0.0012761202101196402,0.0,0.0,0.0,0.0,0.0006732387765031294,0.0006634744096218988,0.0012574708928344762,0.0015615127850851212
MED-777,0.000513167487684696,0.0015043194174717898,0.0006456726606523636,0.0026281905823852085,0.05718521584001241,0.002832086090001699,0.002396246393698915,0.0030550573069550286,0.0,0.0,0.011242841847384354,0.003563412917475218,0.022737491442574045,0.005876243958632891,0.0011698183460180113,0.0026797028365542035,0.0011474283483552449,0.6677461937149735,0.9999999999999998,0.534197194581839,0.42522188291537155,0.0,0.003105016709780159,0.0,0.0,0.0,0.0,0.0066885998747667616,0.002348962042491979,0.03976300965595331,0.0
MED-778,0.0212649970559176,0.023953036360104266,0.02614292122713899,0.01502481760577894,0.02591703442555596,0.04363387985341403,0.056679827367986754,0.03829633171430489,0.0,0.0,0.025090669979771017,0.016082779921868757,0.0257790309964524,0.05913466730162869,0.006519822428667366,0.026935085840706485,0.024522156390902404,0.020271153785047225,0.01679042040606139,0.025843768514530494,0.030474007247249784,0.00767209446578996,0.02258842953713016,0.0,0.03389410360874642,0.0,0.0,0.0,0.010486845806798768,0.008694035568040171,0.0
MED-779,0.010757339790781044,0.013534544523043448,0.008450242635642959,0.008985971961137514,0.01283110947633191,0.009997327044285227,0.011983210980723235,0.00974997182513926,0.0,0.0,0.0036822899971123467,0.01270800912590085,0.005261087135123458,0.012667487498332021,0.006340691212363233,0.015166183189062384,0.009875730629925368,0.005376916837122376,0.009665993434088766,0.004660599565144353,0.004661315389377646,0.012347260714472261,0.014283521297883746,0.0,0.0,0.0,0.0,0.013101222667797468,0.0122657139638596,0.007388135260546953,0.008498986367598245
MED-783,0.013542681476778059,0.014832364847602798,0.011029672216696216,0.01337257577519287,0.02151028925920852,0.01476309222200227,0.014693005799584546,0.01494289519556864,0.0,0.0,0.016984077298490986,0.004100511601151889,0.01752379296241425,0.0,0.014469662728746306,0.02011748545432316,0.006287111471615706,0.02033316788080373,0.0,0.007548610743098722,0.0217528552838803,0.012863872981922613,0.014840505836653731,0.0,0.0,0.0,0.0,0.0,0.006713823647435035,0.0,0.0
MED-792,0.0,0.0006044472922026972,0.0004685679030595361,0.0,0.0005186864351958048,0.0012747667674540024,0.0,0.0015329066171378498,0.0,0.0,0.00040577043875055077,0.0,0.0005359912320762354,0.0,0.0,0.0006462155012055559,0.0003579723390936782,0.0,0.0,0.0,0.0,0.0,0.0,0.0,0.0015942242609398465,0.0,0.0,0.0,0.0,0.0,0.0
MED-796,0.0076875914742652205,0.023224916926056324,0.019404467911336577,0.021646247139727893,0.030761598703835106,0.029213782905019848,0.027933801851940405,0.028081674425735677,0.005963164774409007,0.0,0.02040625072162959,0.028487542327458724,0.02009841837834412,0.027440815354247014,0.017738845374684373,0.013344700618819061,0.012683170908401488,0.033781915237502194,0.03118706521900306,0.034390910936677566,0.031091946024066258,0.010570048087563814,0.012222680472809007,0.00038231888689414827,0.0,0.0,0.0,0.026702032118477954,0.027434259244084085,0.0193622017003515,0.02659019230572403
MED-797,0.0004516885083958901,0.002941426238120071,0.0032608665826226522,0.0005251563053063574,0.003168326384783683,0.0010478904873479702,0.0,0.004593981635989608,0.0,0.0,0.002497335911540879,0.0032891825428952456,0.003236207889286086,0.0033267401911612066,0.0015937620617236929,0.0026456204480063594,0.0031202576604911184,0.002990385724546795,0.0027057745370542823,0.0033660597890389026,0.002692451227477731,0.003020204776689327,0.0029905902688111036,0.0,0.0,0.0,0.0,0.0034758192430934492,0.0033812959247289153,0.003290177416545555,0.0032128447683090625
MED-806,0.011447511630012272,0.009646366314875752,0.01648858692700155,0.010721493066488485,0.01234414555882647,0.0,0.006568060774175161,0.000494678863733766,0.0,0.0,0.004480810739833122,0.010483413214439923,0.011568718722297214,0.011296167317802365,0.02140469382140813,0.02011135863366854,0.010370820303187304,0.009999698216953932,0.010492388031125031,0.010611955331127807,0.0112492539339975,0.014035327748179432,0.013218619122432803,0.0,0.0,0.0,0.0,0.010247218755423075,0.010292348137168174,0.015040710956405846,0.009517439701516453
MED-809,0.03681516009808343,0.03556690807628592,0.03782046454691936,0.0496694598712034,0.03502927454036731,0.040136847586164245,0.03722388241180401,0.04128156417878139,0.0,7.56251199153529e-05,0.03748590410856195,0.03937927547184504,0.03950693224934998,0.03678850618503296,0.017513833601391655,0.03846500901792526,0.03568349157131245,0.03882970289530217,0.03870476274706186,0.03795045791171996,0.034309938313695054,0.015837047893596887,0.02287246722754557,0.0,0.0,0.0,0.0,0.03623693838471796,0.046827212168385174,0.030590560507175804,0.04570371905157936
MED-810,0.004042415163264642,0.0003484448649336278,0.0015184057720089095,0.0,0.0001296660250895508,0.0011010551158473602,0.0,0.0012610631343128685,0.0,0.0,0.0001700609654577829,0.0007957529937865549,0.0006713127431796481,0.0,0.004565471749371675,0.0017325676088852866,0.0018222620961626007,0.0,0.0,0.0,0.0,0.004049271353077148,0.004330763158191532,0.0,0.0031853953788284913,0.0,0.0,0.0029716136254091937,0.0003000539836789894,0.0012200168769837454,0.0
MED-814,0.004722541599765263,0.0040698985103659316,0.004777452978657316,0.0017807845585326514,0.004628858094456616,0.004565745940000239,0.00396170782498424,0.004997816602011436,0.0,0.0,0.004321383358865187,0.006039514002667768,0.003954065365742229,0.0028505689918752164,0.001945879916793041,0.0009443172942634869,0.0,0.0026215990208394067,0.003857556192522777,0.004258600985809818,0.00540697929809459,0.009645988924602241,0.0037158435194407017,0.0,0.0,0.0,0.0,0.00404806125185257,0.003431307585779806,0.0,0.0
MED-815,0.0,0.0020240981573008744,0.002223487538471387,0.001374326827805556,0.003945903990208043,0.0,0.0,0.0,0.0,0.0,0.0,0.004055567408272236,0.0021036036647668573,0.004480835014713527,0.0,0.0,0.0,0.004072792927448392,0.004603985599440128,0.004104946129391387,0.0036474437371748175,0.0,0.00037080423589829013,0.0,0.0,0.0,0.0,0.003798983903575893,0.004106018478282136,0.0019043031338982198,0.002376700746592005
MED-818,0.005868404307896524,0.00789691941453892,0.006257147375019445,0.006226543451174463,0.007403893041586299,0.005432612724260915,0.00943707230070964,0.009025738446062529,0.0,0.0,0.005562412939203003,0.00785206190172495,0.008202774445798724,0.009041784010996312,0.007568233049364573,0.004707520810063635,0.009058263942133389,0.006692922881251354,0.006844220961273024,0.006943040673485867,0.007055796028290136,0.008227255289495887,0.006805818903231538,0.0,0.0,0.0,0.0,0.0061832520637034975,0.00771398644744613,0.0054929488490124715,0.007300716237703948
MED-819,0.021487072712850625,0.018817127406195486,0.019361909060841294,0.012555047664488304,0.018284305055304133,0.019319277224524176,0.020530111029782406,0.019918150828442893,0.0,0.0,0.017883486657041456,0.017221261685912218,0.01837002801340746,0.01825935442693201,0.021256748688254532,0.01808981582037007,0.014475577116778673,0.019295961876728544,0.022653431101773886,0.019283178894185994,0.0191856127922817,0.014842851030921015,0.016710763030711985,0.0,0.0,0.0,0.0,0.01900795507492139,0.0185529709407987,0.01967937625705297,0.01709665939529028
MED-825,0.011879987289265733,0.01526034446647614,0.014650782744241801,0.009521126240755958,0.012409012747977946,0.013730027419639848,0.013493707091722514,0.013756446672983055,0.0,0.0,0.012961317917886423,0.03966042005714922,0.01299658844059915,0.05169582978671288,0.01406984390879602,0.01787376650779786,0.019532142392490293,0.01627635859378711,0.015811999407513905,0.015719811895673338,0.0174125021062519,0.02405754765068085,0.018450383749455825,0.0,0.0,0.019807060205308133,0.0,0.03473431064389683,0.02779580981087404,0.033341140354015246,0.019948828205540243
MED-827,0.00016589670529666906,0.0008406697730462668,0.0008212393960721408,0.0016814268036747574,0.0019921602127546748,9.627834846755175e-05,1.3694782385265038e-06,5.580870877093081e-05,0.005485090250773488,0.0,0.0012870711360044402,0.0011775337286289887,0.0011860497217969603,0.0015353305991848527,0.0005007818175747694,0.001319716788741738,0.0009220682171131703,0.002837453141376231,0.002704853931402276,0.0030462483993614355,0.0033942250911108444,0.001358286242932258,0.0009163427072509492,0.0,0.0,0.0,0.0,0.001013308576535576,0.0009024564821522583,0.0015001783357222428,0.0019383191492022157
MED-828,0.0037980625954576637,0.004679283748748096,0.0043332182968019274,0.0024799361269552483,0.004813550309842637,0.003492523070548841,0.002295478189391732,0.0019092122218799085,0.0,0.0,0.004438195229735349,0.004233140494077167,0.004251261765890864,0.004354062449970284,0.004333487075334198,0.004163482819694312,0.00408306834808285,0.00435572809665167,0.0038934007243885665,0.004654252377333875,0.0036105308677010406,0.004421941216263074,0.004382068859091135,0.0,0.3916280484051506,0.0,0.0,0.004453260013404132,0.004364220747868595,0.00440586874447129,0.004448994347335842
MED-829,0.0031897888560541987,0.005834818701376772,0.005722816613130866,0.002063041953955233,0.004743771207054003,0.0025923316913077487,0.007054116439913257,0.0024005551803920285,0.0,0.0,0.005478818294799714,0.0042740565391150885,0.0054169940684941475,0.004973095319216368,0.0,0.002852467302232826,0.0028181260633531545,0.006025333581910558,0.004002693943024527,0.006161136744895543,0.005460592735689794,0.0,0.0,0.0,0.0,0.0,0.0,0.00299437662732917,0.004452795650423673,0.009687893711241529,0.010722271860760604
MED-830,0.0,0.005971262400052289,0.005004288289092613,0.0011930434353813475,0.010764402603649043,0.006275227854992189,0.0,0.0,0.0,0.0,0.007830120445801416,0.0,0.009750874324058597,0.0,0.0,0.00691725239930664,0.005459903535515704,0.005410550812132113,0.019095676928741843,0.010810841301302027,0.0,0.0,0.0,0.0,0.0,0.0,0.0,0.0,0.0,0.0,0.0
MED-831,0.0010923804241214459,0.002843025732186459,0.0024588815134412825,4.966145533967589e-05,0.0022133998605111628,0.0011897235118090192,0.001733432761576062,0.001464828794763544,0.008346636125476174,0.0037467682477307224,0.002665112534937462,0.0020520219588081798,0.002692580747797906,0.0019508036456857864,0.0006305237594004678,0.0022809094655889075,0.0030270627515427946,0.001484708658529559,0.0006101319017656357,0.0011924362895137659,0.0023146663097087117,0.0,0.0008822726809617618,0.0,0.012525390708092088,0.003963449821425831,0.0,0.0,0.0028173572144990573,0.0008614729765840666,0.0015409402644833675
MED-834,0.0,0.0,0.0,0.0,0.0,0.0026595989529342753,0.0009554785307621224,0.0014807464023402887,0.0,0.0,0.002086721449999048,0.0,0.002109206433498428,0.0,0.0,0.005945904137747877,0.003753099618639897,0.0,0.0054999138100793625,0.0028736001648416477,0.007431470674569949,0.0,0.0,0.0,0.0,0.0,0.0,0.0,0.0,0.0,0.0
MED-837,0.0,0.0,0.0008746917187532476,0.0,0.01422973311410855,0.0,0.0,0.0,0.0,0.0,0.0,0.0015819060075307927,0.0,0.0019576776852362862,0.001087303186762002,0.001422988383260402,0.0019222676121585997,0.0,0.0,0.0,0.0,0.0014823465682174473,0.001452016693419887,0.0,0.0,0.0,0.0,0.0009944728495053863,0.0020354339061062474,0.0015556136991655679,0.0016742062486222963
MED-841,0.008633123122078167,0.008822724178030783,0.005287985547555971,0.0785774268664391,0.057819256639025846,0.030845455961500255,0.03662240932020562,0.028021136610274763,0.0,0.0,0.001301318613733727,0.020483528147191656,0.0034875922563039957,0.01740133722368507,0.005114514558538291,0.005261849032590337,0.005978464292750254,0.06107411892165431,0.04741085369656838,0.06645855648528197,0.05371182954539312,0.00038956399422388394,0.002310137421168892,0.0,0.0,0.0,0.0,0.017010542614939304,0.02235866136510315,0.0068599956311990555,0.004865214217070554
MED-850,0.00020281208365180504,0.0003379211488487751,0.00023168590926782846,0.00162065098486007,0.0008536160473352798,0.0007896260709513195,0.0014296202857976724,0.0008458236731171424,0.0,0.002700752591429602,0.0015531093040403916,0.001063066390493397,0.0018255882828687473,0.002865568054853003,8.160608387706983e-05,0.0019690588145905488,0.0014984400633237843,0.0016140960780458347,0.003317828505941156,0.002300558898451361,0.0014880795444503336,0.0,0.0007976091650447392,0.016345157501716976,0.0,0.0017183750787747398,0.0,0.005176197807887001,0.00186825146526496,0.001109391530247993,0.0
MED-853,0.0030023040721164555,0.005102206356710762,0.004076935878446787,0.0,0.0,0.0031689740703900694,0.0027994945094114336,0.0030995874303605714,0.0,0.0,0.0,0.0012443186426349807,0.0007822007594576688,0.0015263729864630478,0.005527628482169126,0.002441464213827118,0.0020936270209725716,0.0,0.0,0.0,0.0,0.004775587420359102,0.008161831825120827,0.0,0.0,0.0,0.0,0.0005949144192612707,0.0008802912813042196,0.0013469118949553177,0.0
MED-855,0.0017814903347689742,0.0,0.0003421899695293876,0.0,0.0,0.0,0.0,0.0,0.0,0.0,0.0,0.0,0.000574421860589576,0.0,0.0016021109319435626,0.0,0.0,0.0,0.0,0.0,0.0,0.0021341962022346484,0.0014426954917906346,0.0,0.0,0.0,0.0,0.0,0.0,0.0,0.0
MED-856,0.009718673648129086,0.011046343884979905,0.011716887033047877,0.008099435787939464,0.011156223549158474,0.009893041551242902,0.011204883903634047,0.010604309373447042,0.0,0.0,0.009710935956201124,0.010508065756579253,0.01040545555785032,0.009860412215400804,0.011784837663607845,0.012203612856558747,0.013459000688028756,0.009296764438512335,0.009733256423970145,0.008908444084604342,0.010004074683198633,0.01246839082303489,0.013217504513389131,0.0,0.0,0.0,0.0,0.011182581102236603,0.010684923905082633,0.013920229602635162,0.01151054632889298
MED-857,0.018572872024718565,0.01733922016732544,0.015836606964816136,0.034703658142085446,0.014307069656014377,0.01592361603292292,0.01850763144254578,0.016029315349988027,0.010956679899713712,0.0,0.01855284566861957,0.011612282871380959,0.01505728877126615,0.019152436937404656,0.02564376419610962,0.013737603159678414,0.01514327264380374,0.012156534409530687,0.013819229560507448,0.01351229576516859,0.012567285405038686,0.0,0.007593682817915683,0.0,0.0,0.0,0.0,0.0035078588668541666,0.011414907975768402,0.00807186715019845,0.021435122355168014
MED-861,0.012916997566098973,0.016635375458307684,0.014128809959216733,0.0,0.0034441260200806026,0.013664990578556377,0.01408990405788893,0.014591069437040197,0.0,0.0,0.016374390200989884,0.015188844730854634,0.016955646185815226,0.013021438800864251,0.016321622968440235,0.013684317092407009,0.01407759433270658,0.0,0.0,0.0,0.04133481210034269,0.01638777604777744,0.012883274530321537,0.14188467458047824,0.0,0.0,0.062586906829199,0.016913067445674734,0.015294426254067996,0.014735089451893224,0.015699735408583437
MED-862,0.0008299924417435622,0.0012105487495249723,0.0025532936963013463,0.0,0.0,0.0006419720778088312,0.0,0.0,0.0,0.0,0.0,0.0012464793744116059,0.0,0.0014982442120909766,0.0009219888874248225,0.0,0.00269800344922979,0.0,0.0,0.0,0.0,0.008043228414070184,0.0008305753653945414,0.0,0.0,0.0,0.0,0.0016959871047985194,0.0016245474745266615,0.0017470360876408215,0.0
MED-870,0.009278185032770097,0.004520842641016893,0.0022790469370400383,0.011367433215853267,0.03697583922425105,0.0,0.0,0.0,0.0,0.0,0.04278579498506646,0.001335036198163686,0.04227494880655037,0.0008991964191825241,0.0005965491328237772,0.001104853373141992,0.000875120018601321,0.10332317235781419,0.14243207718350542,0.1550631715904188,0.03987064785924797,0.00048545809992001885,0.0005054474826842013,0.0,0.0,0.0,0.0,0.0008538783777924325,0.0010235188543323503,0.0014880983115476195,0.0016731784607816721
MED-878,0.0006843019431038414,0.001007543584986896,0.0012162784632867034,0.00016773727777317547,0.0013326845052231348,0.00017059751968842574,0.0,0.0006869088706999694,0.0,0.0,0.0014813460300940034,0.0011484122865767167,0.0011909912049300215,0.0017553975260044873,0.0008667470997624994,0.0008868864037478402,0.0013662582840788726,0.00107501880413488,0.0011373039842492668,0.001154396619159031,0.0005328338170632697,0.0011584238323993554,0.0013052675223063901,0.0,0.0,0.0,0.0,0.0009300797945910918,0.0013701708539847783,0.0009875278464633293,0.0009727803637404408
MED-880,0.0019593562905149404,0.0021156653254820875,0.0017546143970242811,0.0026141550095977397,0.0015365540399664875,0.0019797506932897075,0.0018049627046173992,0.0018040645745784941,0.0,0.0,0.00173574698978214,0.0018354259454642537,0.0017501217552208694,0.002007913641001596,0.0016999722098831017,0.0027355259984721335,0.001684798705987221,0.0013480081102468073,0.004178532672095547,0.002199053456842029,0.004286499905856852,0.0,0.0024944983966032216,0.0,0.0,0.0,0.0,0.0012609407247421974,0.00040597968487229857,0.0,0.0
MED-899,0.002575530406987048,0.002112370655232313,0.004740876200589483,0.0,0.0,0.000596690685525406,0.0,0.0,0.0,0.0,0.0,0.03862588604771005,0.0,0.035401691033540975,0.004233054297754466,0.0029791061822293905,0.0032338068945051597,0.0,0.0,0.0,0.0,0.0034047739838994773,0.003222946619053668,0.0,0.0,0.0,0.0,0.02516675296554485,0.0260658007599437,0.0024595259972601436,0.0038461815957858553
MED-921,0.0,0.003593598084206244,0.0040093235207364075,0.0,0.00015329169919290066,0.0,0.0,0.01166269643246674,0.0,0.0,0.0,0.004726610123449452,0.004260509647594418,0.003611716785244195,0.004327908473669972,0.003701942467960259,0.003884153529948203,0.0022772048567831905,0.0,0.006725305442750436,0.013955106506612995,0.003703151155085218,0.003927861527209547,0.0,0.0,0.0,0.0,0.003732494608919975,0.004342551980581286,0.004325999428249388,0.004509169847183297
MED-928,0.0,0.0032386173631267184,0.0031415230272002674,0.0,0.0016929386436987989,0.0010493749059130616,0.0,0.001844892526559045,0.0,0.0,0.002793980539606376,0.003301179668084173,0.0030472900168499913,0.0035121690299830255,0.0,0.003999543664423083,0.002858182373354931,0.00290705157225514,0.0,0.002370893377203438,0.003241625976354745,0.0031061161415030752,0.003053688564233066,0.0,0.0,0.0,0.0,0.0031526727522228496,0.0032892490513424313,0.003043306522176508,0.0028950152523621766
MED-950,0.000996410172965277,0.0022669648114912533,0.000469136837760857,0.004312840111682258,0.0016224047830474988,0.0007247956384648891,0.0,0.0,0.0,0.0,0.0019563653971558953,0.0026126253401158013,0.0019297727078600422,0.002426154815556264,0.002363424181736337,0.0025854535753197655,0.0024741138079319934,0.0027690728308552874,0.003395172253081798,0.002297006983693162,0.001920199267277593,0.0016882324301370952,0.0022168547402928065,0.0,0.0,0.0,0.0,0.00225540349193252,0.0021215306426852357,0.0025133063645264154,0.001892658753078522
MED-965,0.0,0.0001326238107032337,0.000393432648929677,0.0,0.0,0.0,0.0,0.0,0.0,0.0,0.0005901958008451185,0.00042068987166335713,0.0002431174316217956,0.000305638885580948,0.0005652150162489188,0.0004166649466167492,0.0003816130283379888,0.0,0.0,0.0,0.0,0.0006247562390046992,0.0005213295442263103,0.0,0.0,0.0,0.0,0.0003702653021212668,0.0005268912607415681,0.0005378822547626165,0.0003949076159947943
MED-972,0.0014450187707672065,0.00452822737895718,0.005541477966480036,0.002214395322644131,0.0023043527361366316,0.008241529668696403,0.0,0.006743103049484013,0.0,0.0,0.0,0.004810624196859854,0.0015648637775017335,0.006054883758779077,0.0032507591868795828,0.004032514380479388,0.00255219850041025,0.003991205176638598,0.00279709034134945,0.0032940546679869516,0.004935223332915407,0.004054853240039911,0.003956646885190067,0.0,0.0,0.0,0.0,0.0050832019699907725,0.005197410223342237,0.004488332258970117,0.005808238898534512
MED-995,0.013462155791697367,0.012831574307864227,0.013080064827720186,0.00945262071743844,0.013427007998227242,0.013114296147449004,0.012517607280372557,0.013010314964480907,0.0,0.0,0.012244566864849902,0.010152609552389202,0.012095709207258255,0.008708512157168434,0.008981995811429984,0.012613006105384968,0.013841021358148013,0.01232684209402956,0.01055249097829427,0.013044789156660762,0.011676653245243742,0.014542020419365653,0.012713965098700741,0.0,0.0,0.0,0.0,0.010277634533666471,0.010338771276656084,0.01335336383486528,0.011023733565872192
MED-705,0.0,0.0,0.0,0.0,0.0,0.0,0.0,0.0,0.0,0.0,0.0,0.0,0.0,0.0,0.00021834974370219312,0.000781676188020717,0.0005598145866090522,0.0,0.0,0.0,0.0,0.000631620465382964,0.0007223990486529227,0.0,0.0,0.0,0.0,0.0,0.0,0.0005959775738091688,0.0
MED-835,0.0,0.0,0.0,0.0,0.0,0.0,0.0,0.0,0.0,0.0,0.0,0.0,0.0,0.0,0.0,0.0011070701355997174,0.0022950002911725797,0.0,0.0,0.0,0.0,0.0,0.003908322255047427,0.0,0.0,0.0,0.0,0.0,0.008292259552519561,0.0031418174887523223,0.0030341826264081466
