bin,ERR594320,ERR594359,ERR594361,ERR594362,ERR594392,ERR598970,ERR598973,ERR598979,ERR599012,ERR599057,ERR599058,ERR599068,ERR599088,ERR599146,ERR599150,ERR599173,ERR599339,ERR599376,ERR594291,ERR594324,ERR594382,ERR594385,ERR594389,ERR594414,ERR598972,ERR598982,ERR598990,ERR599018,ERR599023,ERR599025,ERR599026,ERR599107,ERR599110,ERR599362
EAC-1,0.04125090144458079,0.058537101947559574,0.05891147672037953,0.05742518070554752,0.048204518908785014,0.11990643046692286,0.14515355048884662,0.0,0.05951205394105478,0.06916001188855096,0.10651294234785927,0.10810512890986912,0.08617522424026403,0.013380358317275414,0.03896803766738495,0.0,0.06015701287247747,0.059581075882243,0.05825475225963201,0.06373490865307102,0.056971221167794336,0.064450179091391,0.05779193672431218,0.05853047894262064,0.06330703961880559,0.054264092941784095,0.05767371776868559,0.054625295076166654,0.03883299914170303,0.059182430738524534,0.07053091511163134,0.06053358199102478,0.059597812396307064,0.059225935251986495
EAC-10,0.03572472718966099,0.03638312182141893,0.0,0.0,0.0,0.035689471761233535,0.0337324453209491,0.036396310620276005,0.03625874543506372,0.03590055131691229,0.037209290245464086,0.03308504688912544,0.037054873285952084,0.036271807904569804,0.03671840123994319,0.034674806354641194,0.0,0.0,0.0314113650527879,0.039316450938801886,0.0,0.09148078726818039,0.0,0.0,0.04463291792999857,0.038546214739320864,0.03822452346882687,0.03832620660629861,0.044238436552895735,0.04552196785518486,0.036432677888515966,0.038527890735642785,0.037813219510449296,0.0
EAC-102,0.00658476814025045,0.04827582789347802,0.04802020412680254,0.044970234301700725,0.04402819240133506,0.011607554267628349,0.004560425642971427,0.022518695909302427,0.0926598153698737,0.09946885909403869,0.14064851106099938,0.012035160616130735,0.023405641827941616,0.11081441539602829,0.04314530285177203,0.013434764602689638,0.0401219160587323,0.07300103312267855,0.01701764951272209,0.03332666827561287,0.045932946719313826,0.04804850477171665,0.04454879292478322,0.046516361534393605,0.13232877430922377,0.004048251142356738,0.05904554804290074,0.059998727536491776,0.17319337593354847,0.17803239542248933,0.13642981581632999,0.006556917847407589,0.06238740465767112,0.03030219814044288
EAC-103,0.04003658432641417,0.08857926786108157,0.14908820121193916,0.08647697809230051,0.13567257127070056,0.0,0.0,0.07161569830566347,0.05091833717258079,0.06259148623747456,0.11770973314673344,0.027354366485441442,0.05114193322380677,0.07115668595515112,0.042895471544058185,0.0,0.09662140043997884,0.06047402850519002,0.08088473132387156,0.05925167108517182,0.0494363866646264,0.011666501930626044,0.08793102355141176,0.07173659833117735,0.0428217862447233,0.04550815614915267,0.09668568576188831,0.08515293297131615,0.047873310925610306,0.0772828981032065,0.046558629578797354,0.0840395816371993,0.08944040506878224,0.10474693580807304
EAC-107,0.033020521064286386,0.0,0.3250251155437755,0.0,0.0,0.027890285374906235,0.03166113025648131,0.023003535569487147,0.02772954973142729,0.027757852475029206,0.026996153099121352,0.029148345879959046,0.026669688841924322,0.024120161713422027,0.026159906679374532,0.02858232751191296,0.0,0.0,0.01964205898212143,0.020410679880908254,0.0,0.0,0.0,0.0,0.026445899212778307,0.04341920486397564,0.026903547452942798,0.020345995978462997,0.026775170452815043,0.02672454220142029,0.028141795573932676,0.04709200100095931,0.028225849956096036,0.0
EAC-108,0.05204367478883095,0.07259268125375044,0.07172863354916986,0.08833556437673001,0.16524723600782906,0.2908836947022686,0.22700580917210786,0.16160364702665156,0.14004163373422948,0.042181639425806966,0.1640562440737664,0.2067256365004503,0.1089637086106517,0.15048662059471635,0.13196140177898433,0.18685883365400052,0.0,0.06256147569049465,0.020774817069594817,0.003020203615306137,0.09354408084776838,0.06923292209315213,0.08364338293468433,0.10490479334163966,0.06713800067142496,0.19998650436076681,0.09661410039397134,0.052989018339483086,0.14851197090125084,0.11661782954476253,0.06314344569365668,0.14914659466094732,0.05890991540377026,0.06381916938211202
EAC-109,0.0,0.06076646741414298,0.05619103344017168,0.024905832589520765,0.004209138457343239,0.0,0.025131832645436038,0.1698598778919622,0.052347557866262516,0.006270276586507962,0.05798268205954504,0.14321401738897563,0.09671486434627587,0.07700839835199784,0.019596276529580323,0.057808774340254526,0.015076383635341986,0.05201921981341133,0.00277139411048338,0.0018441649178480549,0.01747876018884349,0.05420679547176706,0.028199612975532484,0.024164933514944757,0.030656857118558478,0.0,0.038096049547908996,0.0677546911610607,0.03498225059808746,0.0,0.036553993958525016,0.05247687909233751,0.07082840648099908,0.05356581904046985
EAC-11,0.07454748518662534,0.021270915206736355,0.017414472323424263,0.0,0.24362366029703122,0.06733620349189967,0.10311174565552984,0.0719640360929149,0.05342519932076655,0.05107720158056925,0.05026717875914545,0.08473333111096205,0.05333525789878757,0.06814447114415222,0.05855256628984152,0.039341291449562055,0.03989905780599873,0.045517228852977834,0.062109002641464114,0.028881624402676567,0.06326055607784678,0.22205822117377774,0.0,0.0,0.05919334912161842,0.07873074255885754,0.05586067439806751,0.07552567112055082,0.021310006026016397,0.04607158586869498,0.05079721667916704,0.07687390046683595,0.06965520652849257,0.024346978367457577
EAC-113,0.019219615207805716,0.0,0.00041085973928235616,0.0,0.0007471861894428424,0.05337820422637244,0.05493271310712034,0.051813520217925915,0.03588443297226556,0.021998418474215305,0.03543756557601722,0.05470356280527428,0.054875079975551466,0.05355787182165606,0.05533581430437131,0.05486229640369008,0.0,0.0,0.03186506300377513,0.005950164860149496,0.0,0.0,0.0,0.0,0.06476964831071923,0.054980177079539345,0.06066645544720764,0.06105167698321238,0.06254976640194687,0.06530129706625377,0.03515459085870132,0.05159854196915747,0.058431368307736514,0.0
EAC-117,0.09175309018056658,0.31469877255978723,0.0,0.0,0.0,0.08824522943776049,0.05882753477118921,0.06489469920857344,0.11770466783353019,0.055178566478801136,0.11373482342351951,0.06818785278513549,0.07845027859364405,0.05390209589194732,0.08242510287805677,0.062190721645509636,0.0,0.0,0.057975159992038824,0.07851392873327759,0.0,0.0,0.0,0.0,0.0441775643456462,0.0635775679989814,0.05843949127706689,0.059456538870356575,0.04462831855544159,0.04905141566694912,0.0750366931789232,0.0567252315034355,0.060576481716806505,0.0
EAC-13,0.40561165456725495,0.4817145446095681,0.4232699486146606,0.319479449264408,0.47566055191538625,0.018423088485940875,0.06171252636140412,0.09241299087301957,0.054175244839584386,0.03801839328564298,0.042000787635606225,0.07647403378491126,0.023672816091904216,0.09061763380771459,0.024289105298276405,0.08694287417562807,0.22544848144002547,0.058950723986598785,0.3968406952769259,0.1941860560130465,0.3628762146627428,0.45443911098088713,0.27557349400720293,0.4525335616252936,0.04375412217042756,0.07198420671121568,0.08288778473005795,0.07063689944677085,0.04115605579098644,0.03220978312127598,0.04268057633069046,0.1463787012261042,0.06756261148296536,0.13650510656093529
EAC-16,0.034111309425035506,0.06157965318961743,0.06256243540955783,0.0629521174277014,0.06329106157516458,0.03345355509105306,0.33322020001578734,0.09250524423028522,0.07989469050981239,0.09702532714946355,0.08544232575405732,0.09409881295023907,0.08162501384553446,0.0851082587316306,0.10336244896721478,0.156611357421093,0.06693927590524502,0.06491122540559327,0.06774058735867385,0.026765060659948735,0.06464666471439018,0.06134715792228076,0.06263568885987723,0.060519298204730045,0.04265542497163612,0.0,0.07289308674383337,0.07878288882238162,0.05340237410363107,0.03137396389810996,0.030189469263483367,0.31389127625306423,0.09130665207685057,0.06412905440862186
EAC-17,0.04603173670928293,0.2966880171675355,0.2434730704837247,0.37145016117713964,0.229566381059337,0.0981187359340934,0.0899157030061857,0.06594128145119521,0.08725319523568643,0.15078422671051392,0.135537122795904,0.06847826147753122,0.08496335539235826,0.09199967102076445,0.08754903221748692,0.09367393070572316,0.06990042792733842,0.30204422092398053,0.09242377855724743,0.09730565720384911,0.12432001727205401,0.1904797089313271,0.2539732540520903,0.07881703081776406,0.09614603027853555,0.08431631569495335,0.09071220039765593,0.09148455282454754,0.09764084293527445,0.09801569172882131,0.11189624549786566,0.09490119798395914,0.09287361767934688,0.08680385516944382
EAC-1768,0.016590019185639748,0.0006176610026389756,0.0,0.0,0.0,0.02745432184620823,0.02365353161561822,0.027251298737306164,0.025689784256562067,0.029599265857145233,0.024753027441731645,0.028552986668928526,0.02515594575831045,0.0259020952806225,0.025376800289531327,0.02532121238929965,0.0,0.0,0.019420350433583727,0.01590236696170657,0.0,0.0,0.0,0.0,0.027707564344697354,0.02671978883619396,0.024508266355333336,0.025952604472977765,0.026121452094889364,0.02650083664024234,0.027636975154756736,0.031776810038312106,0.025792670297733616,0.0
EAC-1785,0.06452433238034726,0.0,0.0,0.0,0.0,0.041324192372415205,0.0717059175106749,0.061602904993570545,0.04802969964931259,0.0602559017114372,0.04778097143227545,0.07640652212435547,0.02927169107981613,0.06200706614027725,0.06833468633568197,0.044629745077256595,0.0,0.0,0.04766026458068565,0.0,0.0,0.0,0.0,0.0,0.06708906835494273,0.029123308068217103,0.07504699542539889,0.11960440218623103,0.06914280617054767,0.10410211488855592,0.041825880648981205,0.04808550884462225,0.08627048858229026,0.0
EAC-2,0.07792915817559774,0.05986420080395215,0.05758667510246253,0.05769096179455027,0.08698568168609082,0.0723388739506939,0.02954404394019033,0.012966928883426869,0.10107730663318537,0.0832446659897149,0.10426373236462502,0.03535650296184131,0.03536747722825291,0.07898776696894355,0.10261168673789714,0.06186161754031243,0.03564783915501573,0.06356691583163207,0.05601191148749466,0.06093137521338337,0.06286051131179292,0.046039104307481565,0.05694227716167002,0.0602967786485464,0.09798438985962457,0.05393693264079235,0.059174732757147255,0.05682651359007709,0.12643553861502801,0.10062309305099724,0.10546902088791706,0.04794646353501642,0.05905224568649936,0.06918081178873031
EAC-20,0.0,0.06092926872165145,0.06150184169267954,0.06048845306914172,0.06211452929141685,0.010531169206260096,0.012946260399036881,0.00214588931808058,0.01916981457516772,0.032854143259411786,0.016628812691864878,0.008997224303165581,0.016474702019732095,0.012023862572104303,0.006370882635731988,0.006262019634059126,0.06182248730658639,0.06118232370868246,0.012692186284129823,0.05135509574978846,0.05988891206656128,0.058696607894124564,0.061934307182228074,0.06092779566627236,0.016519506377458814,0.03298099183509967,0.03804309008414032,0.04118916241824923,0.014636911485825854,0.005539900766970181,0.011541326775194967,0.012404690953555267,0.034749660509587034,0.0618672979576068
EAC-2006,0.051487879097496775,0.0,0.0,0.07131693302398304,0.0731566099259653,0.03877687721334972,0.09469057888908053,0.07190968132573705,0.11054613707014757,0.0743301358529143,0.06883868347859627,0.09270718851775259,0.03272928522211991,0.026318126989028426,0.04472697388813273,0.0944085667064821,0.0,0.12460561837865314,0.06873693777693686,0.0,0.0,0.0,0.2638470108631641,0.33448373479959975,0.0756893587747853,0.09387275497266544,0.06714212124585807,0.03407173007909099,0.07088242148811735,0.08391703893852427,0.11333970564493653,0.09409352180037969,0.0516616362157199,0.0
EAC-2011,0.0394872705961226,0.2055092742456024,0.13096802269939103,0.0,0.0,0.044543226685141046,0.06816629269707576,0.0426833834921366,0.04305437303848792,0.02825648117235322,0.04041217513085706,0.06774245331817641,0.0433695040819615,0.044041769823999245,0.045923689287382746,0.04940366859996118,0.0,0.0,0.04325247405077718,0.0401853601950465,0.0,0.0,0.0,0.0,0.048783164697528754,0.04980214210647146,0.043582094426355716,0.043112192829858995,0.045900389316776216,0.04922482019854964,0.048101439154931286,0.054623447035300754,0.042725477249714476,0.0
EAC-2021,0.0,0.0,0.0,0.0,0.019496793963506457,0.0,0.033960527276374324,0.0470906492689466,0.0,0.0,0.0,0.005862974181841165,0.0,0.006657689755682761,0.011389652237556652,0.010836114454057588,0.0,0.0,0.016090429414129036,0.12200217005631284,0.0,0.0,0.0,0.0,0.03994469035324739,0.02007360207201754,0.029622817008172715,0.021682152306083346,0.0,0.0,0.016093993175453618,0.020123291122744035,0.026264979027160833,1.0000000000000002
EAC-2037,0.0,0.0,0.0,0.0,0.0,0.0,0.08064165124884347,0.07433776423925798,0.0,0.0,0.0,0.006832345687533323,0.0,0.0,0.0,0.041949324421536045,0.0,0.0,0.0,0.0,0.0,0.0,0.0,0.0,0.0,0.0,0.09327743482001487,0.05823393872871166,0.0,0.0,0.0,0.049302057306495256,0.04592857284638136,0.0
EAC-21,0.0,0.04163529312168646,0.04106737345865487,0.03912451589095847,0.039784179639974195,0.0,0.4187952142588647,0.19415172056958593,0.2361490888691663,0.17072624481803111,0.08633357086310627,0.12495947876493668,0.04912985390000937,0.05953869908184691,0.15330819915397645,0.1576430408590079,0.04988799284061857,0.0397083994237894,0.0,0.0657539872463081,0.04463159964739129,0.0,0.03013614392477541,0.04371543631256214,0.17861997993100595,0.2702948104412152,0.12256253152578739,0.0,0.24108724336735757,0.16854308280748442,0.11074188834832416,0.2583711256834657,0.1121075567145659,0.03877981482377713
EAC-24,0.039607795498165024,0.056597997660991294,0.04953676140880361,0.0,0.0,0.030198364083481033,0.030962084104852728,0.031577955257731695,0.03382236820605697,0.03651539341164828,0.032313373241147636,0.02708128979854524,0.033494275617098564,0.03212069093748611,0.03340536683599146,0.030450806023575357,0.0,0.0,0.03380419747336329,0.033735521715494154,0.04143260072850591,0.0,0.0,0.0,0.03350436702645582,0.02971554896674995,0.03213355353915481,0.031312176586073805,0.03286606935206565,0.032910823806018744,0.033395903001771116,0.02628726787117965,0.032414358368121954,0.0
EAC-27,0.05290325120744246,0.010453057247983547,0.003534595225581319,0.0,0.0,0.08602725502323379,0.05139438331807537,0.07633055540663804,0.07759192975038635,0.07564548919701242,0.07996361752551244,0.06974097724913281,0.08111664695080785,0.0787665520456262,0.08051157289106463,0.0764702422649398,0.00120104156906564,0.023645063977890644,0.06331242107622333,0.052609685629911904,0.0,0.0,0.0,0.004876619832552343,0.08176210246433005,0.0647317411728737,0.08316685194735728,0.07479389794569691,0.08280941861110393,0.08142245149767816,0.07325875688553192,0.06599882126635412,0.07758830861850138,0.0
EAC-29,0.01285226672159358,0.011878517479947493,0.0,0.0,0.0,0.036313172730683935,0.006053825729120345,0.03712540788264156,0.030468812491509106,0.03497503117234588,0.04949274548181616,0.007574761878479232,0.0374530961064513,0.042125448375179265,0.03672362698282662,0.011460321879495666,0.0,0.0,0.02885951122493245,0.010080557457308511,0.0,0.0,0.0,0.0,0.04175636217641493,0.0051824593689345794,0.04436805561677396,0.04425302027820967,0.03800538431414836,0.04270720952350806,0.0392760204117353,0.01731237084310995,0.04170289225286573,0.0
EAC-3,0.13862586805889363,0.09910873523556678,0.07805197073422186,0.08822557032898777,0.05956897654693193,0.08931769020324105,0.14781684710175055,0.1790253960725771,0.11407577506639895,0.17305009576991554,0.2660190788214139,0.08879893465875555,0.09005913866215064,0.11576844667389813,0.11195946112168356,0.16714047184782266,0.07256728991379897,0.058135288567590246,0.10111732494776061,0.08359456210972813,0.09090425395072728,0.11491875747077059,0.039586162090935406,0.08884226265458404,0.20664404049361418,0.10995061287595934,0.1038541209579489,0.10720855210578814,0.17091029963526108,0.12365311283792867,0.11777051608221326,0.10226864027652992,0.10584291212441266,0.09192580651783677
EAC-30,0.008934057773180964,0.0,0.0,0.0,0.0,0.03330610529893382,0.024104756703676858,0.0163990324316662,0.030015821441070824,0.03050397786249176,0.030557616192306805,0.030945029490371468,0.029257244517296416,0.02063529856633406,0.03120013706018722,0.04518686914362444,0.0,0.0,0.011891299904102528,0.027041460317097882,0.0,0.0,0.0,0.0,0.03282801560262926,0.05366340266281345,0.022357535933748826,0.02097137640598979,0.035361506538345244,0.03229407291089216,0.02751576230782623,0.029096056031748942,0.027543040311691202,0.0
EAC-31,0.20661307797011613,0.05793422565655151,0.05775158369230984,0.06137541040880256,0.05683564108705728,0.06616227529909274,0.0,0.20753106911398114,0.0818490966634033,0.07055433210217094,0.1357325757258747,0.013185342636550934,0.0,0.1540745371014645,0.06198105591155503,0.041322101939026065,0.18861366319738138,0.061593973539338896,0.09329236612545197,0.0,0.05853684316842933,0.05982912040031621,0.06501934046435505,0.05760195357699338,0.0,0.12564523626960752,0.0962199664987098,0.0926061146641811,0.11013172785792252,0.0,0.0,0.03274478120342115,0.1440801562744534,0.05674755243604213
EAC-32,0.09560360511703453,0.0,0.0,0.5586094445890655,0.0,0.06280054582999473,0.0859714149657014,0.06756011116068819,0.058865528017183665,0.07175139747940344,0.06368523387495355,0.07320387804610759,0.06470357171228591,0.08055580330247113,0.062252011872591426,0.09060872907129199,0.0,0.0,0.06412011345926096,0.04710187965509259,0.1309093193468749,0.0,0.0,0.0,0.062147127676644244,0.0855154103749257,0.06215611830559755,0.09867562812373883,0.0639746094865263,0.060923272985543,0.05333592817503571,0.06335052988964075,0.07358376866473473,0.0
EAC-33,0.01825577115490406,0.0049511966974293544,0.0007452181744030563,0.0,0.009905185582897106,0.05199160020888504,0.046465819062429185,0.04649363662242377,0.050936974601398476,0.05458111856543399,0.05192925326829655,0.05583866411423562,0.05408318683991085,0.04868981674019441,0.05045770122338596,0.05439721395692868,0.0,0.02256105956022609,0.027029287877463115,0.04439687838967709,0.0,0.029680084158270784,0.007867441853970453,0.0,0.06453186401482673,0.05476076268557201,0.05952055024651969,0.042808992196302714,0.06291355826500782,0.059009176550051896,0.049437860280871465,0.06125796591934648,0.05605062408671406,0.0
EAC-34,0.01933405362748113,0.0036229738377893334,0.0,0.0,0.0,0.0352234164380363,0.03512354275855313,0.033129926914442595,0.02889624178459065,0.03420739050380559,0.0270512986543289,0.034964248578965997,0.03793977835088255,0.03632745918827473,0.03566793906119646,0.03113051228049646,0.0,0.0,0.024371896200799287,0.037437907729358094,0.0,0.0,0.0,0.0,0.034118002510905354,0.03245574921047773,0.03388334226844188,0.03536308663467229,0.03166405523340689,0.033386497084234606,0.02496954853590359,0.034269503457460535,0.03514772829611493,0.0
EAC-35,0.03473549476892597,0.0,0.0,0.0,0.04189451059669638,0.035398671503465415,0.03597735365442828,0.03728983542735291,0.03167741124481304,0.0018080264254667303,0.006012487253092604,0.03880876253613374,0.037581913893373405,0.037212300803462425,0.036759125213954025,0.03710066371984632,0.0,0.0,0.038509344264259976,0.043951581952175835,0.04525780536212661,0.0,0.0,0.05520431149894247,0.037339075745018484,0.035297156262278265,0.03820431393028021,0.03745431422932963,0.03757431406339282,0.037338373768148796,0.014871766172511822,0.036941114518290546,0.03772139976396906,0.0
EAC-36,0.03263881263881116,0.15406454760753535,0.1519680109742087,0.09222176270462883,0.052367252419402446,0.04144348613482767,0.045801617917467244,0.043864016787417984,0.041432022851956865,0.047132808891180336,0.041808689303531224,0.03626137740266457,0.0437677526062116,0.04471911520430543,0.04285895621895926,0.036679240569511065,0.051232510425440775,0.05822093785113039,0.044807879389801804,0.028374875981459925,0.061609547455913405,0.0,0.07781786922290744,0.0827537892935385,0.04197929104768545,0.09209669338784139,0.06305558704505881,0.05134001120750464,0.04300216290833162,0.04092161746042124,0.0420390471673403,0.08963736600998552,0.07082561853274652,0.07060167691343358
EAC-37,0.09011473189998434,0.07696468278494155,0.06646375497317854,0.05593282733352005,0.06277476169777332,0.0991526818280593,0.058853822714844524,0.1078886721041803,0.10691431268533516,0.06643600049413863,0.05613509866981689,0.014052272211083497,0.1007245955089939,0.11431042605310349,0.09837757826506274,0.05375175691384285,0.04872019176250082,0.07998540169479106,0.05989343648909169,0.08465031047051691,0.060938528846456036,0.08787962042387226,0.0780128831818319,0.06664260060042523,0.09878613423360894,0.06444931509391762,0.06078856718957702,0.06234605049629452,0.1000468478187831,0.10210240488335932,0.09377431068916352,0.059814275758278336,0.061534216173501646,0.06670142671347978
EAC-38,0.0459989822148597,0.0,0.26509410677594814,0.20930204818405124,0.5846632141611181,0.05407498954387151,0.0674292242371097,0.0475690537895202,0.04731959310528288,0.05899291882293453,0.04630810740436817,0.08102854022539703,0.048727332669241945,0.05008174645647387,0.05022576884445889,0.08035210175291362,0.0,0.0,0.05210908694165369,0.05355145608603269,0.0,0.0,1.0,0.0,0.06549778507714495,0.08097225400370328,0.052576602774872847,0.051292597097062985,0.06011306080367922,0.06166692011590381,0.060748153168559416,0.09059401487930398,0.051157206929735986,0.17605263893005468
EAC-39,0.0032206320896428922,0.05161550629497581,0.05172145374695804,0.0050644590922782895,0.0024710140043776255,0.009936455168893084,0.009182861708670104,0.010185823564726013,0.02262352130314471,0.02024903317169685,0.02256624661811458,0.01272610137224295,0.008420938724100298,0.011111261413329958,0.005703696647979907,0.005628396926570732,0.004013177283816618,0.00881206425891558,0.0026742406797881173,0.0029798531413993824,0.031564876728220684,0.000704199698182422,0.03683152621179448,0.030670673396175484,0.00407075594743363,0.0029260200446630594,0.007796447417463808,0.0013459507807446185,0.008993291271635407,0.003576930641815184,0.022029159620703294,0.0,0.009635735670349393,0.0059178699884761465
EAC-4,0.029716874679357283,0.07412856758877355,0.0662027205064819,0.06836222927725218,0.0726822500311607,0.03485136064570841,0.05081000028522214,0.11170219293040069,0.06430802909012856,0.06519212198455522,0.07043980794509767,0.09499509654086932,0.0903230429789601,0.063935829486023,0.077699445387606,0.0733663855865349,0.06954705729900558,0.07523623177901846,0.08366540518822496,0.06955379142973639,0.04195245296339267,0.05955172948928732,0.06419556183206211,0.03666100057543674,0.08713910821380864,0.07272851259817194,0.06726847851489064,0.06339338197955634,0.07140416127782266,0.10727033920179485,0.06675510792983898,0.10125375160208068,0.0715561308333326,0.06239238973125732
EAC-41,0.03561699038680681,0.09231946833836857,0.09489357107106115,0.09396490100177665,0.09228393042486138,0.047289595212991475,0.13788214645734073,0.08628259426347594,0.04406342046469047,0.05654480888672156,0.06149496180142817,0.05692895459463239,0.08673331850258709,0.0771275934053104,0.07318735464213953,0.07219934845703847,0.08930832548369912,0.09167183349272597,0.06817364258298388,0.042917631048702345,0.09358853198639225,0.0900200552686294,0.09245417382792562,0.09497148420272902,0.046592556451299325,0.11228825557346987,0.05790562122613698,0.06937277400629192,0.04690936478369893,0.04693173888522453,0.04629056241985478,0.0847931252114293,0.07470698218212253,0.09114321835491974
EAC-42,0.0,0.0,0.0,0.0,0.0,0.0,0.0,0.05724835141195327,0.0,0.0,0.021016053974108787,0.0,0.0,0.0,0.018104802435705877,0.007387005036917909,0.0,0.0022778980618711427,0.0,0.0,0.0,0.0,0.0,0.0,0.0,0.0,0.0016173082560070674,0.01331185368939371,0.03246446720786533,0.0,0.012102048470074664,0.0,0.005030446534601424,0.0
EAC-43,0.02635366775637495,0.03861492791599723,0.0407714540708487,0.031486808517386104,0.05694876725676687,0.02037923281769194,0.02448679038514397,0.043054518860822594,0.015240628234139566,0.035231044403310194,0.04288382989100935,0.01041529494102139,0.02839910866693237,0.04116358200345882,0.03094868905958438,0.015003499286170712,0.02072946131901761,0.027070402722709976,0.029655527774084426,0.027183259551554886,0.026379806216271548,0.027774955280098608,0.029838212978327425,0.027008977357626505,0.05782268056674923,0.022101294645394304,0.11045907938559998,0.13659679230006894,0.0677383162821514,0.07838091889524976,0.013460768492821977,0.01811756765135908,0.12268258145239377,0.022827758973143382
EAC-44,0.06203415515808859,0.05908178984459216,0.05886144365196705,0.06706558839878227,0.07184917383369537,0.026050361392153897,0.0565304392311071,0.05834042555962891,0.07434250509864783,0.052602122346319204,0.08140053915785025,0.03277084928870555,0.07022484603594621,0.05863648729190488,0.06781367881665105,0.0536126737908712,0.06704483987494973,0.059452812858169876,0.05545014702609391,0.07542947275032277,0.05918415924267255,0.057380250625867255,0.05921289136775891,0.057829197925393934,0.07531276368697361,0.06676368750001146,0.055214986118861276,0.07192467874369717,0.07347077133051184,0.06796956171076898,0.07731822849956047,0.08315174084404678,0.06019750721044764,0.061053989647644094
EAC-45,0.10414472041175954,0.10377417262290417,0.10513419593615612,0.0779175633067299,0.08262818410720393,0.1386504855218868,0.07777316993269474,0.14093230759217815,0.1456885750130539,0.10291490027968452,0.16322741793844645,0.1615298401592034,0.11946733852302417,0.08990529285679198,0.09431508310458184,0.10793535864030061,0.059311882626589214,0.10719798333658576,0.10013500045943441,0.0932008395111834,0.10299398778918713,0.1025053332027242,0.09052201956184068,0.10483610445523123,0.0604438010157492,0.10714164942425353,0.10345239829791227,0.0987153179566647,0.07558539829469602,0.06264936748083855,0.09499679002550673,0.10657506251941251,0.10354228486316583,0.08980648787056568
EAC-46,0.18024699915896275,0.05481102557726038,0.054090411578959254,0.03819124694550791,0.07525385321799886,0.4661641674170053,0.34321115519580625,0.5133042639636017,0.5191201085053041,0.7054630558785124,0.47378500605300683,0.30707061508677125,0.5593059244291728,0.5949721171628582,0.6264101851527637,0.4235021881270997,0.24155217964564987,0.050126481848290105,0.20003148685904776,0.33793491603899667,0.05878279897370019,0.04639436223852674,0.05359661225254862,0.05612967198683951,0.6344412840964246,0.3210754687176877,0.44343702665766,0.5803768765225528,0.5743836915802635,0.5789083965066889,0.5650450437060177,0.49375862527219144,0.42180806730911413,0.049703444378375934
EAC-47,0.12502838086572793,0.056774846187532646,0.05739298070723706,0.05933286111153178,0.05574307216032454,0.12075120376456823,0.10914989566805383,0.09021694727432349,0.054336068944143556,0.07288720694859653,0.07311988469709886,0.35547841050406487,0.12236672430617755,0.041511414031516536,0.10076287031578421,0.07873832055264614,0.04787285968145472,0.0485485933745574,0.06324647336411832,0.05266048913148022,0.053993104977570094,0.06048717159336677,0.05016472366136312,0.05277043449693158,0.04505474989955641,0.09093502229557163,0.06949293011151107,0.0,0.027600051969103225,0.015353164758614321,0.03728133561996282,0.06878679290662565,0.08592973911933785,0.04953416710785341
EAC-48,0.01795559408034941,0.056734402982276506,0.056445881173324775,0.034697871127399985,0.04691546838693638,0.0797756389950142,0.1449722553690988,0.1011126359326921,0.09936903239942232,0.06887309387124181,0.0850775579713678,0.14015982834637958,0.11133992478254262,0.0627315002210791,0.08052365655713244,0.07436847021569411,0.04512015855639476,0.06878755513288554,0.06406496784692683,0.04901193216380494,0.07175685783679621,0.04627741547831095,0.036140222974267486,0.060697278349063195,0.024281503807123978,0.02986981440469358,0.10950639812826488,0.07518402605185256,0.0448676071121066,0.02702242741746494,0.016380843520841643,0.03463004360919814,0.08124917415221496,0.04323285947246994
EAC-49,0.0,0.037937474101344536,0.03818213659860087,0.051932647783986714,0.05305126376823855,0.0,0.0,0.03659242170061617,0.004909986469964426,0.03243548206487101,0.018164033379209514,0.0,0.005010057041810883,0.008219568047826992,0.008011840258054004,0.013598596653581338,0.05726463095106339,0.05248269095121395,0.00738811436008751,0.00291366960959039,0.04739155781867259,0.03538086566939189,0.020220909099577522,0.045652108119377484,0.009865798966564636,0.027872489268672328,0.004472100463272811,0.005650253768401231,0.004161966319525075,0.004785744259264017,0.010479226605649553,0.0,0.013712255222923724,0.08872239405162437
EAC-5,0.0,0.0705747549444959,0.048897178102368356,0.05594315132240178,0.05552419350075071,0.592157315298894,0.19498764909665917,0.1926319344109674,0.14385059914782108,0.1651315319122869,0.1885996781243016,0.1383274003774331,0.18872077979847826,0.29007830103291204,0.13605868629762816,0.25042740431132887,0.053991023253230866,0.0434115164145301,0.0,0.0,0.05318107760444648,0.05273622710479385,0.04964474503459583,0.0571105179106628,0.0,0.14531231862688593,0.0,0.28418450613625035,0.07521619163953203,0.0,0.30459270157031,0.3678585520526861,0.12373537822042371,0.025384112602035293
EAC-50,0.10786657076806652,0.0645612926248184,0.0642847072713549,0.07340990207832382,0.056779366947354935,0.08196879125695992,0.04794249660356302,0.061317959810323425,0.07126286247720892,0.0765964556861424,0.0789703375062617,0.051141206477538156,0.11793634748761765,0.08090353834148906,0.07219088327260141,0.07543502350012975,0.0562682768652518,0.06567456296658099,0.05138241775900249,0.051523608456987696,0.05834544319764912,0.05599759264383386,0.06610992220170976,0.06474729746188167,0.07134925691440357,0.0601898593133047,0.10631137981036981,0.07835035017727539,0.06436111115263005,0.07056542407703392,0.064265748955089,0.08274505702097985,0.06048409829517544,0.06696091480242286
EAC-51,0.02911696816558906,0.016595886675015208,0.031126539267359175,0.023239406124271864,0.040603122540044674,0.045499290495471904,0.09447235590999883,0.06316212444259728,0.05598826680421311,0.05088594927611043,0.04974146420394631,0.11235532064925018,0.04568062178222875,0.04492984233793921,0.04520550232665597,0.04174702937566476,0.08755387007745921,0.0204581115338753,0.05092136627638911,0.051900232648583414,0.012640287195172833,0.0,0.021588735215558947,0.01490034609022005,0.042154942576154514,0.055660033807809636,0.05252581921313026,0.050791638807630546,0.04465266085284119,0.03904851670886894,0.04031223750743745,0.046434073866172404,0.05628152161821351,0.000736956609820577
EAC-52,0.0,0.07155899724611323,0.07201093865434173,0.0743781859292165,0.07586338395794538,0.0,0.28408382661514314,0.25103330580132177,0.0,0.0,0.3547902530754367,0.0,0.2590853910776073,0.0,0.0,0.24444586079876973,0.0,0.05866891792574641,0.07559535396161327,0.0,0.0711474037290432,1.0,0.07226233266863076,0.07595957023020337,0.09096888920140056,0.0,0.0,0.0,0.06301960272648838,0.5037042426139609,0.3613881348458585,0.2592723556717306,0.343194974052422,0.07014728376126614
EAC-54,0.037826855660475195,0.05244983306177471,0.052586449622651306,0.03548665578251842,0.013541340969536332,0.08209336946933579,0.29538221977775925,0.09778801634601991,0.05401568435895831,0.024112515395269825,0.05769458697798777,0.17516827472301558,0.07402031771344869,0.06908538790098644,0.049064451582993523,0.05290161192956892,0.009360934628453698,0.03563398977656558,0.06825126312094933,0.027222772449831276,0.04566484298789322,0.03381297531309776,0.046401311309687575,0.041554353988725284,0.06487733603782954,0.09106628632034301,0.05643291639721711,0.0497712075058784,0.03834330484566697,0.03859111733086107,0.04157333634898864,0.06514798352750739,0.04828954007334589,0.032282010780978164
EAC-55,0.0027523867017738694,0.05516652132570637,0.05516953558344715,0.05633391751777475,0.02942209151712875,0.02770785004813885,0.0,0.04527037611281827,0.03685370498348043,0.004313936453617808,0.045660113934269476,0.0015029763595491008,0.10684224833957814,0.04150850570620383,0.026652510194448708,0.05592452141908494,0.01546221149721997,0.051280544967124156,0.003282948636663242,0.001971330618044338,0.05447996213292322,0.012664796715171829,0.05335421007074551,0.05450564642203967,0.01607007127459074,0.03145925464423774,0.056396057697137875,0.031867827636734465,0.03306067114547941,0.024960909147893996,0.028796229402653653,0.025004915979998186,0.03532779075447467,0.03752802909717863
EAC-56,0.11198899192899942,0.053776278832804565,0.05317597408360918,0.053900450172283176,0.05986638299075297,0.0930653289760933,0.0780628588167837,0.15447053391544815,0.08742496447727144,0.12284049989131379,0.10713580319743858,0.06782107544997809,0.0602204237428316,0.15062482163722624,0.10176275099852135,0.14075092099846692,0.05384461691935991,0.05023845818456619,0.13791869438912674,0.0401294195949533,0.046713106157898796,0.04768982756286755,0.05321466553381536,0.05415315166824066,0.13148948705290792,0.030812938106596095,0.061476224552298786,0.09576600564914187,0.15043959075257862,0.159278736993656,0.11106346839935262,0.014388019512655859,0.08658362307603966,0.06559096002655894
EAC-58,0.09636084728830613,0.10897408326612991,0.09281704331963572,0.1098197697287915,0.08941403254521972,0.01418362091854705,0.0,0.021091527186465325,0.053258578052247464,0.034587611917403886,0.05347180008359542,0.0,0.13370119884155268,0.003659127037389443,0.05047941410868948,0.0,0.06603956957656251,0.11316897190613368,0.11831050168394192,0.06688192710631943,0.06002980327717143,0.10261119269450004,0.10273007677897537,0.07017678065255685,0.03650120572792222,0.06214165119731013,0.040806766535599205,0.051913643775225796,0.03387069037057419,0.01352801966831932,0.025374907797174016,0.0,0.06692066372978141,0.1188180247826562
EAC-59,0.0,0.060812302336271766,0.05591598490203671,0.00714444654666848,0.05355029122049876,0.28933025863090106,0.0,0.0,0.00950854753967179,0.0,0.0,0.06305447252780835,0.6049333960267071,0.0,0.057958268100749506,0.042331025498551424,0.013452478889987102,0.0046020501990433876,0.0,0.0957233318351831,0.03286341713736459,0.01395561834354117,0.00968620233789982,0.04152819326328378,0.0,0.0,0.0,0.0,0.027482514517557656,0.0,0.0308210113733595,0.0,0.014518006909569128,0.009076031224418097
EAC-6,0.09022757492351062,0.08278469346850302,0.051878536055747326,0.05827752748596554,0.06762972663387253,0.0,0.0,0.05647505898000233,0.12964837597644868,0.09644115169426304,0.11509133314787329,0.04883399592406063,0.08510633925618288,0.0470019155578551,0.13803353962758141,0.11553841983524536,0.1727377857500198,0.049042950790215055,0.052408981042799264,0.04043285724008071,0.053064775246492626,0.10486729557040822,0.057654169096667554,0.05383236335800617,0.09089412427246689,0.07531276251331402,0.053557448510933345,0.05270074528288296,0.1198456695286074,0.13136812999885533,0.13336948113995165,0.06427003583386055,0.05744640356093045,0.09436503517047447
EAC-60,0.00016982038767000048,0.012567336532020244,0.015017584635547247,0.041333688837840096,0.005858171690482692,0.0,0.0005526392243059242,0.012492714059805038,0.008886524893835065,0.008480840154769017,0.03362664667493161,0.0,0.00781149188958086,0.008064500527716376,0.006242521471941854,0.000863094693546026,0.0,0.0013800665232590616,0.0,0.0,0.0014570196172264786,0.0,0.031582218819130904,0.0009509854076602629,0.024039291425469532,0.0,0.0,0.010302950918297379,0.05023091612855316,0.02058095375401354,0.002937483854873794,0.0007268206903060949,0.020607704540531895,0.0
EAC-62,0.002845928765173499,0.061472197665389874,0.06456007115429463,0.06482467776885732,0.06496230562611847,0.05783081631487187,0.009770530883425405,0.09655212573209548,0.053031967263079266,0.06466669344733812,0.06470656582303287,0.0,0.0,0.06379383281361502,0.013775051930960555,0.02250413101845442,0.0,0.0,0.0,0.0,0.06428912623914985,0.0,0.06458902316856936,0.06493168025173798,0.0,0.03314039619586353,0.0,0.20401880048567292,0.030466476453461757,0.01969840716959992,0.19925819036415401,0.0,0.03458913780657185,0.07180618028991018
EAC-623,0.03997649708224594,0.0621099030259306,0.0,0.0,0.0,0.043742788839375484,0.04562593524273695,0.04301710102241112,0.04373641531967194,0.043766429626989824,0.04277469890664173,0.04576002559894634,0.041902635664928196,0.0428791469129536,0.04130234699868895,0.04475781578178704,0.0,0.0,0.04554436002527549,0.024450893902807327,0.12525077874241544,0.0,0.0,0.0,0.04072252274154497,0.04575111628186961,0.04175996973881258,0.04135232290544266,0.03995854765006178,0.040920015178782944,0.04214643709161963,0.04920782295118794,0.042374222214376915,0.0
EAC-624,0.05263983177180752,0.0664256265619877,0.09365976144348451,0.0,0.0,0.05454160621167375,0.056131519355248856,0.05740217308116877,0.055909204925641075,0.05731537881654074,0.05641511049391026,0.05599393034314278,0.05426041800175371,0.05610586495891388,0.05611450677374377,0.05386241366141683,0.0,0.0,0.05463690360120664,0.05956586699544927,0.16723164004688595,0.0,0.0,0.29760811257957315,0.05872942605759616,0.05596175238486189,0.05493218612600323,0.057426824020177895,0.058004109278024074,0.05849362530637314,0.05532229370510761,0.05586546286556729,0.05660636222185524,0.0
EAC-625,0.0,0.0,0.002312743838416394,9.226554983821787e-05,0.0,0.0,0.032164714590716625,0.016433813415236732,0.003171656838080025,0.0017487385787173263,0.0031503499974802856,0.030977118960287632,0.009524360817977109,0.013435439905458051,0.012511379126066834,0.03215278674447864,0.0,0.0,0.0018859245076698543,0.003269327186440608,0.0,0.0,0.0,0.0,0.01796622529290281,0.030157147450933192,0.023301545700159944,0.00749347241256083,0.02002422301879903,0.029767059530071856,0.005541872909424258,0.03338484613663492,0.015990889893065276,0.0
EAC-627,0.0,1.0,0.0,0.0,0.4686087523142642,0.2711815042913752,0.0,0.25374805461334193,0.09769719667824289,0.1242036470739832,0.12431456979494356,0.1984448133850618,0.0,0.10360962864775054,0.19685906723723687,0.04392150686507854,0.0,0.0,0.5005066935232508,0.0,0.0,0.0,0.0,0.0,0.11386600815247218,0.24758245083140765,0.10506708025311422,0.04914467038434748,0.24388651802679984,0.25695577890739674,0.08981259606908258,0.08847456679437463,0.10838207321485427,0.0
EAC-63,0.0646858166983689,0.07196891339296305,0.06681373690459766,0.06867859205673701,0.05208737473057362,0.13895343747053762,0.1969660043966555,0.1729654327328566,0.06531463385160236,0.1067612078075349,0.17288607884725493,0.07775892482452455,0.0,0.04693800172556612,0.07911893348160749,0.0889453660218835,0.0656290430969596,0.06781145105407625,0.037701557130236936,0.0760565683176635,0.07228170039971218,0.09284916067462459,0.05603944934815611,0.0683495129250516,0.09036575430451858,0.09370145035926651,0.07394805885480284,0.11916792660935813,0.10765691232955744,0.1564234368716874,0.12691523648736855,0.030045280293832743,0.06744156682219758,0.07533956712891875
EAC-631,0.059044320773248345,0.06944805621473987,0.06868674696355823,0.07704385740719033,0.08881487825454594,0.049362925825017105,0.016736552409902607,0.11885195728763798,0.07895464040119683,0.07187624181461197,0.09499941549955482,0.15222033325023615,0.03947436272699852,0.045329045431412744,0.05350548720311366,0.09076254845334952,0.07468736025452813,0.07123797238853764,0.07081200468114388,0.06696358987868618,0.0727784572618822,0.07714292511008872,0.06995409013210886,0.07951343880273709,0.05408068899852314,0.13416020019515942,0.06309853142652326,0.0562046576503886,0.06725616159275359,0.08975633964047516,0.0863205663001695,0.10237328065972919,0.07326189804399728,0.06404781174847933
EAC-632,0.07351006744014299,0.056229637610201555,0.058383854260675605,0.05621524415397629,0.056207377079430645,0.026211044426290363,0.0,0.05749126376351423,0.09436848716845482,0.09993259915014376,0.12656674942607488,0.0,0.09934884319398586,0.055979654950725335,0.08093593240460607,0.009638949656921032,0.05812694855968362,0.058905325597803905,0.056580524117478895,0.04345941192677536,0.057611035689727544,0.1322900834676396,0.05828595972513623,0.05803169858834845,0.055739953840578414,0.041651728586477685,0.027775945842546564,0.08222035959734111,0.020644111921356394,0.07972363494693839,0.0801886818741115,0.0,0.05397619606725515,0.047804677768570836
EAC-634,0.09052520785561949,0.05144148873657105,0.041673957524686646,0.047624714992571676,0.04592449809281796,0.0,0.14071597959962565,0.08516630822115454,0.06802422512734786,0.0712047913348391,0.07165834156825049,0.08651254624640704,0.08962248916648607,0.046231290925400896,0.08721112468179426,0.059979054912463546,0.026939310857702865,0.036154375644092365,0.0441148553755384,0.0429493304986618,0.03726268642448432,0.0514807739197045,0.05024713628153762,0.03547679124097642,0.13293607825079656,0.038221446694464645,0.04622890931435228,0.04645874556626649,0.06644294180455165,0.08090263940033067,0.0616525327686753,0.04395322701632961,0.0434583212325408,0.06578255731470509
EAC-635,0.0,0.1475157521769096,0.547445862947119,0.5614457058848199,0.6753326893909191,0.0,0.0628588939039236,0.0,0.0,0.0,0.04113521039358765,0.03673811441128868,0.0,0.02329685385227579,0.09986249704121851,0.0,0.0,0.31521885042210285,0.21676324136518396,0.0,0.0,0.0,0.0,0.0,0.06845231269669043,0.07230759016794192,0.06963584627356569,0.04199835198622018,0.06577575563192918,0.07819611183043175,0.06298878998505787,0.01821674541693856,0.04489722890914116,0.0
EAC-64,0.0,0.07395559509548091,0.06986028377471366,0.0628388993480928,0.039290183229146694,0.10918020564748449,0.086427739002954,0.07263962254962976,0.10215438252737863,0.08418229540560751,0.11755061560817462,0.058236714457656914,0.06594563410356888,0.06113537916703278,0.08289104679478784,0.09571702330297154,0.04163355796146692,0.05085780903392349,0.05396341389501569,0.10024550055233969,0.038416337808791425,0.030185579416375143,0.04842825725991898,0.048508968024784445,0.06385784236630651,0.17108885006304145,0.107144916689823,0.21857478150669032,0.07879212395550442,0.06792060727291972,0.07542412556213135,0.06542187632499488,0.09033239962373284,0.037958702191618586
EAC-642,0.02569842015813235,0.0,0.0,0.0,0.0,0.06853683081373577,0.05997859556239735,0.05899629301511476,0.07165139144995376,0.07350174341924859,0.07284249609395686,0.10116848135360745,0.07732995757040127,0.07312922077274744,0.07531577167143627,0.07462541223852132,0.0,0.0,0.06660152520879054,0.087271269643847,0.0,0.0,0.0,1.0,0.08233946478885278,0.10070962066828291,0.07479371013925953,0.06805204279335057,0.08751635722468555,0.08033674169063955,0.07531064634916076,0.06698434401689225,0.07348740985211313,0.0
EAC-645,0.1570776179124374,0.13212582947787913,0.12707717976589777,0.08888201346712654,0.16012212829324088,0.12598605697370155,0.10674661436959992,0.18658186075173305,0.17008694068107977,0.1272494078327821,0.1917462092396057,0.03047930225687627,0.16401648289918985,0.16467611138273608,0.23979433586689342,0.09917634977430277,0.17498894718219524,0.12152179835678706,0.07261899790701219,0.18366722859103465,0.09061809436018482,0.19038651573909385,0.0940042202944635,0.08825099272480777,0.20763554956545655,0.07682793574294568,0.07374957374058247,0.0698670157934319,0.22392269896306943,0.23010526714863125,0.11496403041630913,0.07854224168224196,0.0733823527917676,0.1025594092868509
EAC-646,0.1024553822490417,0.0952178418842087,0.0,0.0,0.06726752962044921,0.09574385715730228,0.09363662195541753,0.0924356598504932,0.09550858415230866,0.09394346518003117,0.09739398199022774,0.0944909387806752,0.09437329810874377,0.0936176122029614,0.09542329753762924,0.09346049425350184,0.0,0.028611501919239408,0.09084619898279851,0.09183701383800258,0.11318077682073877,0.1090684928021079,0.0,0.0,0.09991889498644357,0.1001210198382688,0.09707458793050278,0.0951789765297338,0.10232141683457888,0.10113415545857482,0.09547101064302513,0.09492006299839495,0.09684430983153293,0.0688030986786508
EAC-647,0.07479037008115101,0.24073370031082056,0.4703335294804755,0.0,0.1924514445267183,0.10054944182064132,0.11939514757223234,0.10483295214273951,0.10668191522317064,0.10189932794788363,0.10723245039532914,0.13579149518887873,0.0956790353699218,0.10260848022957614,0.09914263570982848,0.1433232104664965,0.15271322758862055,0.0,0.09511667766732936,0.09402134348640036,0.0,0.3484619478965618,0.9999999999999999,0.0,0.10003445394367866,0.14367790326036153,0.1024899773515779,0.10578276437995089,0.10102313459160035,0.09996739012080338,0.10940051920320934,0.1714164135021189,0.10275466062500774,0.0
EAC-649,0.044396497536802436,0.0,0.0,0.1725036020495812,0.0,0.042417896460120424,0.03824343596852018,0.043742886978613955,0.04473990122470524,0.043813472783680314,0.046220748361994926,0.039201007166689276,0.04322485352981867,0.0459540925490452,0.04384369081252658,0.04467513462466104,0.1194944215142187,0.19106842048706635,0.05459741115738938,0.05220336268246488,0.0,0.0,0.0,0.0,0.05272053673431335,0.04677748196612283,0.04765030973242312,0.05773956441828665,0.04568273991320252,0.04576799020309502,0.04456520865400369,0.039418117778770766,0.046327515561167945,0.0
EAC-65,0.05331309598154528,0.0,0.17417392061272413,0.0,0.0,0.05087908711295351,0.04284116301495719,0.04950507248081822,0.049355297489643055,0.050320651548042036,0.052376713776694006,0.0514056398206342,0.051230393182825316,0.05245100463107159,0.053461424410938825,0.04774250127216652,0.0,0.2481265693145076,0.057287073299075245,0.07425336699539793,0.0,0.0,0.5189051402384661,0.38045502290162625,0.051991615343669965,0.05019647790875544,0.05362133220474922,0.03827800553154469,0.05285406479760885,0.05372367043197758,0.05224674843511439,0.0388609314904024,0.04532878809834218,0.0
EAC-650,0.046249820346051,0.007029146184322861,0.0,0.0,0.008719552965668214,0.051773613368964654,0.12407310311773645,0.058564254075133035,0.05343382618015734,0.05213942925996858,0.05763845365311577,0.09950727749669237,0.05348264291917192,0.058564281967515314,0.05172633520260286,0.10584217091777957,0.0,0.0013121144178464593,0.03739530247977128,0.04818867780041013,0.0,0.0,0.0,0.01287914495457889,0.06185981453365541,0.10418090918529725,0.0629270981180223,0.05270082044977721,0.05852304713761255,0.060850775163004356,0.05462681153952472,0.10851483846513901,0.07209428514490253,0.0015023164655208515
EAC-653,0.09559369335272837,0.12440979449416865,0.178663669953053,0.07895690617006959,0.16045451959011464,0.04931619945533815,0.06251225330659436,0.05477755754856082,0.05271480226425386,0.053100491726633385,0.05447693228575048,0.05117797248588122,0.05498158857447162,0.053978603546784555,0.055285475695121614,0.04681573921491162,0.03422509200246776,0.11199661387468578,0.050761608859572184,0.056810705332884896,0.09252919452024858,0.04059753208251705,0.05237211186906871,0.08909824949050593,0.054312529232512924,0.05561981982262965,0.05002142357888247,0.05178442450293045,0.05397701840746048,0.0523657325566225,0.052232935448979556,0.052091783896136376,0.05525200411647994,0.16318861247005317
EAC-654,0.031158061242743312,0.07170910762159378,0.0,0.0,0.0,0.035132278133441976,0.028428125043421383,0.03577402346701291,0.03017028209785991,0.024795253866918176,0.026556846216841908,0.02556575467989055,0.035402232734567766,0.0357071797555002,0.03551245510124945,0.02296320988569495,0.0,0.0,0.03660250751365778,0.04370254017935155,0.0,0.0,0.0,0.0,0.03511072061856738,0.020867111754676364,0.03582194437582497,0.03463594292010913,0.033849995628126524,0.034182192405959246,0.031012448674374332,0.024819539531425003,0.03647271014047284,0.0
EAC-657,0.09835735655687437,0.0,0.0,0.07750661153460511,0.04687468978344086,0.144608379136774,0.11617904693439894,0.14502417280059468,0.08493979808756041,0.08100503728940747,0.10451817367227516,0.07884100866364434,0.14840899662569387,0.1517432748597813,0.15268866393893157,0.10209034078945256,0.07365456933899994,0.04737020885497761,0.12273110365689484,0.07294366560543694,0.07756317105720828,0.0,0.0,0.04333215312391364,0.152154246535063,0.12728396590018878,0.14271256405108848,0.14289458578187947,0.1607955403420248,0.15454910632715776,0.08676161164912985,0.11555457097275643,0.1397420082857837,0.0
EAC-66,0.04198770863113616,0.08210951342523345,0.0544232463711658,0.12284034338459877,0.09934040873781898,0.12797123949424483,0.14969492292489467,0.15298801729726452,0.11447332050779234,0.10180584361322499,0.17916591546323327,0.09948398385390438,0.09670944040004943,0.1493255017845802,0.16481302832847747,0.10942386091270424,0.0,0.08510158737158977,0.07658705362040039,0.0,0.07887411836414422,0.0792363959650042,0.04331042110895717,0.09158533390441168,0.09093239041076047,0.07938698539341986,0.07971617518767826,0.07798121788148143,0.13306523843115373,0.08654122884990977,0.08966664002930959,0.07650671306616244,0.0788844451171707,0.04520936214250547
EAC-662,0.10610573820040041,0.5470241203643857,0.3282962374069637,0.4150369607260979,0.27485102881261575,0.10665634845565111,0.10277732218199555,0.10006802647276146,0.10442161049611387,0.10218586140807075,0.1019795869091235,0.09983696881789249,0.10322905795085116,0.09867754887646416,0.10452958909118196,0.11310059292963207,0.0645500024714687,0.40116387986671104,0.09900144721189409,0.08649657129719306,0.45868497164863514,0.6174019803981308,0.6655158082193638,0.06528333822409725,0.10542953462629408,0.12242751181769454,0.10255559865119172,0.1011633930138884,0.10903684128380028,0.10248151696505793,0.10193175327525607,0.12075693754825179,0.10249477707215113,0.0
EAC-670,0.012838675579424488,0.06005591110907327,0.06139554258081636,0.0625376479201352,0.06272934156950503,0.034460028648577445,0.08603329525583038,0.0568638270580393,0.07579060282083187,0.05819515481634992,0.06705390987507709,0.00760564082220245,0.06319828371015279,0.043212071542191026,0.039548715936923176,0.05037140726808771,0.07896531172204192,0.0686592671339805,0.029320671059562257,0.018737396106148562,0.06154202055381375,0.04381214451919971,0.05938598290286962,0.06161987698795446,0.09936774291553688,0.02253336744850546,0.09107263563474756,0.103043903859778,0.091226233184607,0.06355313905286607,0.08483419346800901,0.029471091832233103,0.07897405298698781,0.05849400303136834
EAC-673,0.06386680558634578,0.06672770237995222,0.0540897714879694,0.06293906613982801,0.059033280728582466,0.07855193529636768,0.05314867191348767,0.06718587719087404,0.06406751924076548,0.0675576192552875,0.08876532356408914,0.07007624316774277,0.06498061939770072,0.05049484232083489,0.06692996373622276,0.06811444020035885,0.0540173031068359,0.05791170038037359,0.04574976808795771,0.05189802773602494,0.05519886057414762,0.06873151989131791,0.05847204064289285,0.0601209529681134,0.06846624267501099,0.015105607804300232,0.05551632485861336,0.03908915516464913,0.08323562051761974,0.053807226892211006,0.06330705447474252,0.0565264442664715,0.05674751150288908,0.0571521506898991
EAC-674,0.1018143370070959,0.12458807567216948,0.1337751170761185,0.0,0.13491316897827715,0.11099447435706578,0.11981615119109588,0.1040275527622683,0.10028481402511064,0.10308456192290885,0.09600524038071699,0.1222969056838563,0.10781354688445846,0.09997708106406675,0.10693213894811657,0.11543317258112346,0.049993407296563604,0.044698647909916754,0.10062735224116845,0.10062338612496903,0.08203747843633621,0.05487610320207322,0.11097358275912807,0.07029048673164705,0.1208114170085491,0.13251319752699436,0.10167675393528836,0.09644623440252154,0.11056455198201966,0.11382051559867666,0.10075081398197964,0.12916146225146588,0.1037599742905231,0.013123814674707376
EAC-676,0.06282442059587873,0.26603435492980776,0.23937749082830548,0.0,0.4572385971777563,0.055470083826772376,0.0765158670713096,0.06102764629625008,0.1746797369041675,0.16746071097040063,0.1371132496570463,0.06925909672390973,0.05732036953128293,0.05894590964977766,0.05708915129478977,0.07553676210299473,0.0,0.0,0.05915145455003477,0.05042026236975268,0.0,0.08315118470562113,0.38487232795604,0.0,0.06461977227484471,0.07389669274259934,0.06686732863804097,0.06658679893161716,0.06145280925763314,0.05986270642439919,0.13673777214274174,0.06567784023141013,0.06331061797164723,0.0
EAC-68,0.052601826009330735,0.019935230532258506,0.020063531527011538,0.002927634553296228,0.014749246699709579,0.041079428510016655,0.031511957578516915,0.03021278623899761,0.05535573371629748,0.05275926126342093,0.07840635874039899,0.018687639680692536,0.13699589472586973,0.02710670246761202,0.03818679894916381,0.0232884276705018,0.005855334465118449,0.018448796602570202,0.07691497708537984,0.048202563393231264,0.03480196928043091,0.01218575417782029,0.0065369137304778216,0.019146800219683357,0.015070148781314767,0.07165066356236978,0.09282886113629124,0.09218967140551387,0.009306622224505833,0.0,0.011366922264864476,0.05555916459490751,0.08976182666880904,0.004137344342893367
EAC-682,0.05018580185557376,0.038319007804770815,0.0071442847363486365,0.0,1.0,0.04956562385128454,0.05143637988517505,0.049159742320405285,0.044289718538433706,0.04294001945661215,0.04535345086521409,0.05062968359609203,0.051061818444664904,0.0487960112858314,0.050809766026385324,0.04899031133741764,0.0,0.0,0.05021611825614615,0.0528419929605749,0.0,0.22404236370191152,0.0,0.0,0.05467789836354834,0.05090037389304855,0.048414311338137124,0.04893688420959462,0.0543307707933687,0.05320218550942323,0.04765865648966291,0.04898670710076711,0.04746268912391013,0.0
EAC-683,0.41114780591284145,0.08672289962091294,0.07640489592119117,0.0742033886683409,0.1295276476961385,0.17604623056819504,0.1822864149227982,0.07586427029041705,0.08478643741435174,0.07574763270978963,0.09880726215154861,0.12783701866987368,0.17410690630873338,0.07712329147120366,0.10753038516074671,0.08083433353000019,0.09054213847484516,0.07551030599826608,0.07677131691676532,0.1170895748825187,0.08668984464459663,0.0448747545208139,0.06925097762398126,0.07523355965994119,0.06577202539250786,0.05406352193093262,0.05685270497553683,0.053508353515972405,0.060599706164352916,0.06238579755262303,0.06812856657163704,0.0651321053187931,0.058781160374979255,0.04718652349688983
EAC-69,0.005806395242130803,0.058587404354930095,0.05766614703813905,0.04168322789567002,0.057596415504712735,0.02016002660688913,0.0,0.005717136641451589,0.006441853490396793,0.00891411748380597,0.00986254590684229,0.0,0.0030225432202280276,0.004572091417279771,0.005650316339270285,0.002515283702406794,0.05796239611894443,0.0456305007322147,0.0,0.0,0.029943617359867645,0.012103446456855986,0.04919617340179649,0.03326055561961862,0.023592223865082074,0.008820746048480788,0.004368698963486005,0.007531099741446462,0.01540749674214627,0.002891800478962365,0.01555663622091667,0.0017470160862328834,0.008995857222499517,0.06265863081348517
EAC-691,0.0,0.0,0.0,0.0,0.0,0.13292136361652163,0.0838583622472973,0.08375760005461612,0.0,0.0,0.0,0.068232686713329,0.13020797855821836,0.04495587400382497,0.14163806725221573,0.02690299141531439,0.0,0.0,0.07335874765744964,0.06106249321633694,0.0,0.0,0.0,0.0,0.08550552332290136,0.09436436646837909,0.09605662956064383,0.04650489351823143,0.054248553704212395,0.0,0.0,0.08608373076544128,0.03927363970994305,0.0
EAC-695,0.18767009913059093,0.056505563114168746,0.056603759492652055,0.05611446142566279,0.05609533367834799,0.0,0.011737430102218333,0.0010172494146445659,0.03927935926848303,0.06788189660789416,0.07422044427947633,0.01649243243349936,0.0,0.01059981869664811,0.006816383977991117,0.04050458759561624,0.056774148266293824,0.05734279697845565,0.04916860889394703,0.05310086365021817,0.05631213762391209,0.053662771257419944,0.05636857336817619,0.0552309961816501,0.012052707842018902,0.002373563263908836,0.05896956643476815,0.06059596129848582,0.04657840748091785,0.013696285812261087,0.007854878089014113,0.0026311912980079757,0.05563477656380681,0.05730248832044001
EAC-707,0.10898574915531022,0.10859511791565465,0.10419355743062822,0.1289931036355075,0.11185516441133808,0.08639064181480086,0.0,0.17586221553414186,0.07890421595648744,0.09177232318039028,0.1374110256797875,0.0,0.16298524944152928,0.12340362506639017,0.12387667280168034,0.04659491219094063,0.10637109595773553,0.08912931739633878,0.07016028436432463,0.06853653265175523,0.07337838915459448,0.08327930532568295,0.1760209542509314,0.06050246490750793,0.07387227695020042,0.05269641439831705,0.06608307028468907,0.06127180307307131,0.11441904064731619,0.07708866472902261,0.09537467965831718,0.07077737473232378,0.06784358520564787,0.08809875020853278
EAC-708,0.309622464044496,0.21675505648247834,0.09354836998304038,0.1716582511529245,0.1324865295763102,0.0,0.060411991867072426,0.08349981584643096,0.14641605367934712,0.17451272844661125,0.08997668578783992,0.055554473419433044,0.07266841565438292,0.22248859802653953,0.14665490768918749,0.07141600550624498,0.13253263982354183,0.35302511129678577,0.14289054587560696,0.0,0.1124418024703383,0.0,0.23212111301204535,0.20556943453148374,0.23428252149382853,0.06109595096178132,0.062375259010979026,0.04112929631360733,0.07998259527639047,0.1271539056197014,0.3686556477936321,0.12281570418263982,0.054879659440582026,0.12824504565724434
EAC-71,0.01863930218071459,0.04479182642111207,0.042485358190699006,0.04486310114511537,0.03036447467968819,0.0,0.07044385847219924,0.03971503588432234,0.07753570100577303,0.07056883496327901,0.08976517159414885,0.05964036728969644,0.16239789467582574,0.06873119208001444,0.03562887736175916,0.06616609201347153,0.05451131529573839,0.038672630644715156,0.050909996454549786,0.04212351666314379,0.04128204168278789,0.04049682676882181,0.03848853475637569,0.04809671052582965,0.02586155877401441,0.05982720597866334,0.05333189823353169,0.05624185205333408,0.10253895544974109,0.09505798119131625,0.07858182672226531,0.05425041465215805,0.05802959229883763,0.0484980726522045
EAC-710,0.027832800474822027,0.00996758156506187,0.01946063332947892,0.0,0.0,0.034319059321709144,0.02925148266231716,0.030479111859392,0.03209125543848567,0.030640472896639636,0.02995170598952235,0.020217263360406006,0.03385293819429647,0.030691513225055735,0.032484899598379656,0.022369648594770506,0.0,0.0,0.02858718526901101,0.03298898978094408,0.0,0.0,0.0,0.0,0.03214720017844492,0.02680080081397822,0.03170940955265101,0.03148622645591992,0.031127103872468455,0.032332240811359506,0.030372326996547072,0.02958277013602544,0.03160729267541736,0.0
EAC-713,0.07836460761525949,0.06463144276366999,0.05926725789837431,0.06417503108888627,0.062499221825354695,0.03123942212517013,0.006146524964080692,0.040680881473801146,0.05130090082951403,0.06262652528201118,0.07141843725841786,0.06205062566066119,0.06833268526418626,0.08032289743675838,0.05011046506644705,0.08302348360293635,0.06501392109704503,0.08152108597869583,0.0712318471669502,0.05133946749295547,0.0623304433026982,0.06051305272123299,0.061990191505295396,0.06576133580406804,0.058128052659958074,0.02621695188063282,0.08891450880807172,0.064495416897149,0.09009156269585228,0.09724146631219316,0.07677615110053544,0.13384699741278197,0.06109547051111207,0.06252420716702393
EAC-714,0.05193311785234376,0.0,0.0,0.08779456880137974,0.0,0.06077663768943227,0.057217258125802896,0.059760282881882884,0.0571058789339435,0.05530619524861352,0.05583097041729575,0.057584043109339754,0.05703058347714426,0.058955610190838226,0.05914838205698315,0.05648759248922156,0.0,0.0,0.06330009912505388,0.04034840790698583,0.0,0.0,0.0,0.0,0.05080223597902293,0.06098678122824992,0.06620777136259408,0.06709524176074642,0.054589352265961975,0.06089407822489986,0.05819979146861146,0.05965976056461217,0.06656785255047902,0.0
EAC-723,0.06079380981461899,0.0,1.0,0.0,0.0,0.01799305523194847,0.02571237055560797,0.03871038679879763,0.030559468921728547,0.03942478926415712,0.05445538904406334,0.020695681068538183,0.010343707928461954,0.041440517339294526,0.02975625913076208,0.018334966353837627,0.0,0.0,0.04779924863566294,0.0076681798089865945,0.0,0.0,0.0,0.0,0.009434074527032526,0.022833201880571495,0.058934311462931765,0.05299027471017034,0.028002733900102914,0.01956980488806609,0.032584941446798216,0.02311255092412414,0.05353877691783645,0.0
EAC-73,0.13957648438247097,0.18772742416277227,0.18913851502390303,0.1259814674707065,0.13341398277648187,0.0954034895110177,0.2133946299254782,0.09429879615194028,0.09009274381385864,0.15655903559591677,0.0953420476117232,0.1147314053647961,0.11184897605152629,0.08078471729525233,0.09909282766804903,0.1495605930974458,0.09114998363111507,0.18188020739161145,0.08358329190057513,0.1214308102603656,0.15440684117822948,0.19773226562599006,0.13692054351112576,0.1441234127627447,0.14666946798309305,0.0852506134553509,0.080089906963104,0.09417444923419091,0.12669050003639348,0.15455634030634846,0.15553467228963638,0.07531013657249637,0.08825571411913206,0.19168133045048272
EAC-74,0.09866771497529772,0.06715948207202775,0.04157639370122168,0.011171418763769076,0.0,0.0,0.27235349978907786,0.03653177267118662,0.09080862630747341,0.4453418718902184,0.18584825695583543,0.11825126607410787,0.0,0.049774254897488525,0.23781910722800004,0.20891334465277792,0.0,0.07299033417343549,0.04408238147054097,0.0,0.06758067964299759,0.0,0.07035499770839879,0.03279591482474679,0.0,0.049380433967677925,0.049769591269594966,0.05038833389962612,0.0,0.0,0.0,0.05255061968386863,0.05312504895986785,0.0
EAC-75,0.0,0.0,0.15870902086855643,0.0,0.0,0.0,0.016823618794497657,0.012747285847954544,0.00937871465515636,0.028181303968413545,0.06025836446452582,0.047823895867991205,0.013156136337446226,0.006073267580623012,0.004845304750448763,0.04596513751808417,0.07576605495948105,0.12649198947704635,0.04773483811314798,0.06253081400606937,0.0,0.0,0.25626875225735635,0.0,0.0037209117268924255,0.050266599820745855,0.05218655834687136,0.0554111966370414,0.006736777102784592,0.014648723541665276,0.039892623932942926,0.04674691670067942,0.055986715149276854,0.0
EAC-76,0.12546977148769536,0.08678304992553341,0.09535283118493391,0.05699596258056917,0.05061372514429066,0.17041571937444175,0.14818889339001956,0.10724799564491289,0.19108092782640707,0.2009120958234095,0.18129247395825182,0.11522741088390878,0.11407412432226186,0.1432485825837085,0.18415661138265846,0.12688829883325317,0.04916300461365212,0.0664999196152124,0.15783252089803,0.20792815442466253,0.10865293889578083,0.06509631445354445,0.0406402962317278,0.08879540182658034,0.2002599973174945,0.06747634000901706,0.1366983984388117,0.14296959391406006,0.2031011215727708,0.21560221213587158,0.2034633186365656,0.03628096867794951,0.1403845092874636,0.12623942911544137
EAC-77,0.040995174557752506,0.06894706933967962,0.07767503992065478,0.07819165399599724,0.06209892479615925,0.11814224590487314,0.07983177953407224,0.21180682351862054,0.09532512245969073,0.09051235394133225,0.1008361154255705,0.11323240717034137,0.04779688408157336,0.14360203540520547,0.11567806218852877,0.13193683468458445,0.0630490248642027,0.027149624761172577,0.011546583808348073,0.12601820905377972,0.08705473312929853,0.033542074367086054,0.061624324365998503,0.08059520306269669,0.23613223217487425,0.03346945976139939,0.09030206787314184,0.08598396490204384,0.14056428303597732,0.14855396963409886,0.09694502711624811,0.0,0.09226364974263311,0.06221028173701828
EAC-78,0.0,0.010713582466641095,0.0,0.16564374409374932,0.0,0.06989306097626782,0.10908239187976387,0.03275714551415875,0.03833450775224256,0.044071346249974615,0.04150711146648599,0.09736200575132745,0.08456415406439902,0.026809453809560593,0.022902453953812695,0.03425426882317777,0.0,0.018327225274281562,0.011355447191914891,0.014412993294415238,0.0,0.0,0.0,0.0,0.017490254991996957,0.14017114542705214,0.018521867298082327,0.021039423662749017,0.0036132232510612283,0.01789315037903041,0.04951847639411022,0.1082334116133528,0.016549295603296748,0.02144388507504573
EAC-81,0.03566991427138277,0.03569220466149881,0.0,0.0,0.0,0.03968560762715969,0.03506448958251623,0.04048616823219418,0.030195443496008115,0.027648170443127017,0.033291819619452934,0.037080897233298736,0.04142655679908603,0.04223465993569921,0.03938838470287023,0.03213765444630188,0.0,0.0,0.03454299803572377,0.012502001925033559,0.08240829102244676,0.0,0.0,0.49726008565337115,0.03945827699818219,0.03241114662693562,0.03924796843051083,0.03810569582102009,0.04015673595116711,0.040119909689342946,0.03836348173131705,0.032002271679946015,0.03854449677698097,0.0
EAC-83,0.04818067281424043,0.0,0.2087355756263651,0.0,0.0,0.04483194925075328,0.03967457300538855,0.049039972730594024,0.04226459271147176,0.03918402738636047,0.037358302259143154,0.049237151069083045,0.047353103981702185,0.04613077870838185,0.044701449409580006,0.03965265804807082,0.0,0.0,0.03175206886821508,0.04375156755507145,0.0,0.0,0.0,0.0,0.049907967046172425,0.054063556808068826,0.04859654229567798,0.045608362457945535,0.048459008378175746,0.047898672785841166,0.046947463807278544,0.0459200715205002,0.047820572977483246,0.0
EAC-85,0.021320476442553683,0.0,0.0,0.0,0.0,0.14559530032667065,0.10411679917490187,0.126741658898132,0.09673523464418043,0.09966782505519556,0.10512177032858318,0.07746086374006422,0.13389428513889548,0.12397723872794834,0.13883881366681472,0.037894767258829724,0.0,0.0,0.06325478525129684,0.05498873427941908,0.0,0.0,0.0,0.01816700328548498,0.1466115351624557,0.06606835067044625,0.1461990180740369,0.14738750690349778,0.13940259100883368,0.14395072376485255,0.10539299615989585,0.07137278915056233,0.13346209849182283,0.0
EAC-86,0.0,0.0,0.8161225216668652,0.0,1.0,0.0,0.030695178197955624,0.012485405962446036,0.0,0.008558373370680404,0.03134001347039416,0.027659214888078633,0.0,0.0,0.010043375804004656,0.03554247437240566,0.0,0.10292799174410046,0.0,0.0,0.0,0.0,0.0,0.0,0.0,0.029667947524762067,0.040819535682878265,0.04773805967388505,0.01649242520339307,0.0,0.009012268977755925,0.026885254990853084,0.017556431499820266,0.0
EAC-87,0.05360225963459913,0.06731623993854342,0.08218217860592011,0.09576185110928313,0.10024900108858702,0.01111732211168479,0.11312258047237278,0.12238767858532826,0.03793841836241343,0.04312551272961364,0.04710638636016429,0.12298212699131156,0.03354798217987347,0.08605873368214947,0.08721179931513931,0.05038235374105027,0.04834105973044995,0.05821598868290487,0.03626894976239748,0.08080111015929323,0.0758045248502245,0.03922337422758171,0.09593668612517314,0.06569172077550418,0.04258512895622505,0.06928689616709736,0.042002336911899196,0.031224739664052984,0.05570281818896533,0.07338323885297068,0.038689820378503374,0.04211271775683654,0.04395531920192809,0.09000160799741651
EAC-88,0.0,0.04918317275540079,0.019112036679383628,0.053317763019434104,0.0,0.0,0.0,0.0,0.015150632671155035,0.07204512696549993,0.016204693504142425,0.16255018077684585,0.0,0.10798829838185955,0.02242550977028313,0.021023935167323298,0.13104205510017047,0.04011046577330291,0.06242501143818852,0.0,0.1356043249006642,0.0,0.07810293809438208,0.0,0.3269754860217202,0.21442198116828262,0.039780362673017426,0.0,0.2432444206810603,0.22247166929953566,0.1669208662324748,0.16447759827581204,0.04052507853897247,0.5005531143937683
EAC-9,0.051881994899562744,0.1937079005293256,0.18432540860500957,0.17246809592941592,0.17225310021962575,0.034829968298160326,0.040975996745107095,0.037969758675198,0.04242081191687163,0.04286700387551067,0.04319704840435201,0.04342822212139648,0.03178886327728663,0.03730365589766932,0.03634755928343256,0.04586241255413688,0.11105249141644537,0.1148400478944607,0.04728090198191132,0.04540161721373805,0.1683002769708839,0.12540046514698963,0.29340623926358816,0.1784227159868294,0.045326306410941014,0.03929887724060294,0.04528691061755205,0.04344242517256773,0.045905696822090745,0.04367525551667426,0.044119207654666655,0.0396719662322654,0.04164825508610932,0.23457800251299776
EAC-91,0.0,0.3337849703808238,0.2505263933815179,0.02497354013655777,0.03752074856799615,0.02913410160738584,0.0,0.022660944472214326,0.02042769344850851,0.01909839877639108,0.05138927277189024,0.019457922841861413,0.04591419412898504,0.017717158074747594,0.017816157242114817,0.019811904299281383,0.056189442795049296,0.01697375225565025,0.0,0.0,0.11430357520920713,0.12562794522690351,0.054082029537633115,0.0961389861736889,0.03002971878928884,0.005932313750503211,0.015121318499030421,0.020106637038561415,0.0372608410613013,0.03714336703024952,0.026295129561692283,0.008860864654253515,0.02340795408264712,0.03250155026035201
EAC-92,0.0705739017566556,0.06201507429308731,0.06119545354524464,0.0632406330521984,0.09236746106181384,0.1533442954086308,0.17220243003941768,0.07482843952504967,0.025619060889633043,0.17949330015946588,0.14400930783002522,0.1076908816944995,0.14905974942683062,0.13930420936307727,0.10885924800804657,0.12049460117316725,0.06918027409648507,0.0015519151204544906,0.049070507044942376,0.0,0.06401442267315267,0.10271782997767397,0.082688596347905,0.06763368541471645,0.23095503730259637,0.027292784204863654,0.04213521631982593,0.22120376043655407,0.056855147477882846,0.05037049175867217,0.1239545770757522,0.062346593183431435,0.07021089459519668,0.07751159915636799
EAC-93,0.0,0.0059771296198822535,0.004765390949960894,0.048688813405128546,0.02896048977456828,0.0,0.0,0.0,0.018079877211676903,0.02305918843168077,0.06889171599364505,0.09017494795339043,0.035783007215867475,0.09623038018713893,0.0,0.060111340801355655,0.0,0.015757975371848306,0.0,0.0,0.04442756663431486,0.08377680786930827,0.06061224131004226,0.0558642091138649,0.0,0.0,0.05300624531543157,0.13393251179594146,0.025765457297939005,0.013397987608694728,0.10343131776383423,0.05913292761916229,0.022008360898636933,0.005656592530107824
EAC-94,0.08687427603651705,0.05578131808747093,0.05600816287850793,0.05319301591147896,0.06919388143281194,0.1367374739473653,0.057467066895293566,0.08354622287750788,0.08079987418153384,0.07145723427444318,0.11382703503301804,0.081283116585229,0.15871737566349528,0.13947579233864066,0.11144335241305575,0.08973142757316306,0.030127368574969334,0.055231705619543964,0.1111624201383283,0.09300504922535849,0.0668654177874613,0.11775238758846966,0.06325092388523183,0.059636852940235255,0.04377236947558149,0.0400369132627563,0.1461496581160103,0.17592109036341355,0.06475336292863419,0.06569660539081645,0.03732528500237854,0.04152224914144589,0.13678365919331978,0.05213457305811202
EAC-95,0.11885022081669383,0.058948031513357445,0.05698475183773761,0.03703498469176446,0.07012862308080109,0.060025089779462755,0.12577830501334727,0.09358856039137631,0.081918225739598,0.07134545660528312,0.09417966854447307,0.057126292012043195,0.0849990917626667,0.04660579230659324,0.08467706326760244,0.09350603364143195,0.0,0.03283192327501285,0.02039338734179453,0.12470730611998304,0.05795639000252834,0.13430298398545457,0.0322974092044281,0.05766427249376728,0.07056719276384259,0.09463106355814181,0.04809363825186506,0.057337719395575956,0.0593340929129472,0.13092366004446734,0.06775619608405799,0.05552727090716565,0.08140423522003559,0.05623491276806588
EAC-97,0.0761502272526556,0.057477077944651685,0.05898100638765874,0.05836475695974709,0.059100566506096464,0.16069288978763696,0.14036030069926758,0.1470268153852622,0.11763392629336435,0.09873147155510228,0.09820635178236155,0.03940736562692697,0.045182787714003414,0.15953700268521948,0.12017592281487112,0.1526221494110034,0.11292721236885313,0.060137956029497876,0.10933223511389305,0.09906452389746491,0.05877043857151373,0.06234956282907041,0.059365006537026664,0.05832614295461244,0.1355799282368317,0.09161060650478339,0.09325134994037704,0.09138076049174831,0.11241771605999744,0.10414764865584522,0.1070875632720912,0.11955985616239623,0.09812686806565887,0.06162929809565114
EAC-98,0.07935254678370673,0.06169978181124417,0.056327056593770505,0.07452713012697529,0.05765970608454701,0.3012377459842637,0.2751016763448751,0.028670549730629522,0.1385870139223449,0.09334468809910389,0.1933849222399882,0.30648990445739926,0.3336267435519592,0.2057162704730908,0.17952652180650258,0.1025637614499419,0.06873139249238402,0.06222853263800227,0.07301897277686499,0.07851244535232145,0.06468407208782956,0.08394324723735165,0.07759082658020085,0.06351765062424639,0.18892067160987774,0.06313075072045661,0.070496638312069,0.07190743519720923,0.15935661315368832,0.18086499081699317,0.11203905017516472,0.05127612758333984,0.07123198471036103,0.08192424075276658
EAC-99,0.05819000459415646,0.0,0.18853152724698571,0.0,0.0,0.05580240018752606,0.060192844911948075,0.05627747107336076,0.048121565266721324,0.05025591393052347,0.056935122767089265,0.06111320980368455,0.05171408028741471,0.056180050614563895,0.05269898651741674,0.05544920774117794,0.0,0.0,0.04737262101945292,0.09738979392769644,0.0,0.0,0.0,0.0,0.059324818351386366,0.058296990702511695,0.05719667278459584,0.057110268112452636,0.0707264003134503,0.061824533830253325,0.05916390160315994,0.057384669252895384,0.05875624195581066,0.7264633821421439
