connector_RNA,RNA_transposase,RNA_CAZyme,RNA_peptidase,RNA_secretory_CAZyme,RNA_secretory_peptidase,RNA_Lipid_TM,RNA_Coenzyme_TM,RNA_Signal_transduction_mechanisms,RNA_Defense_mechanisms,RNA_Energy_production_and_conversion,RNA_Replication_recombination_and_repair,RNA_Cell_wall,RNA_Amino_acid_TM,RNA_Cell_motility,RNA_Extracellular_struct,RNA_Cytoskeleton,RNA_Carbohydrate_TM,RNA_Inorganic_ion_TM,RNA_Nucleotide_TM,RNA_Chromatin_structure_and_dynamics,RNA_Cell_cycle_control,RNA_Intracellular_trafficking,RNA_Secondary_metabolites
TARA_X100000009,0.00010400064675515698,0.026010436099084853,0.030695970433888213,0.001124094796449004,0.008261905883656509,0.009551226945597315,0.009222401219225284,0.0036370321717673596,0.003166154355359157,0.03980367007497285,0.011476891302247369,0.016520416603218808,0.033264910942270014,0.007844170615158788,0.0009993979954522783,0.00026815861544300185,0.015790267951023198,0.01832559080753546,0.008390794185970822,5.255612677200141e-05,0.004212181872216641,0.0065312021831546024,0.007937913919921989
TARA_A200000327,9.148761049103437e-05,0.023276931966156163,0.03821958238208183,0.001050627405098569,0.006836064792765278,0.009449778151854313,0.01086248916252906,0.0031640170315563247,0.0033039292710112106,0.03565163095866458,0.012018470660476902,0.015142245093698232,0.034076104417106116,0.008722836005628077,0.001165049393702948,0.0003036944902545524,0.014393384586686209,0.017223857329126246,0.01078332526084103,5.25506328964599e-05,0.00330005895471884,0.007755849789208401,0.007088629998115744
TARA_A200000369,0.00020388275729533144,0.01931255112534104,0.027373151836484956,0.0009385312297409574,0.007125771251496526,0.007919435149716367,0.007685932200028327,0.0036599762105984147,0.0031431551670976503,0.034448005676089605,0.009308329839951585,0.013059224496573315,0.028100697341196385,0.009720985136910026,0.0013775053770661155,0.00023400059283916767,0.015974345055350187,0.01592034514909095,0.0087444828926463,6.778128293739554e-05,0.002808476213975276,0.007114843025755186,0.007583713461162612
TARA_A100000165,4.657840600614353e-05,0.003529511717634308,0.0040794312656315815,0.00018052293723909497,0.000521332644111275,0.0011564539398498876,0.001579778109937086,0.0009937324929146052,0.0006256331247035504,0.005319622405177464,0.0014691321367443927,0.0018976558875702762,0.00390708708882672,0.0011158533504660817,0.00024112159445579927,0.00045167049264303633,0.002628805575122591,0.002025159352410781,0.0010431277966614172,5.015762743751402e-05,0.0006884911932608244,0.000947123307866826,0.0010855762113156377
TARA_A100000220,0.00011408301425630965,0.01264467458509683,0.01837499059771616,0.0009105543895214804,0.004520894580150249,0.006231933520704509,0.00643970544093905,0.0017098526547449588,0.0018255337361507797,0.022926305838466637,0.007860369463517985,0.008953484948962708,0.029300535437265112,0.004747061930591781,0.0006001905825520074,0.00017919238765865336,0.015626706396235056,0.011436740182659557,0.006186392776057833,4.9605402424268845e-05,0.002255659056874928,0.003239158934743243,0.00805051282394445
TARA_S200002603,0.00011860091914528508,0.01887087545179399,0.02890363783662025,0.0011137943897141986,0.00738409831156802,0.008668748475171835,0.007331764607720808,0.0030339917510783364,0.0028374770763890194,0.031834902308863766,0.010444905568381298,0.012551444726614774,0.0348292554377053,0.005983859730132313,0.0012662574885053991,0.00036066408824334787,0.015308867821160685,0.017451596231424747,0.00867006070016128,5.682743806052245e-05,0.0032140109592315763,0.0056212913839671355,0.00847680493525972
TARA_E500000176,0.00012863729672216422,0.011770015424277807,0.01641950143163777,0.0006905105249409014,0.004910962201547964,0.005576080806794253,0.005575663349973396,0.0019376474933886988,0.002087205479436748,0.02103901224603437,0.006787311877052356,0.008778868689618491,0.02685514770888637,0.0037810185032938963,0.0009273728076645856,0.00029117967126052164,0.014242493837282938,0.02325667127006936,0.005753061694182595,7.220549845645026e-05,0.0029046976491275594,0.003511735376669265,0.008378779367175758
TARA_A100001401,2.7548400383297386e-05,0.011745429738361688,0.023098864968045432,0.00033218529568797273,0.004225012756787449,0.006508165418082813,0.009737919453230465,0.0018821950212650504,0.0024440975108340505,0.02773989616108615,0.0070411058423875735,0.008160928854848336,0.028966488956943294,0.0035692238117871213,0.0005373985568620684,0.00018363943874374918,0.015348912207506463,0.008301011517767838,0.006310731513852111,5.0847421568688815e-05,0.001902971006116752,0.0034320180196894486,0.008268563268716722
TARA_A100001026,0.00026144568403938705,0.013040167418908335,0.02074080400441653,0.0006556027167833387,0.0048397203688424865,0.006951976631141657,0.008148250409296863,0.002449878759530732,0.002699455212229237,0.03012752214456045,0.006991964800777907,0.00927457541779913,0.02769435310902577,0.004166063073608546,0.0007784244349337405,0.00025196832350005225,0.012853426886515005,0.010791446091455988,0.005835970264683631,6.302046292483707e-05,0.002345411474502663,0.0038420160029233735,0.007832375509041065
TARA_A100001195,0.00016383492839118215,0.01030044798934393,0.01523238666669829,0.0003840838122978971,0.0030363947902400067,0.0052956641943655135,0.006755113657714736,0.001718780385088383,0.0022916488432541604,0.022457628037661995,0.006303868715873224,0.007061841856591658,0.02243451324218314,0.0024261015376953353,0.0005004682933274032,0.00020049229804625668,0.014391841931550178,0.00812214160461117,0.004909943403359761,7.389912743291198e-05,0.0019576595703752124,0.002680515912263988,0.005936498959921221
TARA_B100000315,0.0015633639283742452,0.014395320016779019,0.014076603864999888,0.00076682705881519,0.005999062882262238,0.005635982237329299,0.0035790163687502174,0.004438461258780661,0.002110203538813719,0.0300261236686606,0.0061189383095537975,0.011237213487731313,0.017436133818233213,0.005202510625035508,0.0009555787460816018,0.0001521316165310965,0.008499354573128089,0.009944105894090956,0.004122219608024432,3.64199781396909e-05,0.002773071636509191,0.005184308990276501,0.0039501898443544394
TARA_B100000071,0.002379143919593677,0.0277640884938608,0.024272070980090262,0.001783578293535054,0.008415517278966948,0.013693622157249213,0.007320961777158475,0.008187078153912977,0.0066707820999667156,0.04781451477345658,0.010326292663533715,0.02219006226776295,0.03439956455900025,0.016004326906977333,0.0038862132189174297,0.0003447149677848292,0.013587916526573823,0.01881631727842464,0.008153407109676119,7.703320925301791e-05,0.0057789657172503854,0.011712905202754876,0.010270664150080306
TARA_B100000091,6.053207837907689e-05,0.01871195420650484,0.03319373753949822,0.0005443322331384803,0.008746775200157403,0.008049382952905228,0.007679665727452749,0.0025399781524840987,0.002547806773002309,0.0312986533803564,0.011744787704990144,0.01125451349661477,0.047083492840629286,0.004336839006262127,0.0009572558902277867,0.0005118615678778429,0.021961270696558382,0.013360845568875056,0.01007960687314337,0.0001401634635177924,0.0038441219502591962,0.004512029360077653,0.009401437425462051
TARA_B100000101,0.0013116757141359036,0.033820885287293226,0.02932911426789047,0.002849708770448458,0.011040909790982234,0.015271309636907576,0.007553365997542067,0.008970963978916856,0.006805347247264286,0.06196554361359428,0.012031204567381429,0.02023791490028216,0.0374166837128829,0.017051980699375288,0.004608706123182711,0.0001679920847710294,0.0209188781347624,0.01969139579045292,0.008585874407879984,8.524428206835234e-05,0.004835988241330982,0.016490000860636657,0.011902626160967234
TARA_B100000089,0.0003758099540738101,0.019102966566591245,0.02592044139626829,0.0007246689872132338,0.006663592139307564,0.010503157991206649,0.008930642459263371,0.004797775200948069,0.0032841292775992728,0.038420439105599884,0.008042635289228188,0.012787115108216202,0.036270638702275086,0.008664598636950308,0.0014887106358434355,0.00029590590091246774,0.01753173781568326,0.013025533062317334,0.0072205193083680706,9.794046833814329e-05,0.003379847294055087,0.005745788718317075,0.008444062041034931
TARA_B100000120,0.0016734812712011376,0.015257604879753828,0.027390036248064343,0.0013208940464740975,0.007662396455915666,0.012454326269457422,0.011088937547213993,0.004851326794025881,0.006501810782266811,0.028024897558143608,0.015028649485584846,0.022895160570029698,0.040145668110987374,0.003861574099029649,0.0014843470661983465,0.0003021413285704798,0.015646127145511782,0.012661936320630488,0.01106140425572358,0.00019396066239302736,0.004875114527124916,0.005231377642672693,0.010324798152172559
TARA_B100000110,0.0005240398210914752,0.013230068851667,0.016504922532436742,0.0009097613180859133,0.004542592658261486,0.006926604243274454,0.005684901355951393,0.0033665283834665364,0.0037812256715339353,0.02715821161449064,0.00634487949421927,0.009960300353494241,0.020022654341186847,0.005015648173622104,0.000990125929875919,0.00025692858882068266,0.018733884489319,0.00950224500064404,0.005084049551751826,6.25190559232336e-05,0.002579503082869531,0.00443178962914593,0.006407714933311862
TARA_B100000116,0.00020877677052552152,0.016091302914605157,0.018477108350567824,0.0009670592668732073,0.003331778132817019,0.006146324897698286,0.005751245363811378,0.0027010868254466074,0.006404572463408057,0.02393042206230031,0.006996920071042728,0.01046156618754704,0.023745065472704618,0.004842635617250805,0.0014255722247279474,0.00013384797816239096,0.008253258661008555,0.014207342869132163,0.005507761082733639,7.697377790759626e-05,0.00371920093274636,0.004330842060428049,0.0047739552347499
TARA_B100000287,0.0007324753012205879,0.018266461301116168,0.025946787632965557,0.001612370521741815,0.008119604783648544,0.00885800324069732,0.005875109721467425,0.0046445393227968505,0.009898086555762185,0.030731530667428567,0.010200548050580559,0.013297610594552204,0.041323912191632735,0.005942037020188118,0.0014041711649889273,0.0005312126583830651,0.0188195170511085,0.019270432432408783,0.007839845162652662,0.00045241551642466026,0.004477345274496661,0.00501885075532947,0.0075304443381921295
TARA_B100000282,0.00017851003647417475,0.01683317608224489,0.026436559972558813,0.0005979153510333054,0.006133966091607472,0.008443590476322172,0.010499447516099962,0.0028457294107356226,0.003228663053407015,0.043542463622215886,0.008223391611113707,0.011434940617499051,0.034454296158210614,0.006728347191456909,0.0011662118588629804,0.00027062974653645374,0.032876129096451094,0.011454983423229613,0.007269286190678494,5.176448343675979e-05,0.002681127478157685,0.0058131845369890685,0.012292023422392316
TARA_B100000133,0.00012341753190681171,0.009511563389604178,0.014381955253156888,0.0004895690087611687,0.003932280005182823,0.003818982277517585,0.0029637739071148644,0.0013237852872200215,0.0022019292856598825,0.014280410036511138,0.004885082860832957,0.005602799201154429,0.023066063718231455,0.0026135217602233003,0.0006944204978907538,0.0002774699038335335,0.00952801191680926,0.006382338413886214,0.003808727920066894,8.804926676094727e-05,0.0017774565256357372,0.0025807591781182985,0.003987983828935824
TARA_B100000127,9.10531181839953e-05,0.009914936390682336,0.01879366801878404,0.00037387925614126806,0.004268593914558894,0.005693592112252103,0.009382010266987005,0.0017880386286126774,0.0023927441767029683,0.026018103942356787,0.0055758978926319204,0.008060437292672466,0.028771031704059362,0.004002739843250554,0.0006623526799756778,0.0001371907045216402,0.01780293203613021,0.008265117215733081,0.00512917624121688,3.877346348466881e-05,0.0015582880368679194,0.0034475474954886068,0.007143034787355453
TARA_B100000143,7.194929264760683e-05,0.01131628584371058,0.01719742480336379,0.00047129331612488963,0.004331464095189492,0.005724362533411717,0.005591507770170229,0.0015833305651949336,0.0019679149107503426,0.026012053335479388,0.0064925015575360385,0.007970914984302534,0.02815477278018105,0.003467125120186295,0.0005659993269720948,0.0001995036556548183,0.014844930108412356,0.007526910690662915,0.0052015047795924115,4.884095152682693e-05,0.001980420496786164,0.0032143574171359423,0.006526115605829116
TARA_B100000267,0.00012821739998427457,0.010222674694185259,0.015357064816296073,0.0003603964082387653,0.0031978140997450037,0.00455014212646678,0.0067920584232617825,0.0013005843342821955,0.001826087699276029,0.02097324821577556,0.005007976509469498,0.00562058888067915,0.022680087533738173,0.0030378470600492128,0.0004986033518194966,0.00020489705935478755,0.010758597726901095,0.0068797516180842296,0.003989725445243559,3.019190210399649e-05,0.0015310271776055493,0.002454142961466681,0.005524719460120733
TARA_B100000261,5.775927286629279e-05,0.010682529501881512,0.017812531925299448,0.00044554366753099246,0.004758821496819657,0.005491391943429084,0.006539309074960954,0.0016889784257155794,0.002186700531220592,0.02386143521950499,0.006126489352909678,0.008403678236952514,0.026684619113968498,0.00345130385318726,0.0006135037080065937,0.00022819166693892202,0.0166921268225296,0.008019376235639399,0.005466051472597518,8.331607594610722e-05,0.001953895481202711,0.003397218621558601,0.005957820295126196
TARA_B100000248,0.00032442430669465147,0.01881107450557808,0.027726745320682387,0.0007365418894806082,0.005151619750129429,0.0068976039427865255,0.0073634177208263905,0.001962892848570413,0.0030056933072813022,0.03352248349791781,0.0068708601242829966,0.008198683594101688,0.03250794835842324,0.004565988800198724,0.0007652775862767541,0.0002896691274041892,0.014721107456480578,0.010445067944303313,0.006087164874558108,5.082783865093018e-05,0.002116805251500429,0.003908425667300345,0.006932562166348839
TARA_B100000236,0.00010897998026920877,0.009751555583074185,0.012917342300269691,0.0004644922445767469,0.0031900824024792105,0.004610178183156368,0.005335024454804447,0.0012004244779675874,0.0019109678804562625,0.02168951720260157,0.006515452867108174,0.0065697932571034965,0.01940682491840481,0.002293191256712858,0.00036793206402444033,0.00014035532899710627,0.009435523734355723,0.00687262445259642,0.004554842115494447,6.126490207631857e-05,0.0017620278511772582,0.0026187197466109426,0.00440846366747066
TARA_B100000178,0.0001384950789307587,0.012123467510450427,0.02121416613469264,0.0003790830614281644,0.0035415295699029875,0.005197850500265783,0.008320449918177623,0.001957091261788756,0.0021136832040750692,0.021464128207618033,0.006178028748911775,0.0070368856180430565,0.025478782788583777,0.00325048470082304,0.0005271433673522802,0.00010920521986433812,0.008347941909273305,0.007059382427585368,0.004985486991693043,4.114012456098296e-05,0.0014109871205597124,0.003053948060645142,0.004680823580435818
TARA_B100000194,0.00014167042807745452,0.0115337031506763,0.020920443179396928,0.0003562815757670842,0.0034930603440936174,0.0052353723476063286,0.008582205420993722,0.0019822426724322648,0.002165620884807481,0.02140053625707104,0.006170480542807258,0.007061578865132116,0.02497354973049199,0.003174747604326587,0.0005340334446336416,0.00010237610225211388,0.00820300770218613,0.007053477605638313,0.0050064204690493256,4.025432448877378e-05,0.0013580843031252346,0.003022542842910773,0.004706767417073278
TARA_B100000214,0.0005147481485691059,0.01198161248887625,0.01891192417075719,0.0006436139217447123,0.006040728210522285,0.005093960948613015,0.003973920074048086,0.0015527957874817042,0.003257338755423317,0.024180508300605752,0.005602279259969578,0.007653078389987556,0.030998971528999136,0.003343682858656925,0.0008053549198927077,0.00021664959379045918,0.015202221964868685,0.010178509268493495,0.004937461963658208,5.152031080775417e-05,0.001608245728059211,0.003922281022466992,0.00757216535916853
TARA_B100000212,0.0017835987176376524,0.005513288797597992,0.01055048158435577,0.0003798602037365505,0.00310176899250918,0.0035741259104401218,0.00356632035252196,0.0010719833225535666,0.0016911797796804475,0.013027600999466642,0.004643950150405181,0.005295708390640997,0.015896608280240167,0.0020031486561335587,0.0004694801787917629,0.00017979108533128956,0.01248351709639554,0.006333137885104968,0.003262103957646296,5.257977556629477e-05,0.001326136121254731,0.0022120646663143484,0.0043618550833274105
TARA_B100000353,9.282264000814483e-05,0.010849074199352484,0.016026334849677356,0.0003446851063766194,0.0027196086887036155,0.00489232604277216,0.00627240784081996,0.0015743671481404007,0.0018929791538949735,0.0203892775622612,0.0049942246606855005,0.005573381681211957,0.02082493465194415,0.0034926106298341685,0.0005423680253128491,0.00023244969233519302,0.011234934477456458,0.005799489682802161,0.0042811304221720865,3.727352839498472e-05,0.0015594305748900359,0.0028725738218974,0.005155887057984164
TARA_B100000355,0.00015234353309897898,0.00885211482647545,0.011632371150178615,0.000336038816107758,0.0026906921716784264,0.004202907233841281,0.004611679260138661,0.0012043610312543484,0.0012752609170669266,0.02013542641136885,0.0050109011177049976,0.0052526401428488155,0.01997036324541891,0.002523260139475431,0.00043153283122150687,0.0002107435021094716,0.010259000446917695,0.005479253464906916,0.003753989227530293,3.7357065896169436e-05,0.0015460841881629387,0.0022686742858583136,0.003936746297805203
TARA_B100000493,3.814682874797161e-05,0.010858774989675,0.014613567978196497,0.0005616244549915421,0.003410151139793704,0.004772334376560813,0.005274573585163747,0.002066992233247677,0.0023094817177594586,0.02276918821929996,0.006433127726979163,0.007495693670635253,0.01606425191213819,0.0015971232834243163,0.0005074272938307273,0.0002856386116480417,0.01616095229534339,0.00649839958545005,0.004396201331719325,0.0001848501485367427,0.002301434278580826,0.0029589160566505105,0.004795157204418016
TARA_B100000480,0.00037866749545643083,0.029187597390549574,0.021326083618126854,0.005931511092037252,0.005521352132068313,0.007064115789219242,0.008590182976334246,0.005191021493151429,0.009128819124571294,0.03360249052607034,0.010621889966305169,0.014159677043917225,0.0252945685275118,0.0051159182428572435,0.0010616177705777717,0.00062770486644074,0.01609917845418128,0.02026861255416864,0.007245065066955158,0.00046307989969267,0.004912433767879578,0.0064254896278180575,0.005974675568846631
TARA_B100000473,8.97313226321529e-05,0.013733575582974555,0.020442841030483692,0.0004916854189694566,0.0029022244494980275,0.005071299098789964,0.008233647883098353,0.002287627345947396,0.0025510053968233358,0.026138240794227226,0.0070744835381655515,0.008779976646324962,0.01895684108709752,0.0016618798333530953,0.00045099577107051396,0.00037947266288927467,0.012449634758738648,0.007654882651880319,0.00505564608702409,0.0002827450014487595,0.00334086577813735,0.0031768224938825587,0.004973915640338702
TARA_B100000444,0.001330540391130141,0.03114843472602546,0.022417764043729492,0.0022389870823340077,0.008941996723237554,0.0127489985452055,0.006885969934542858,0.010048710015219642,0.004338359028452276,0.039306066642555065,0.012444179725771852,0.022614218344021855,0.026096166278929668,0.014696212907082071,0.0021898168495034244,4.5511084808654496e-05,0.010776393527264816,0.016484357666150317,0.007913308313994323,6.353676867263258e-05,0.0046781832459815076,0.010081128699297415,0.005434498915581432
TARA_B100000457,0.00019931856754775383,0.010732864792042114,0.01700808044738875,0.0006347753688622001,0.004697264384753268,0.006621939017088628,0.006317350953243977,0.002546479895840302,0.002648586809961334,0.02575756440449056,0.007540400893562334,0.01138391418724953,0.025730235661766018,0.004336930707881539,0.0008008876390151763,0.00019364687669064264,0.016691248497984326,0.009781605831674228,0.0063109056915590074,7.515380791027269e-05,0.002500138390622923,0.004209706862623968,0.007365750400600252
TARA_B100000436,0.0001356145236599729,0.011842595836080558,0.01747025181527403,0.0005748244306951968,0.0034219942345597738,0.006240162912956012,0.008273129511927275,0.0024900448149809302,0.0025416182089895954,0.027450468774911342,0.006978894556350084,0.009155821676073943,0.020014895687159338,0.004891795437047535,0.0006656565823886336,0.00017027273162328036,0.01535596360179923,0.007994069711160975,0.005559365420783159,5.559111750891423e-05,0.0019540109629113925,0.0044788149885457065,0.00525830933094456
TARA_B100000422,0.0003150433364563717,0.014370049002715454,0.016529526762050894,0.0011177070571694195,0.0048997470294146,0.006446060513268145,0.0046678591744368034,0.003528566428950663,0.0019040985029644348,0.024601003774326138,0.006917456527682889,0.011179901156647158,0.02329035178643377,0.004992784788846892,0.001042814067024214,0.00027523042200984466,0.010260703260708135,0.00967173218872883,0.005443983755356644,0.00013860726128876196,0.0027080191472173827,0.004757273406373867,0.0055490458973108045
TARA_B100000420,0.00047227420759723005,0.010795134800548174,0.0156020045876255,0.0005553652851946889,0.002972347420075122,0.006297823137825772,0.006659305453773645,0.002661516015901902,0.0028684000901407717,0.025346521559592976,0.0064036996317845965,0.009849804144717363,0.02439221845179741,0.004477700424144629,0.0007153137500708419,0.00019523605127662826,0.01299499734902667,0.010261637255051092,0.00542793921905101,6.133694057624474e-05,0.0023551464021865304,0.0039492779755571404,0.00636246815122989
TARA_B100000515,0.00020059115285954267,0.00929136118436235,0.011319912383917169,0.000701810017504268,0.0026916763062910525,0.0070080520300117525,0.0051044368079025074,0.002725582725765305,0.002248525793629498,0.020637207497410087,0.006483682639315478,0.009966434885646285,0.023888272465619538,0.0040542776909391395,0.0008617610853325263,0.00019227915860624536,0.011492150518850384,0.01110376445789488,0.005117520875242648,0.00014343697797362096,0.002584892316161151,0.003510344050844096,0.0058351738113784244
TARA_B100000747,0.0011865592626281744,0.01322961083531668,0.014115626294858744,0.0014789835479233307,0.0043756629727697,0.009991538235118079,0.006857022311616879,0.0071880766684277566,0.004579430072861512,0.03069176454784465,0.010544200608635323,0.021207530789813252,0.03859715300521665,0.013307780987498768,0.0030232943906123586,9.041294868598696e-05,0.01660958702827119,0.03133179579584595,0.0082434879044585,4.2806609568039474e-05,0.006130545437618746,0.00670565916692626,0.0062943493385554045
TARA_B100000513,0.0005366306999270128,0.008390814477792729,0.01474872022368834,0.0007019287053794642,0.0041303891645686295,0.006606206444934889,0.00528155812934133,0.002767678272457754,0.002318042438690109,0.02551210742754257,0.005690623319204979,0.008720044417615506,0.023535736026735643,0.003263591044359393,0.0007451876343999732,0.0001832272645807049,0.01314762092875988,0.009418906917220294,0.004302716375921443,6.235154210788668e-05,0.0021208125317840293,0.0030799617831416626,0.006780283926008344
TARA_B100000526,4.576593423584356e-05,0.008855715669713072,0.012521509151250023,0.0003839457413973166,0.0030478549263743674,0.004715529903374475,0.004386306057906957,0.0016914902027374461,0.0015072922244317346,0.019172878110254532,0.005524322920634632,0.00952317176420509,0.023662795265871082,0.0022506092886379037,0.0006985500013625119,0.00046576209782095196,0.011470562331686774,0.01569140229913533,0.004764735025061755,0.0002613538108664898,0.0048479579574372995,0.002568279286893143,0.006278304880178082
TARA_B100000524,0.00014492512856356294,0.008686675086006778,0.016084070002217937,0.00038824763974960457,0.003725167073850143,0.004993409988145238,0.0064860893797199035,0.0014935537165292846,0.0017799877357820015,0.0322051965860422,0.005181894018505111,0.0070474680488831765,0.026671454277660003,0.0020838819171193497,0.00040112747037103133,0.0002610698176575772,0.016828371403375963,0.010948256721106324,0.004563406675511624,7.402931822603087e-05,0.001854602885121405,0.002768183093701717,0.007505050925638315
TARA_B100000713,1.4787668019110125e-05,0.01780765515259288,0.024814012464605892,0.0006651470617597836,0.005008420628001446,0.006259509446073715,0.007772951247827194,0.0019629746993464537,0.002154346855682323,0.03110924869703431,0.009777806869518063,0.008732342986366324,0.021307256040945143,0.0014957357594236735,0.0002629914705062212,0.0003487226254828021,0.011452178078161944,0.009323952902411205,0.007199709137634762,9.402890562924038e-05,0.0028771817575805746,0.00500636772886709,0.005122999272765904
TARA_B100000834,3.430432818802425e-05,0.01397429539807122,0.019770701273564152,0.0008174429792370876,0.004740987010863771,0.0070912451771384544,0.007610171118848961,0.002648294505445812,0.0033023925009426393,0.028351182964888432,0.009585813774420332,0.01046515769382176,0.026266679007406403,0.002108294150338666,0.000559309104884333,0.0004905291892429232,0.012904087676490506,0.009562333572394171,0.00786935921683953,0.00030854023082387314,0.0033975485177774674,0.004191387634765333,0.007124416906431542
TARA_B100000832,1.7271353599252727e-05,0.012304551866544146,0.01926806048240102,0.0006501855649221197,0.003774155300546994,0.0064531895055673135,0.008169276685091459,0.002443148134398334,0.004181321321399167,0.02913208447460875,0.0083730911630339,0.008120945973114338,0.019927933069961382,0.0015518532610779786,0.0004433722223097089,0.0004089274834752041,0.014191206351211334,0.008200787442161697,0.005734219138946257,0.0002027660529435096,0.002573075989414651,0.0034344318065968505,0.006372793499457188
TARA_B100000767,0.0001834719179846343,0.014373016022165284,0.01575247461804859,0.0007450886763796426,0.005053452144992857,0.00586270425115806,0.007160158888639926,0.003107200585362653,0.002402579674196965,0.0320299996043636,0.007300862304091337,0.00825801818377641,0.019456411933604773,0.002666691602144553,0.0006250415373651825,0.0004303135494477417,0.01631877814283009,0.006866653219963748,0.0057527875262317575,0.0001885350658559399,0.002174021966390438,0.004191895595348662,0.006559143164602797
TARA_B100000768,0.00013864430287229142,0.019333502395533327,0.015403683763287388,0.0009710066295361402,0.005028422626286858,0.005667945997492215,0.006430328509490393,0.0030386287798409065,0.0029140425886797785,0.032737503786814365,0.007482359847789964,0.008568972854306781,0.01765877723548719,0.003777936682795091,0.0006581172958957881,0.00034354676560811474,0.014550679526248762,0.0071786990465492985,0.005454866353927409,0.00013702166476396856,0.002151590318357323,0.005414700963383987,0.0051352362910949325
TARA_B100000765,4.842761363968281e-05,0.016764574165704545,0.017429404998554637,0.0007253177699004053,0.004822965632178006,0.006680141903096457,0.007004568555855923,0.0031326727685183514,0.0035363396820314703,0.03364229146911298,0.008940591076988256,0.009973324449019579,0.02558678710985495,0.0022076629998929787,0.0005965531886402563,0.0003548097541528325,0.016338963019320203,0.0067092553430157815,0.006784843816499468,8.785863754097478e-05,0.0023970030941479967,0.004694043579200929,0.006966134806663916
TARA_B100000780,0.00018370056236545414,0.012604005382635659,0.015771017600257016,0.0005253206634221675,0.0055416141138953864,0.004988902272536899,0.005867617279150204,0.002730316024661226,0.0021645490143078487,0.02296001083836987,0.006142624725009539,0.006500276565508129,0.01566194897354188,0.0030196620734977923,0.0005355992247836911,0.0004767617906083697,0.008513569653893445,0.00621985980474437,0.0045661298011508925,0.00012005217784907856,0.001782907262875359,0.003744506130366435,0.00540035980550587
TARA_B100000795,0.00013069247013316307,0.009253432188352407,0.016803326322734038,0.0006010865408764687,0.005996681241836022,0.005785335621939423,0.005228525758850306,0.00324853505069995,0.001877476073155072,0.025344660778964814,0.007138807863628348,0.00926931090127348,0.02709004320205308,0.0017272157399397965,0.0005578275315779734,0.0005922650507915898,0.018070717059221832,0.009482722414803793,0.005161439679813462,0.0003961199246747097,0.002493558211132685,0.0035228330031976843,0.009452384225362294
TARA_B100000787,0.0001997242794767066,0.0090311187732725,0.019428681099237885,0.0007336077285513727,0.00859771988032593,0.006428008928816691,0.006812000135067182,0.002840402995177409,0.0017752757684968371,0.02667170170285177,0.0074403560986612376,0.008628133683269116,0.02668289159798597,0.0015016644137891089,0.000505280294313934,0.000367470694965867,0.0139143742383072,0.010546049280712668,0.005845786798281763,0.00018111081920950517,0.00222679083183577,0.0036185315696733366,0.011155956529402766
TARA_B100000813,3.210478328078793e-05,0.012362779721449316,0.024954502027600432,0.000988214508757542,0.009388488837729674,0.009490895673741652,0.008959679722950288,0.005087336245973042,0.0031113575719217907,0.028083675824035828,0.013213642839042444,0.014127367208255947,0.031697305992582435,0.001845791053509932,0.0007337261285102659,0.0004996088866546412,0.014719019670896118,0.011832102956861242,0.007836466618195717,0.0004858295854225214,0.003912965199225586,0.004730119498054867,0.010333544149739369
TARA_B100000811,2.2804391958368703e-05,0.010628770583683743,0.015361255788878581,0.001280215393128458,0.006995952623711052,0.005616138673285127,0.0050988612879581926,0.002660157302751669,0.002088839140258553,0.0205087082976803,0.007738778470350338,0.007176297859042502,0.011631540152815766,0.0010614524150763592,0.0005032634055408269,0.00013890152941640848,0.006601321661824553,0.003922264613898389,0.004337109013819143,0.00011850943812008002,0.0017152293375261734,0.003855349373157129,0.003357938951574237
TARA_B100000562,7.035411000275003e-05,0.011329293107170185,0.013801291260953284,0.0008909834043472428,0.004170700309261319,0.0054649056946888845,0.006270784799566622,0.002709069789199162,0.002653894856308741,0.02260352124910683,0.009499891451628837,0.008662700616191994,0.014236741644558546,0.0012025036816310293,0.0002638474978595576,0.00011254517164570408,0.010809410257075484,0.004981220914276037,0.005167973412084199,7.951565372967341e-05,0.0021283035921878797,0.003552333634972917,0.004205684340148139
TARA_B100000851,4.176929980794447e-05,0.00874049047295473,0.014684965574927981,0.0008126769478871863,0.005531446178376489,0.005678395640258876,0.0051559384438346146,0.002355888725518495,0.0019855817564897933,0.020158434022408925,0.008278149392694525,0.009240853076067536,0.01738821284887626,0.001416062353812144,0.00032807138328184434,0.00017759819602112425,0.015318193803992618,0.005888109581350121,0.005131452371930938,7.752611650918772e-05,0.0022562561494997107,0.0030534269406755675,0.005201738821564132
TARA_B100000858,4.1089313880163843e-05,0.010219463547527934,0.015732870590775043,0.0006795600765410924,0.0044117868958362715,0.006510843820346994,0.006066787215628718,0.0027600024761338673,0.002320531850838622,0.03037455082549392,0.008479405655937794,0.009411738369064566,0.02128014536550251,0.0023517656772033078,0.00047850508500197356,0.0003000015907700274,0.015905199520987783,0.00932179914114741,0.006009335223401027,0.00028437836768473206,0.0028574881628102467,0.003700695110883409,0.00732262417868562
TARA_B100000801,2.0025212562679347e-05,0.014390996768947815,0.01785868519634769,0.0007869727181660554,0.0044585364847471885,0.006024749167036719,0.00647435969683381,0.0018241184142436507,0.002279164246804908,0.024665131607663274,0.008326895621996776,0.00812161207267296,0.02248069062035012,0.0020674118456429982,0.00042511283954027856,0.0002977642130232849,0.01115963906554696,0.009853913546694196,0.006242442624483912,0.00011150652882359646,0.002521789450488684,0.0035183231631955715,0.005415596268602503
TARA_B100000865,5.502462121421889e-05,0.016899706912900454,0.01958862622352564,0.0006259626199169933,0.003975806170908804,0.004671009909707659,0.005370299527049065,0.0015341475314011345,0.0018924891314516317,0.02050595896459792,0.006716141991229024,0.006958086028229261,0.016617125524587155,0.0013677287721728505,0.000615626713214267,0.0002599101562377689,0.009310740480129672,0.007062170749960852,0.004733635991131499,4.375301422700496e-05,0.0016995082032573929,0.003180749259163705,0.003961041298206285
TARA_B100000872,3.0926321993954213e-05,0.012288185525470572,0.013536207039872123,0.0006865939814305178,0.003649577861739618,0.004970105542233331,0.004371398037912475,0.0019126184277843425,0.0028236771726052948,0.02531650057464427,0.007128364578227225,0.008652606851131775,0.01664209054999249,0.0015090042136152472,0.0004643166907819877,0.00018797074367990453,0.010807575664469882,0.006277920210642492,0.00552669429936766,3.717423028388482e-05,0.002120177987885107,0.003708929124388289,0.004485168367321332
TARA_B100001061,9.338978444665574e-05,0.018069916063301748,0.024931088201062063,0.0009121133262479989,0.0091612076415114,0.007231517868552004,0.006500481095473468,0.0020788378103915968,0.002935418634265673,0.02885336735126168,0.009279548164835337,0.011227015059781251,0.028707988673213367,0.0019911297964076537,0.0008151242241806147,0.0003912795274604322,0.01354276684417759,0.010714025653785972,0.0076278342465298955,0.0001270113868386163,0.0027038485736213904,0.004627760992230961,0.007312787678491682
TARA_B100001064,6.465192273613868e-05,0.013448463765594058,0.02181025652009931,0.0006840039578996555,0.007365401544194083,0.006004609806880448,0.0059968197980323065,0.0018112380983880837,0.0028878680819287364,0.0286660150296198,0.008007851582163059,0.009704236701152264,0.022278300604756416,0.0018118263102183136,0.0007187687129385303,0.0004260797537795039,0.014491992545689185,0.009843994771242023,0.006387855044012365,0.00012182918601462828,0.002355786136799644,0.004058157110383222,0.006653281486580259
TARA_B100000987,7.476324659816263e-05,0.008087853717973287,0.01034639763851722,0.00028973885184094684,0.002500942919225342,0.003073675365926945,0.004257767375787578,0.001039760083065919,0.0012408992142117544,0.010255705539681621,0.005671275964262482,0.00558570863694615,0.01497149607711297,0.0019109250556035254,0.0007194688740800517,0.00024367460997211588,0.007763978015162555,0.006747986122835268,0.004041092174164589,0.00010322628890603904,0.0018653837541567086,0.0021322892388688213,0.004264765577977343
TARA_B100000986,5.539702592542073e-05,0.00922756925390841,0.015687564815827722,0.00046380014058961796,0.003200769751253231,0.005552677462706463,0.0058060603416150635,0.0015234988781717231,0.0017423380416795081,0.024124887498616757,0.005124169846203617,0.007097534737068781,0.02108242939466963,0.0033996957407585395,0.0006751882835701745,0.00022189343383473173,0.010790825888748109,0.008345739290992986,0.004247237471064593,4.393236078079062e-05,0.0016781355559672244,0.0030688002072168518,0.006422988627855237
TARA_B100000973,0.00048587685926253455,0.009439846754044584,0.011511496175793008,0.000721830684610326,0.003937826073947501,0.003932100796669368,0.0032728291744973425,0.001919055775136046,0.0026191634738151146,0.017435268308481983,0.004313932412473894,0.00724143180964288,0.017224173791043827,0.0029438253817181226,0.0007673422613183224,0.00022313447780615263,0.008392104547522051,0.009818415592783866,0.0036328456862793563,0.00014942097422140552,0.002147863974860545,0.0033379259978086823,0.0046626779686504685
TARA_B100001000,0.0010930337551164685,0.014591344102145725,0.014875585338654754,0.0008998789513638188,0.004839156690000531,0.007947470562172116,0.004229483464827283,0.0043321429615896965,0.0027607768483129905,0.027418503830525052,0.006662974134998283,0.011832990338864622,0.02659796635576239,0.005931688836109664,0.001146486821538665,0.0008844934595204193,0.011190309945089759,0.023485836374975668,0.004907195818523544,4.7139658137222526e-05,0.004905010875557235,0.005072893953411146,0.006060986079105535
TARA_B100000994,0.00013015319974582062,0.010674632960766123,0.017026129952145603,0.0004952038061186223,0.003166127120200041,0.005902834221014273,0.0058392836273594186,0.0018965596911657548,0.0025389492881464394,0.02735922830186504,0.005162268727514987,0.0077525186474222485,0.02333683082925429,0.0042585691230661036,0.000943327019534181,0.00035619801163753323,0.013559786409407294,0.007546868231705319,0.0040591608061700145,4.554235654682438e-05,0.001780498956450352,0.0032564983868381674,0.006738490065849653
TARA_B100001033,7.532954347890143e-05,0.006052693797166283,0.009913151244028293,0.00037937286573631613,0.002098752813617825,0.0028304918116040497,0.002623063039287536,0.001071075242981457,0.0013634201597659964,0.011707600847403216,0.003358972139202832,0.004703224415461053,0.015624822292511638,0.0037565501039707383,0.0006935420635157713,0.00025467583097281784,0.007062991039941933,0.005360604271852851,0.002791671339171413,8.66499969520797e-05,0.0011463955065378858,0.0019774618053793017,0.004444119484733964
TARA_B100001010,0.0016894105150510146,0.017788210832658472,0.01720476986763022,0.0014471897506957512,0.006737819461129863,0.00867003088902084,0.004622326146829178,0.005349686330565671,0.005099150434130128,0.029476247881329395,0.007238509484605624,0.015311174780900003,0.022515105433158128,0.008385834637904096,0.0014103135927120806,0.0003166968281066063,0.009447563524673852,0.01861544170188786,0.004789070822673012,4.237299510454607e-05,0.0045485117469760685,0.007073759291087795,0.0048454359020290005
TARA_B100001031,0.0002504916933648457,0.008484343477874254,0.01323684643589851,0.0004508722992716863,0.002660739058761905,0.0048462913881167176,0.004655532166613468,0.001363889826386034,0.0022297699423879007,0.016143232952791794,0.005005072904906914,0.005855564661904068,0.015417349555656969,0.0027686188976926464,0.0004620179421831197,0.00023677204318809286,0.007462582788737306,0.006941890252242984,0.003539134130759197,3.3952427268615036e-05,0.0014992235465988409,0.00244088895267219,0.004076811456892328
TARA_B100000885,0.0005195078217071406,0.009363543735718282,0.013099241168432831,0.0006703652610070022,0.0024693325351579217,0.00697222408972768,0.006408556288125853,0.003321113853363285,0.00435635075269076,0.023976004889957644,0.005809585769503828,0.01031468396158984,0.02379766464568649,0.006219653426878317,0.0018938284756827746,0.00016706655319550308,0.012004055922882357,0.010573186166574506,0.0045253573319871026,4.584404638151438e-05,0.002454237860366245,0.003274196234921685,0.0062926002463442226
TARA_B100000965,0.0013488863085442467,0.017835520313142974,0.015319576254985841,0.0011250502226195977,0.004872324796278602,0.007478845077464803,0.004604569351486104,0.0041209565660823705,0.003371882052719757,0.03369094566497833,0.006242570767751318,0.011229053051742122,0.02096868013548466,0.006692039700662866,0.002674161417231711,0.0003903005336284758,0.00951293953681196,0.011101771984098185,0.00492173811148162,0.00010839887808048471,0.002964300397422215,0.006251803516409189,0.005420992924816731
TARA_B100000959,0.0020262825747483872,0.027355569977680964,0.019757728205477824,0.0013442130588346961,0.0066862206311142786,0.024417828438916718,0.0074351446725702515,0.009575449650780202,0.004615106744496307,0.06282725098554401,0.009529329331837248,0.020800538781786213,0.04430655049288624,0.017232197275653355,0.006278618779637625,0.0003039164118106936,0.01067018411103278,0.0332119117114038,0.009009416102367454,9.004507773091137e-05,0.004961868919987796,0.008145367507069698,0.008473341165561461
TARA_B100000963,0.00025667502404311525,0.007272660746764659,0.012179446050713541,0.0004315473140005804,0.004585100039234818,0.003385030017412815,0.003838477651250653,0.001437813149068757,0.0012879082434331364,0.02208217250153937,0.0036932569724159366,0.004803733967669102,0.010950076335829662,0.002964220290014217,0.000688141070316156,0.00027044606730749636,0.011907170444949924,0.006297107750964446,0.003006890473951228,6.338009165887434e-05,0.001342206983497978,0.003068014535653151,0.003422921910193136
TARA_B100000902,0.00039227126996170287,0.012728742146826741,0.01649708549732923,0.0006224925105903537,0.005406718394082077,0.004712045096473046,0.003515875407716012,0.0023709263440678035,0.0015145441437122956,0.02476913663577872,0.005649943853451097,0.007658744887008385,0.016697612518874683,0.002982770558262817,0.0009667350880753807,0.0005989993137332791,0.009471855085885059,0.007810956970835422,0.004602061859456936,0.0003001387377171149,0.0023357403981232945,0.004312792115409815,0.00423905368264273
TARA_B100000953,0.0016602401251222447,0.0242442172285194,0.025302004999987308,0.0015267226627135831,0.01096467218379546,0.010165024131637423,0.004610774455797916,0.00614780577440039,0.003709455696918329,0.04539920921222697,0.008752177276749453,0.0183956579644654,0.028596217169945037,0.008116182335979345,0.0019508737949960645,0.0009365976714005184,0.011614440467813129,0.03935753118363222,0.005435058905999946,0.00010634932330083209,0.0076352896997083156,0.00877964364230583,0.00606999482004511
TARA_B100000900,0.00014788108236277702,0.00970419975170308,0.01625801958830316,0.0005867745348606303,0.005455916705623132,0.004574955154902376,0.0045587199679521535,0.0012176881713861056,0.0013100563730103444,0.02266172890482487,0.00548035973269386,0.005259666749330337,0.018182120324683144,0.001256198783383876,0.0005219156345341216,0.00038641696693850273,0.010721654801343232,0.007518618564861939,0.004257969407068644,0.00012539622105865739,0.0017451112622827007,0.002538017168819075,0.004864169369261308
TARA_B100000918,0.00016143698215885117,0.009221728418858694,0.014461641739210869,0.00036383969705895393,0.003378756938665437,0.0037858506661094405,0.003923537290086744,0.0014098940549511422,0.001405660047249368,0.015147540357577566,0.005290033218266265,0.007189120609910291,0.018825859981168057,0.001779288753976372,0.0005293730936704555,0.00019259179465343037,0.007502778190994794,0.006697911654224782,0.004638480539206161,0.00010793925363912383,0.002841393674521105,0.0027729861855602545,0.00404935625950363
TARA_B100000920,0.0009947852590538307,0.010541789666241558,0.011238382597519024,0.0008465261824001728,0.003664549896279096,0.006565174581154095,0.0036388806626278633,0.0035168946686928875,0.0032540169300408497,0.01925097956099589,0.006254627411152686,0.012419731601404816,0.018986064131910927,0.005376620227860469,0.0014592483780206612,0.00029591413074520875,0.006410715199018355,0.017465617797457162,0.004003725416198054,5.1004867665206564e-05,0.0047415210738041185,0.004571293286632981,0.005620694745006276
TARA_B100000916,0.00020161012397941976,0.011703156332591705,0.01819425282643164,0.0005271956785547564,0.003325394870611021,0.004577436034207987,0.004503006010636237,0.0014625961861976895,0.0019660569472537393,0.01700312282979438,0.006173212785231997,0.0067213198390819505,0.014533598517873088,0.0024561121301178513,0.000584186355019784,0.00021458261913479237,0.0064371603517038465,0.0058186654544711645,0.004865825582324949,3.950216240627517e-05,0.0017635554683760309,0.0033458818608844104,0.003131679899236302
TARA_B100000927,0.00019622346087191044,0.01091419652385899,0.017019448284579228,0.000591227091340783,0.004144902633024517,0.004100697350147429,0.003765449676438194,0.0016083771522759824,0.0019787498392852764,0.017399017107491914,0.005840506238850937,0.005705719432617923,0.016461938713072787,0.0023927105394608733,0.0006301775875985767,0.0003752198747665438,0.007968332086053598,0.006930441331686879,0.00412638222158864,0.00024160638339690128,0.0018501387301375703,0.0032377730562828163,0.005013974507150932
TARA_B100000929,0.003428012446364889,0.03549049873626015,0.03384888086306667,0.005403068127563547,0.016760662252504364,0.016507877549878498,0.006572489155015435,0.011584848095318876,0.0051412409860081346,0.044295028548201235,0.015619263745349029,0.025783411374582003,0.02913144058091434,0.013547092201123332,0.003983723385571553,0.0001304868423800806,0.022315089571423797,0.01865717018901925,0.007626521013802166,0.00016398929834039364,0.006929402795771734,0.012299356269549505,0.008717735135453283
TARA_B100000925,5.6150229432818274e-05,0.01010944884180975,0.014880410166650909,0.0004818865052138003,0.0024506938574347745,0.004471721505374052,0.005552611868122389,0.0013794730187639535,0.0017361924493616801,0.01747022968478889,0.006053727416253847,0.005737080313119729,0.016440631807244088,0.0018176904371254004,0.0004859300267341988,0.00034233022450462313,0.013040049647376206,0.006924651153558961,0.004316207894734207,8.532022886262432e-05,0.0018957627211454422,0.0025413927929000034,0.005112864347286679
TARA_B100001111,0.00018950232616411772,0.010410164771832408,0.014193816373565827,0.0007767207838886508,0.003833110820070457,0.00418841156684578,0.0040064472545770025,0.0017971633924918308,0.0032356460621195604,0.016686168177699356,0.005736169296122318,0.007064513675344743,0.017873746376314628,0.002839550840929964,0.0007998546954183858,0.000299608586992234,0.0076476814469904186,0.007316563226976592,0.004597398199883675,0.00014273131010736223,0.0021404346227350763,0.003466527984265129,0.00407633657668207
TARA_B100001076,0.002225096710557834,0.014586280516245588,0.014575933652666746,0.0011261936960385178,0.0036837234659017866,0.010817426043752566,0.0053560040377852326,0.0072042307518093,0.0034869775427807644,0.02878619055533964,0.008157014947460349,0.01769922241845214,0.0263412103818888,0.013392989769242549,0.004979345149055525,0.00032870970453080327,0.008092998214243858,0.013865274127903369,0.0070233849263958426,5.339033952311525e-05,0.004941152247622114,0.0065099207380445905,0.007167168063230378
TARA_B100001107,4.191188887122693e-05,0.003219655221997852,0.005232068726263786,0.0001246893667221915,0.0012562310823241625,0.001393000304345034,0.001710515323981815,0.00043458705987266965,0.0005607288109268176,0.007111361045703295,0.001675877692331375,0.0019582167757907602,0.004989947035429204,0.0006079800206754676,0.00016636171586694077,9.133277697994604e-05,0.003761125711252861,0.0020576667344485984,0.0013807199128662664,2.2983165286522547e-05,0.0005729878023428334,0.001008878774647036,0.0013650902352370902
TARA_B100000579,0.00024448715820680263,0.007613461037245856,0.0118021783167021,0.0005106864929895903,0.0031227181308096322,0.0042149322469862685,0.003945715106262832,0.0017554928148813757,0.0020231839927509817,0.0144445950646558,0.005100336372722751,0.006574312923679833,0.016505793722726245,0.0022260891968288827,0.0006988759011832029,0.0003961355914568335,0.008132989923854484,0.006875803113673776,0.00411545905459773,0.00015069915000545314,0.0018008646284877587,0.0026520755543153985,0.005161615083089167
TARA_B100000575,0.00015949010601854334,0.008296600228184509,0.015921986899589412,0.00047230263361818116,0.004208314549342643,0.0046534156727987275,0.005294360579282125,0.0015890476935916985,0.0021368815575531983,0.021296029937017177,0.005346459864042936,0.006133987395942403,0.017367227513296737,0.0025364758371939585,0.0005810950456909481,0.0003132936267290845,0.011215147964643752,0.008129505626485982,0.004199094371658151,8.050480158195866e-05,0.001708558649867816,0.0028806512971207266,0.005284965058003099
TARA_B100000943,8.272748298389609e-05,0.003707933252274451,0.005847625074108222,0.0003155965180050729,0.0017151495921387506,0.002265726067513673,0.0021624074153585287,0.000757463512486055,0.0012503314157317515,0.008453829099473889,0.002984944276010995,0.004263514741318047,0.01149693607495246,0.0015851893358913205,0.000372183367712595,9.454861346369409e-05,0.005715347463328193,0.004386539114358038,0.0022515792529221946,9.515485133298702e-05,0.0009434347746632467,0.001437581326588809,0.0031438028831930263
TARA_B100000939,0.00031499422520947376,0.005385610165784384,0.007468401114007909,0.000515708492539137,0.001760900506045706,0.0037263302467438037,0.0029562348970270033,0.00155964876219264,0.0020878144780094865,0.010986390333975858,0.0034914363053199643,0.005710888931187918,0.010343858288732449,0.0021288423181367857,0.00046597665779418094,0.00011533398166494387,0.00544106240889341,0.006146270224181238,0.002054860936245771,3.190161424115999e-05,0.0012172371231486314,0.0017872607346190695,0.0035577442436084865
TARA_B100000593,0.00015351895596096214,0.01141420522224712,0.016193396855552503,0.0005937786111321206,0.0038663633310399774,0.006202488286401387,0.0073175232407575955,0.0022647125596970802,0.0027930133534260658,0.02982431611357986,0.007479041077665201,0.010106301119943671,0.026844585816186317,0.0026946600215680444,0.0006425793160814226,0.0001559519153377376,0.01912716000079727,0.009897116394161305,0.005768914400100003,6.800811705326631e-05,0.002383127621264472,0.0034319210288395146,0.007384501384220463
TARA_B100000700,0.0012342645903558119,0.01883417127732483,0.01662355951081732,0.0011169762660139687,0.005411310408738543,0.009647888327262726,0.005430303917855625,0.0046125082542245715,0.004804818310543765,0.041853421462822345,0.0068233716006628605,0.018318842705292483,0.026995217086363,0.010292302734436685,0.002328566268710645,0.00013288949558196064,0.00986129802440903,0.020527090073549626,0.006227932103714853,5.3049220887418436e-05,0.008034115251996684,0.008144493614037093,0.0050867693344612995
TARA_B100000678,0.0017442821946415884,0.03503960955265567,0.02471077586257268,0.002083389724716407,0.008548203027152717,0.014399088779290619,0.007668695002351003,0.00980394494464465,0.004827004001846694,0.06361091602166492,0.013445762088096938,0.023806737778296432,0.03517045255638819,0.011656731423732865,0.0028806396733719033,0.00010431273438926187,0.014652181672092887,0.020201126862368416,0.008073150033058571,7.751963104256098e-05,0.0059227727832180345,0.013983955077275824,0.005608350509505089
TARA_B100001115,5.0294710110261686e-05,0.00874033125487284,0.015152638114680778,0.0004432091142892949,0.003427710262127097,0.0039039659152516368,0.004722624526366387,0.001396730982290507,0.0020487336808430678,0.020662634426225863,0.0045233669101958545,0.005392069718239719,0.017075144259907905,0.0023918545378654745,0.0005828144675892506,0.00026926703721110763,0.01243807463942628,0.007759151542218474,0.003755987891225779,7.505394650815195e-05,0.001479299626636315,0.00253146597030495,0.005608937824316813
TARA_B100000686,0.0009594006364379127,0.015015404692121962,0.01486244138123866,0.000975317653992479,0.00439921183309533,0.007593499914111159,0.004960261731434628,0.0035854415838364882,0.004725710123618186,0.03380611692812548,0.005999665500887936,0.01671956279094371,0.02508044442222853,0.00945315203825175,0.002261427059354875,0.00015434824730090808,0.008885323667858887,0.020534521693558443,0.0053806415935180926,5.824165149563905e-05,0.008555478823517289,0.005888460320831132,0.005056577364061108
TARA_B100000683,4.9331215530830656e-05,0.01350109820717556,0.01830191027806424,0.000332593363618803,0.004126844821855311,0.004618293417610084,0.005345858246009659,0.0021316240173525607,0.0021700922607281303,0.03276376036494017,0.004919809071999875,0.006740659995485302,0.01962815965758493,0.0020591380680405427,0.0010618857363928489,0.0006841661487908256,0.03133285806038004,0.006792305969569927,0.0042254723454965715,0.00020171848981761454,0.0023683424684819787,0.003333147644385929,0.00640259660808521
TARA_B100000676,0.0003909915193686753,0.01359006837257733,0.017270761375831452,0.0013598600105671705,0.006246112947380322,0.007176544699630023,0.004461074078022627,0.0036413282441035023,0.0019248304807144387,0.02578635975822233,0.005549578569946299,0.016716802841723048,0.023184922911124214,0.007673349199796223,0.0017591710534992596,0.00014463316539406655,0.010017998993519864,0.010182604685916558,0.004505328552656094,6.817512800603981e-05,0.00965937135351182,0.004852776264891946,0.005519973806421971
TARA_B100000674,3.05902224368333e-05,0.01187221701694775,0.01696821194624479,0.00031769310838749296,0.0041260579008009935,0.003886508667595193,0.005428911035521102,0.0014585323621623932,0.001458121844224538,0.0254758002517871,0.003930813088665308,0.005058647420762892,0.015963681488014792,0.0016949734782916689,0.0007745622430094558,0.0003308604946481009,0.019350405938356675,0.0065514107745260975,0.0033621084313963773,0.00010441460145438672,0.0015694026220112265,0.002707594994783349,0.0061114291010204505
TARA_B100001123,0.001035311834959717,0.012496457958896558,0.013091672275917328,0.0008884512847663633,0.004074455747551732,0.0142071987746039,0.0072644480717063515,0.011743652264432029,0.0036710244505303983,0.05256844616346199,0.010551534421096465,0.02292903428603114,0.05301711340838537,0.02160823447210143,0.006255789527623332,0.00015863914343527413,0.012377473375355266,0.023020022408773058,0.008526184601156405,0.00010816971981677747,0.007475208908201533,0.009289894974541656,0.009091469155165451
TARA_B100001121,9.580853283088835e-05,0.015259281665418943,0.02110341625214001,0.0006388659103866728,0.00407284963742057,0.005562336886563479,0.005365551302052589,0.0020508249628179813,0.0021689622103232588,0.023549275528365037,0.005514209258364272,0.006596224233395058,0.01972592411201714,0.0028878505198113346,0.000902953432110821,0.0003369493709051262,0.01509147298827655,0.007826599224590714,0.004472522037176747,8.628216376568496e-05,0.0017722168276922288,0.0032603563848750913,0.005756130339747182
TARA_B100001230,0.0004901175831983366,0.009036659668371595,0.008232368346891925,0.0007602302867438942,0.0020765285494923538,0.0044190931538933675,0.002837361043604825,0.0021463778385875593,0.007455494183454544,0.012593516880263408,0.0038063583560784017,0.006498262599999464,0.01453920093069871,0.0035128651145285047,0.0009640456810951221,0.00013922298619419338,0.00687520113053035,0.008715679753857732,0.002549849596388601,6.34256339258408e-05,0.0017010664626224891,0.0027022510250340388,0.003091947648897549
TARA_B100001228,0.00017807499921540664,0.011426599452760759,0.016541965810627404,0.0006931353674105541,0.004146734659078306,0.004805028630562905,0.004611347274373902,0.002718198422762014,0.002353266375233737,0.018675035835668312,0.004878153635502739,0.006511294958516539,0.015199586582246837,0.003249461076762157,0.0009327327926465834,0.0002564471422397672,0.009322833273607316,0.007496755482676362,0.003574011650131165,4.81089243877823e-05,0.0016107645283939265,0.0029838968867688573,0.004566577834096179
TARA_B100000611,0.0001568233072228888,0.01861298849421475,0.023027449267998792,0.00045318350325244884,0.002944788120735748,0.00640232953962615,0.010821289827715562,0.0028444614455226647,0.0026774731084500012,0.02622343588133794,0.008124412926004262,0.008582217482760906,0.028140881197017745,0.0046347746588047785,0.0010300904159405494,0.0001439655444620047,0.011286454663096723,0.009018912770291643,0.006077729610100889,4.577224209192967e-05,0.001926104316565949,0.004169005202098007,0.004817180055329128
TARA_B100000603,7.859495884410596e-05,0.009373787836071686,0.016329031738352092,0.0004864254631507977,0.004468729264855339,0.004441454966941414,0.005342334977203335,0.002172907124798533,0.002114042170650096,0.023973209733977048,0.005378276629411424,0.0068582954274194995,0.016237606257168403,0.002068441367005484,0.0005305073022211941,0.00027782274245170867,0.0164592839358526,0.006872861709234654,0.004027499084369515,6.276589027139316e-05,0.002021639934183077,0.002971437095595263,0.006025000781619193
TARA_B100000624,0.0006035098310833144,0.007887285660435372,0.009783170781382095,0.0004815295541448324,0.003067946715285678,0.00741884732816878,0.003275664169521276,0.0022817785795535787,0.0017384526141102886,0.017732464147837086,0.004088883658907239,0.006952685512398169,0.014372990837926872,0.0040142562015977965,0.0011314514888272533,0.000177860984218807,0.00937707975159852,0.006599019661787878,0.003070185853847243,5.61045959779664e-05,0.00191798872756132,0.002851566748151912,0.003928726096343731
TARA_B100000622,0.0006551799011285396,0.01132812060465623,0.013812868380167277,0.0008211899449045039,0.0029449979554059787,0.00790578318901017,0.0051974932720789575,0.003514010415242566,0.00249541952209304,0.02063011863244741,0.006252193007391328,0.010414459613174358,0.020154280035825818,0.004540067231977962,0.0017081594315427892,0.0002056944347095749,0.008589470467780032,0.008572820484962405,0.004592889020262214,4.733517478941616e-05,0.002434054742955057,0.0034252665480544145,0.00462217228255751
TARA_B100000639,0.00026904691688249245,0.005997770473877904,0.007392057751268259,0.00039403849044865926,0.0016728947564520064,0.004583297247380784,0.0028252257147536497,0.0016212115064335381,0.0012843583149687698,0.013003995802807576,0.003551865587063567,0.006130031944944279,0.0127424600317264,0.0027564231998393595,0.0005404463974489741,0.00016501872924999162,0.008472759440789972,0.006480572607879881,0.002653190146396497,3.3525007737172605e-05,0.0016579790391571096,0.00222118205203239,0.004221882882268485
TARA_B100000651,0.0009917040401305752,0.009509568192963315,0.010042560216727838,0.000741955390109697,0.003410716063920337,0.006357675379428489,0.0033204703954474216,0.0037055154941253907,0.0024066880065509288,0.01851448872714489,0.005273236671884182,0.011186044709871864,0.01713472129550274,0.005370278027859608,0.001456814867652774,0.0001675691017729137,0.006858487264014428,0.01925030777384356,0.003670030188770962,4.762537139077984e-05,0.0039338158016019135,0.004127291435250011,0.004346298220666734
TARA_B100000637,4.72039328883019e-05,0.009083613424807669,0.01648395998397651,0.0002618154970566203,0.00198481594304748,0.0045337459911563216,0.0062303361730322426,0.0013001519407892998,0.0016075453961655573,0.020022843132180262,0.005373478436793706,0.00467940324775964,0.018032050865813568,0.0019664496768153662,0.0003590375305474121,0.0003028431556064791,0.007470458975262951,0.006416416501602038,0.004091922486069258,3.6780534313868077e-05,0.0014963053329656484,0.0021994868292098233,0.004541100618498116
TARA_B100000660,0.00015081552559703624,0.006835849032076265,0.010569686185983914,0.0003601669518263475,0.002932164650709833,0.0039310589420036585,0.0035193671909861,0.001822607941160141,0.0012935775369899759,0.013750741046052794,0.004835018466154144,0.007961725520117112,0.017120554344758402,0.00236431560240142,0.0007787770679479247,0.00038515373899738857,0.00930599082949593,0.011837792784429441,0.00392487053584516,0.0001468610280884381,0.0029655372399858397,0.002569967151119189,0.004392464455913105
TARA_B100001242,0.0010469117557982317,0.013938865619885542,0.013714029826667166,0.0011344765454256536,0.0042813454259311694,0.006297353841370355,0.0042652900060519494,0.005146783648761955,0.004222725064622058,0.021322985653017736,0.007369558287342578,0.016524526863712214,0.02060553033554697,0.0073727666266095206,0.001716279748438862,0.0002076331050330817,0.0075982495227841455,0.024803384292492504,0.004597964000525169,4.8616585312577415e-05,0.004986361504703823,0.005710384426628185,0.0045861265969232646
TARA_B100000658,4.226716573991646e-05,0.0057024237839585785,0.01058709904422604,0.00023248787880363124,0.002381583253042774,0.0037204962799043187,0.0036692306410772203,0.0013694580651259414,0.001197066892511111,0.015142878464376609,0.0036308723600886493,0.004964148796711485,0.014214373442729472,0.0027616013360747013,0.0003883750620117244,0.000412117053251458,0.010337060350299786,0.004579194398006924,0.00307544540455728,4.670792316697757e-05,0.001442893038253767,0.0023821592270769185,0.004103319504047668
TARA_B100001090,0.00012284936319691687,0.011570684644048054,0.014410098224256446,0.000631909256113068,0.003244796627534596,0.0049619065338784175,0.005148488680268189,0.002617818050648321,0.0020389192870483644,0.019156939601830444,0.007486550775465653,0.007920748049071577,0.017217912446497584,0.003386536147685939,0.0008105939628956674,0.0005094972859893905,0.009491979238044913,0.007314234654046374,0.005207103077889084,0.0003106232788799827,0.0026494054327595336,0.0034681876698707125,0.004738833688445845
TARA_B100001089,6.228901239147203e-05,0.012731992193724059,0.01948969154781651,0.0008526541934585728,0.004324755736264742,0.007348479828195195,0.008008751605410605,0.0023098626940298754,0.002832552724851925,0.02836572593314624,0.008197783576531567,0.009616061436285309,0.0249739302693898,0.0036706773343153673,0.0007966553805261705,0.0003890023956299783,0.017743220114533054,0.01061209781154387,0.006442234177570815,8.410159117364086e-05,0.0026011963140000717,0.004304056559143196,0.00960382724868676
TARA_B100001261,0.00050983619488739,0.011844806258170694,0.017793965589724924,0.0013890606095736794,0.0054545396875092965,0.0070081644107428025,0.005604174133414866,0.004072845547660452,0.00257901530366267,0.028162415764853607,0.0077466563944410425,0.011067225406372628,0.023862704260372545,0.005098891917572869,0.0013450794335196446,0.00038646264970536813,0.020358095909756697,0.009440397551875493,0.005078579700261893,0.00010499970090579159,0.002757708213380121,0.004589523335129301,0.007111057612019342
TARA_B100001263,9.531243095636909e-05,0.013381666772215826,0.016337949679843082,0.0007918950749716348,0.004236783396022959,0.005677404614504777,0.005514459440593072,0.002464308055162673,0.002561596020869156,0.024359944456006317,0.007481567013743197,0.009966220413226987,0.0205228280087157,0.0033166005322344265,0.0007566561519840056,0.0003439914435921318,0.013007455746112869,0.0074946577152025734,0.005708019773957453,9.173504278147745e-05,0.003314927650374117,0.003956634201405399,0.00568841907680377
TARA_B100001275,0.0003695308235893898,0.01213030839344202,0.01725840127175253,0.0011944292838576387,0.005170348376433771,0.007206303848238927,0.006108788298687438,0.0037398368390092604,0.0025886513281946433,0.02982926527266025,0.008205232447675764,0.01162460831418736,0.023746023257635033,0.004947026307973347,0.0014386150743981392,0.0003563238895885563,0.021818192328911825,0.010389465269767336,0.005567111695636571,9.707467383311313e-05,0.003121769120810902,0.004520942718505494,0.007575231654793938
TARA_B100001977,4.553691188354699e-05,0.00933664885892861,0.017142360437130872,0.00034647007481154794,0.003014805142240797,0.004512748791293907,0.007085143896734877,0.0014155706888114678,0.001716062111992151,0.023343964741015383,0.005518289692982275,0.005982169038733435,0.017416502508811237,0.0025408057064258056,0.00053498259208108,0.0003733561523181883,0.011701487756758585,0.006649942110320288,0.004474086441006397,5.7632380088856046e-05,0.0018360596693370414,0.0028617343641398826,0.004672675982472253
TARA_B100001964,0.0015908688282524393,0.03689122612057532,0.02813179930935621,0.0030027354158966217,0.009861688702851198,0.008967630357573126,0.005611973448973563,0.00808263894346371,0.003371699669821273,0.054542833192196084,0.011792283927889795,0.016056896942261492,0.032414463779884065,0.015881579495674782,0.002404491628815666,0.00027106334688457905,0.017360398813867615,0.024122254616634347,0.008393051259578739,9.300197885221296e-05,0.0052674625540786455,0.011412574770799707,0.003968270175132928
TARA_B100001971,0.0016789825871037262,0.030563276580630513,0.02064011632958336,0.001702213503159245,0.008257728382935267,0.009414380007968412,0.0050027947819509975,0.006427621932461228,0.005719365115301882,0.05542618377888545,0.01000213959315126,0.01752717967551699,0.02806369389916556,0.010300715152913179,0.0018512560618555985,0.00021774024839800717,0.013555763581407202,0.015720806462020773,0.006683579992620656,4.108334162045056e-05,0.003952656000405835,0.012705476630469156,0.0049533123469381645
TARA_B100001287,0.00024334736270848365,0.011347835578174916,0.01572606771246887,0.0004264741385643839,0.004071711648352486,0.004706680182202332,0.004240946136100078,0.001666899724552571,0.0017102913542160491,0.02489759293544181,0.0046030272632337525,0.006485932314623629,0.01769474922799265,0.002415067410255061,0.0007969451242116418,0.0004362738922803846,0.02081939739055555,0.007985100920738095,0.003845951536807676,6.414062515382512e-05,0.0018310619474419094,0.0032882215189754607,0.0045088318011385535
TARA_B100001996,0.0003924000456920956,0.0083590174014354,0.009839793533520116,0.0007815120325386299,0.0032617365478876358,0.0051988557876103255,0.003102468705733161,0.002254710067099356,0.00364298071373311,0.021331710402185764,0.0035671834005870312,0.006119230410313941,0.015271168713732157,0.004483687866586558,0.002140471978858411,0.00023552056420621934,0.01623984131222109,0.0073439376911412346,0.003271396106678627,0.0001037057202699226,0.0017060633135348212,0.004050302509600164,0.004148951930528611
TARA_B100002003,0.0010505994162146126,0.0232991216265727,0.015373845135087471,0.0017033019412751767,0.00589772174306967,0.009444177430835256,0.003891127588052599,0.005429003580556749,0.007001824504978421,0.04623625064347395,0.006955424399270363,0.0140116172704119,0.022230902117761842,0.010541000833171313,0.003279982405354089,0.0001728542122163422,0.009180310538455128,0.012826663921619113,0.005474774481476644,4.2958407793657374e-05,0.0035759253452361268,0.009816674572281156,0.004284032152165436
TARA_B100001989,0.00044731342901211887,0.01139422912048978,0.01187940023506848,0.0006454158323098653,0.003167023483844184,0.005347537155992239,0.00409426521270101,0.002638891264171256,0.0016849894097464189,0.02375824795127511,0.004246608066052814,0.0064910255430715965,0.013802249911716243,0.009532671068208449,0.0026676875382982213,0.00020868947799791904,0.008247686162659284,0.005865722633401389,0.003284265583227907,4.607436713686276e-05,0.0017318502410810293,0.006415715357959437,0.0035908317785270944
TARA_B100002010,6.359622115945247e-05,0.011428461218749892,0.015781259363042,0.0006764091943254909,0.004588904894388608,0.005243136962279755,0.005399764762358526,0.0018714078245570555,0.002510328429374526,0.0261428074445357,0.006628172904221528,0.008858145608932277,0.019347620323339032,0.003964911409085355,0.0008195303568772443,0.00021381086303045018,0.017429966416689317,0.006305755418637577,0.0051432279520905845,5.8267293408090273e-05,0.002136420939332357,0.004308904237666052,0.004561895384220283
TARA_B100002017,0.0003666126709718141,0.013368410762678704,0.014697004285694563,0.000816843701844118,0.0037868871399418273,0.007603050455872328,0.0047706159415676465,0.0036807017750879,0.0029037670025657703,0.022934016243737736,0.0065658220734114035,0.00910021385978662,0.018306016752756227,0.008130265328577036,0.0018804801939228167,0.00013014388296624186,0.009084040801718636,0.008490791894764949,0.004381804592941421,7.388060420662633e-05,0.002728583302559355,0.00523627817369695,0.004551694223091417
TARA_B100001937,0.00010431962746669753,0.016390314408032524,0.0196155233928825,0.00043677714666492815,0.00311879823204515,0.005825202578299643,0.007278394610911344,0.0019932370799928727,0.0024041244025012234,0.0214836166174301,0.006684310742087389,0.007939803846845731,0.02079476670306826,0.0027189313430487265,0.0006299923093192719,0.0002138384066385749,0.011166422571366859,0.009341353690777541,0.0052384518027031,5.06380609301727e-05,0.002079946054078288,0.0031867844980567037,0.005512878362669606
TARA_B100002056,0.00021163802524702262,0.010008668019003186,0.01390941534218644,0.0006077675543358832,0.00302045623258797,0.005177153521236287,0.00465780691440009,0.002029637371802553,0.002771074169638555,0.018505366094739083,0.005165915597786736,0.008525169929082501,0.018477421845569164,0.003699756477920189,0.0009069945777830602,0.00020384213650317086,0.012295861982984928,0.008091305887934505,0.00406150139389302,5.2924413479236435e-05,0.002454366008912005,0.003073101696697071,0.0064624926475051
TARA_B100002046,0.0009242481955497283,0.015956478038829526,0.016135978164760287,0.002146588644321579,0.0065110165759932025,0.010411692212919335,0.004700238811531018,0.006156453005878988,0.004293103666330433,0.02539199887456872,0.00792066607159571,0.015721760635198118,0.022346092416754462,0.009241634606523929,0.0020776075156282558,0.00016212788773575774,0.008381788770733895,0.016252746345476687,0.004629184623203662,5.1708150747268625e-05,0.004255639710871445,0.0063065592387484565,0.004751969009065229
TARA_B100002054,0.00018805119350428611,0.009470353852199107,0.012297197922111758,0.0006298963541887925,0.002613160509717796,0.00519607707547666,0.004675655911113646,0.002103311962892347,0.004500718991980864,0.019425408845211187,0.0048273486328549685,0.007750786883386898,0.016656173684516787,0.002706311435379914,0.0006586232026858963,0.0003635933610595303,0.012739292187578369,0.009024443036546259,0.003876767203120556,5.177762249719908e-05,0.002190371037238301,0.002791232581178644,0.005592560391243174
TARA_B100001217,0.0005016075628848843,0.009365154915436994,0.011460328425805485,0.0007853729765582135,0.0027322272045318665,0.0060991840877314425,0.004629518636158702,0.0027691994991920978,0.004862427702268282,0.02139239821270008,0.006887457583705018,0.009178965604421134,0.019066816079207103,0.003178243419940116,0.0006102801086444253,0.000246057800307684,0.010193706813454715,0.011896682464825071,0.004358605564358608,4.65462617875981e-05,0.002645669139345545,0.0030940711976553924,0.0055203350298039825
TARA_B100001215,0.00024792889747647434,0.007714107100025795,0.012953680197316063,0.0005127910105292397,0.002654407202871712,0.006076667271196762,0.0058553834979957935,0.002244396883565545,0.002331746196993703,0.01966906091317109,0.0064648739657482725,0.008619019130337194,0.02087222889894668,0.002752182240624824,0.0006510135417719157,0.0001791844969072867,0.015113051353635325,0.007199474497581914,0.004799939206438249,5.411656430100583e-05,0.001985682846368609,0.0027470129325680285,0.007019841101925776
TARA_B100001196,0.0001890269149714352,0.005306021453429096,0.007256344774313526,0.00032747620766701547,0.0014204523179883698,0.00329710049834007,0.003385109246219038,0.0014843422135976672,0.0015172480877855732,0.010731144608972657,0.004445290311294053,0.005187282027734469,0.010896956726999486,0.0017245494450933367,0.00044572853000728497,0.00021213100658266752,0.0059871500117560155,0.005652313334781612,0.0027196693755935732,7.484830821322835e-05,0.0016849079463642064,0.0016005737340388528,0.0034410095604284056
TARA_B100001139,0.0006653630273462785,0.0050395645684840115,0.005705847921638496,0.00037705289620410274,0.0012520847480368758,0.0032677467111184924,0.0022104930665115138,0.0015057019384930965,0.001364439219720721,0.008970991448779381,0.0035623593485819673,0.005750619577486178,0.010418414098368895,0.001573096983641308,0.0004075556992826866,6.434588346175549e-05,0.003899569121601468,0.006173374532091309,0.0025249188893269265,3.0283544476086682e-05,0.0018431391231477216,0.0017903397120454638,0.0026820279440876423
TARA_B100001135,8.208747596023702e-05,0.008789258483701242,0.0150828953255154,0.000467708278055662,0.0039019207600836468,0.00519271534468459,0.006120034783993111,0.001875656695099584,0.0026264761608361803,0.03202298648657826,0.005594843073437631,0.01089146927294358,0.02658260906771458,0.002515796618695175,0.0007096192309225422,0.0004504905154117403,0.026607039165055826,0.014221533947972959,0.005285075122410191,7.309280526878821e-05,0.004236204975496378,0.0030152467145337005,0.00870866692091898
TARA_B100001158,0.00021770882494003102,0.007189020582426694,0.014494082539276915,0.0002477044942863895,0.0022540781158696586,0.003754752113715622,0.005832032055629845,0.002164108804991532,0.0018651318480638985,0.023544032193169792,0.004253739184296485,0.0058705162118222074,0.013177715881579606,0.0014977013812753092,0.0006229393002481885,0.0006112910459435731,0.023639378168903397,0.0077748106744934126,0.0027816645685842644,0.0002119062170056094,0.002681937896557657,0.0022414835550970385,0.0045609894139512575
TARA_B100001750,0.0008828058291862137,0.012767719619471795,0.013498376225422498,0.0019283991821198141,0.004769040331556782,0.007399566905156931,0.0040192337208395075,0.004606670574138432,0.003247031757532631,0.02374504445365035,0.00550400624180851,0.017177260889280437,0.024719809060730333,0.006598448736359217,0.0027202143207639205,0.0002534984248492698,0.008094524596491145,0.0229946010202858,0.005074771785137878,8.951474455117398e-05,0.007278803948500973,0.00439584237225156,0.006270034604737844
TARA_B100001741,6.536142514794e-05,0.007778294232822308,0.014095103763546496,0.0004111460089687807,0.0037944930553339383,0.0043963261441467135,0.005321463484344105,0.001685674469265015,0.0022622698658202388,0.02925368211467757,0.004836630382720639,0.00908008698758022,0.02267921803348609,0.0021736610471506748,0.0006426086310161915,0.0005281535427429673,0.027224745547686877,0.012592035940917684,0.0043434639970790405,8.337762484284005e-05,0.0038087871095655633,0.002718398198013716,0.007535840779800722
TARA_B100001765,0.001098904871120992,0.011204681230210305,0.011093786295831586,0.0009518900571024012,0.0036225632311697024,0.007376882048664111,0.0037347790054025813,0.004335215155209325,0.0026002377805093933,0.0238220127523708,0.005510120472055266,0.013744084345649471,0.01943553217074333,0.006576635557542287,0.002344283550778063,0.0003509847864017134,0.008159720164536944,0.01958744471390082,0.004032254123015578,0.00014810062937421116,0.005579379097273911,0.0044549731735115256,0.005012200600214641
TARA_B100001758,0.00012074968794314546,0.005564869154314258,0.013513716471025694,0.0003998018234577996,0.0037805126041166033,0.004119302123612699,0.004667427254740317,0.001965760243295353,0.0018569086744533426,0.026438736954289367,0.004498257318118471,0.00929902541392584,0.0204229189858268,0.0017666587580600773,0.0007036982918868758,0.00041098297488464865,0.02869987069945713,0.011772390693057,0.003953947308514529,0.00014147494497162669,0.004461290542807547,0.0024000547747200928,0.006641914724497278
TARA_B100001776,0.0003647462444402773,0.01581595170172616,0.017652692797563364,0.0009707799536220307,0.00544309936146431,0.005484883192084886,0.005749135244889129,0.004660673382720162,0.00198424907839241,0.025946354945509262,0.008761112865126175,0.010556737374475628,0.025027600820496026,0.010802737923353308,0.001041130497608801,0.0005600071770653835,0.012882212411978438,0.01262322410522192,0.006362497624546722,0.0002892683449822785,0.0038192713898327186,0.004954766204918008,0.005486268604458716
TARA_B100001769,0.00028457303090596706,0.011542117596618677,0.01722990335134629,0.0007957901835071793,0.005594043843472462,0.0077317179977269565,0.005851893601131022,0.003554975289452808,0.0023820584901411658,0.03298525489955481,0.0056004532614175465,0.00996251233310781,0.025046552169592274,0.0048313064716723406,0.0016148061224196572,0.000394761726370794,0.029631923220516294,0.01067323695548562,0.004534143937115662,0.00010880698454696726,0.0032539725814567572,0.0046594407901339755,0.009692976936107052
TARA_B100001557,0.00013028599011149808,0.008071747667279259,0.012528050377318896,0.0005510422352675349,0.0034345580825293127,0.005629356505142717,0.00454416658700724,0.001982808378593829,0.0016407857937325366,0.019988764014822545,0.00608531831854131,0.01236967325563166,0.024806376621921276,0.002220682883764414,0.0008573928458960645,0.00034929059586271685,0.011063617673836294,0.02038502031686704,0.005349322333356503,0.00018026145803719308,0.006472703930836026,0.0029541713329321265,0.006243102758653482
TARA_B100001564,0.00010830134654422622,0.008949523158354393,0.014796201843114337,0.00047557295764118223,0.0040502632198512545,0.004955676646455682,0.00585509924689109,0.0018907091188333247,0.0020480255497932684,0.02966414617601327,0.005641702687477085,0.007949330698239745,0.023967548463160748,0.002016880427399132,0.0008023793214069143,0.0004223605875321365,0.029103910931486933,0.008998346810759351,0.004556523691237073,0.00011307064785262237,0.0023055916242285947,0.0030912183543786048,0.01074314693030423
TARA_B100001171,0.00017286419757297,0.011802134819933715,0.01843526028260925,0.0007797414399352176,0.0054689342871118785,0.006752948342903393,0.006108241804347832,0.002622028305435915,0.002090786938788093,0.02415460194520861,0.008412871174929108,0.012726445858329634,0.02339777558771789,0.0027453946539522513,0.0007584241893086405,0.0002760965174005144,0.014365746236002975,0.010162107974106048,0.0064643602488298774,0.0002553190349595607,0.005609191180818025,0.00406144612840013,0.006616503504457422
TARA_B100001297,3.4766707201031174e-05,0.010700704188706164,0.016836233192023577,0.0006420882643499804,0.004018029765424964,0.006143456071649666,0.0076339945398620785,0.0019140526619594173,0.0022544041591615106,0.02696210021561402,0.007843715281388455,0.010968089141331114,0.02212803699605005,0.0013205492065702438,0.0006984351254996893,0.00028969956195002414,0.02229685503206107,0.00865884851170239,0.005838721160102853,0.00022122094591665747,0.004520183835753356,0.003347219076360699,0.008455293840007575
TARA_B100002033,0.0003112956738871206,0.013711857459670962,0.016126712485158647,0.0010635203670592076,0.004392073784615141,0.0075417329671786295,0.006508088383512167,0.0034069535165989484,0.0029984926149223034,0.026377097050075776,0.007902897451971981,0.013589971259484005,0.023288664161871888,0.004155232581438404,0.00100426470158433,0.00023299659069815322,0.016291912370858756,0.010319897684668755,0.00580379322341342,0.0001444228698831351,0.005790384505927017,0.0038586818207060774,0.0074867194941830514
TARA_B110001437,8.09548432116093e-05,0.007868004097321059,0.015054397015102815,0.0004985742883408249,0.004164075553592528,0.00568492440042075,0.005948992839550328,0.002538481911659489,0.0016905218082222829,0.030782838309889888,0.006659121693306885,0.00849748621476879,0.02173543776435175,0.0015938666215254038,0.0005823019761476648,0.0004937799128066367,0.021500579720734228,0.007853914613580877,0.005491537180523251,0.0003761701096223856,0.0030687612077274573,0.00312928245728851,0.006888616795078703
TARA_B110001435,7.797191643342633e-05,0.012500503447185944,0.02613717181732021,0.0010800890775047192,0.007602886963017994,0.008939620606627416,0.008525628972049443,0.0031594300595969268,0.002993533499124593,0.04004193596307438,0.012310766996882041,0.013953715107136845,0.034723532935888486,0.002135211811418488,0.0007026751015689998,0.0004428787831331917,0.02612357777519777,0.01720343548488105,0.00916489124753943,0.0005280574443149689,0.0036676566597835508,0.0045882091094707105,0.010321636990019926
TARA_B110001446,3.4997238345343784e-05,0.011613712999659334,0.016207296186538163,0.0010420559986573873,0.005155154338272163,0.00613363227887547,0.00598321943390875,0.0041914990187210495,0.001901668734110516,0.030513403438142194,0.009770158493106241,0.010297189274020551,0.018656537293479485,0.0016861415612752116,0.000667643167680156,0.0013210851579453055,0.014977373292813468,0.00933261354407633,0.006779353959292618,0.0008124877741509298,0.004287322589230721,0.0038527962008665954,0.006833903309474935
TARA_B110001444,2.202118849592384e-05,0.013420404744833714,0.01760024503572619,0.0009247717552954656,0.006039619980912467,0.006585797358313834,0.0076645372170856515,0.0028097522901725453,0.0021072765254710104,0.035947084656484614,0.008432245096041941,0.009729694476559528,0.018873255056869997,0.00223749742207093,0.0004959249082147428,0.0005381004867873744,0.01442388887933774,0.009980099890463305,0.006706146172527944,0.000206175556474244,0.002835178207427663,0.004603191927512731,0.0056749013364164715
TARA_B110000200,0.00039632703310208274,0.006923389307297649,0.010773732466980313,0.0004912730719328459,0.0026523998878389358,0.0046207227479879796,0.0038616419655458844,0.002134606578839034,0.002145793990013099,0.01604472597881014,0.0056523431030405715,0.010747408272803892,0.02025552631250841,0.0026549067913758484,0.0006169784685705593,0.0001320663887090177,0.007471436951603736,0.021367171302371698,0.004769852441827591,7.193421132386255e-05,0.006379927429806749,0.002769646154334351,0.005340518964209442
TARA_B110001467,3.208091298434696e-05,0.009686836518437509,0.010779245041037545,0.0007383714996960974,0.003480350602563887,0.0044715338243027924,0.005722345438800158,0.0022510671417385925,0.0012527026275380784,0.06356697868305312,0.005565552386815257,0.0077011479852904735,0.01603765364937142,0.002475390305772157,0.0005991194624117821,0.00022797563358310463,0.0524989712846937,0.00794105280713557,0.0039045978032123695,0.00018762989273656786,0.0031728826179381678,0.00455216052458452,0.005324703022447627
TARA_B110000044,0.0001857035000220257,0.01625144459182098,0.01878949138486904,0.001495321691257266,0.007462930304105866,0.007559579842867009,0.006575129180087934,0.0037162007103219968,0.003191082511193349,0.031658033459112216,0.010213862052509605,0.013366650610883777,0.021835489431482582,0.007344805199991622,0.0010090782702823816,0.0003339206692872532,0.015568734220019352,0.007988331804984034,0.007291101430753153,0.00016369017812730712,0.0031225711127148056,0.005363634280899989,0.0061118872483031965
TARA_B110000035,7.830777311500262e-05,0.013016513421595571,0.01956682893434199,0.0012270649063157975,0.0065858792235350344,0.0072799196761947045,0.007241939307497794,0.002876413811480701,0.0034278710229547296,0.028330713288583807,0.009901150274605794,0.016450006061607854,0.02412243691329937,0.0024023089229698227,0.0008652994469980001,0.0005250518056680465,0.012174384195636668,0.008111328122091033,0.007594734098913328,0.00011554382011641643,0.005785703239716622,0.004737254230092114,0.007327900478952364
TARA_B110000023,3.563463375438125e-05,0.013773288536894496,0.022129024551508728,0.0013524190529921815,0.006732058350811756,0.008008506878080902,0.0091037114109246,0.002974440908358993,0.005418780620845103,0.0365077985409776,0.012150659464385665,0.021453179119278375,0.025511487098860343,0.0022825595049679845,0.000604498245607664,0.000609724132115748,0.014159519010255278,0.0079929158874415,0.009471555538710642,8.275937984538167e-05,0.003260860199266261,0.006046458635466628,0.007450784965478461
TARA_B110000085,0.00018888506322038348,0.022194772103252672,0.027072297836130136,0.0014311049156169235,0.010122004835590415,0.009564789908466771,0.008526778050382385,0.004879308949539652,0.002993393664948944,0.034709683825876816,0.013418098056044013,0.016241943237024974,0.0349186267441333,0.00439671998739392,0.0013967936371448693,0.0004592759962271704,0.02066395779804504,0.011388941140724758,0.008935746077535153,0.00034846783308125967,0.0047153818914962425,0.00791308802110905,0.009628800797325568
TARA_B110000083,7.314862026959599e-05,0.02088364047062141,0.028238709492057913,0.0013292158590833061,0.008992747531547624,0.0099201168543479,0.011575857665406466,0.0046560900345206215,0.004515273319085567,0.03670844545358061,0.015833805014065755,0.016217066725349116,0.029315065650146258,0.003212603126502369,0.0010722280656197262,0.0003789004873787674,0.013303260419214806,0.009977161229634476,0.009869785815699791,0.00026560729284592026,0.0037280606263212883,0.006445561172826932,0.008134473783575106
TARA_B110000122,5.525396293292176e-05,0.01750302178575136,0.024024637804086087,0.0015678577123486848,0.008370679764552302,0.009530990471557884,0.009012702096326248,0.0042266702176110525,0.004374343487649014,0.032938811517231326,0.012624649798775051,0.018473009660864025,0.026519788379219082,0.0030445051326326235,0.0009889751061613599,0.0004929807803025597,0.018492031838647845,0.009594233861439,0.008461679011154997,0.000370628927402886,0.004900895115749503,0.006056634562587973,0.007933255455083384
TARA_B110000110,3.751356050446731e-05,0.025994868993527997,0.03555173431812461,0.002045433340503305,0.015158988396890475,0.011850554593295284,0.011698986792280654,0.004797671641493806,0.0037539389442315186,0.040234048209858986,0.016325379668662734,0.01833439317434508,0.04144778244768462,0.004399201622411304,0.0015325699739721494,0.0005978517145087161,0.027080883078452668,0.014398668204917453,0.011026371912985307,0.00014252000054492642,0.0045747318461398,0.008629108852281115,0.012393805982486187
TARA_B110000112,0.0001390000958658229,0.0139158851428929,0.019090750120196558,0.0008258933033018727,0.005903175595158212,0.007570774773105508,0.006382724476347249,0.002598138891440201,0.002286321873924525,0.02636870059547006,0.009032473164042595,0.018959702269651074,0.032714509239657984,0.002816771621936161,0.0007710736660306183,0.00027217677396350917,0.011869538496990992,0.014671885920217457,0.0076884416462531715,9.393220557152044e-05,0.011305780844178472,0.004541295361995785,0.0075121726656964295
TARA_B110000204,8.222840541703362e-05,0.014961700075933532,0.02516459816747093,0.0011040290950504316,0.008240957866624541,0.009705651067520712,0.00972562560074442,0.0052667442835610395,0.0031070456713931877,0.03904652630973438,0.012742063128433307,0.0133173676718381,0.032915179546569126,0.004116737687538803,0.001380375749049417,0.0007349201690234207,0.019218419531262344,0.012133115181330714,0.008752525023040462,0.0009578838438067011,0.003752578493270094,0.005721387665996438,0.010907423160466185
TARA_B110000501,0.00019939342776441123,0.014526713379024569,0.01927980941823014,0.0012508313490207199,0.0072522638652114235,0.008385913700082901,0.006666542040198471,0.003238859984781026,0.0021478210014539943,0.03212129910841799,0.009457194070720628,0.011003703303809013,0.028115610411789504,0.003479434652144725,0.0012075741408533946,0.00037268299478522966,0.019096194922196743,0.009551780770051164,0.007256871358072501,0.0002307645229924186,0.0031722620269858536,0.0052437660841176716,0.011261308627009048
TARA_B110000206,0.0004398632723195275,0.018770450726738348,0.02615249226003868,0.0016642850291094487,0.011323603497284764,0.009928888917652402,0.007495163872870708,0.005801857498393653,0.0029905153071682344,0.031161316814767987,0.011679446421097008,0.015309816513525629,0.028699561656992324,0.009028392140787187,0.0020329058426243733,0.00035397981467455143,0.015250612089713978,0.011730120674737358,0.008146201028968555,0.00014284322009543732,0.003727369451638408,0.007136438264561988,0.007968036865724072
TARA_B110000235,0.00010005644251812256,0.008500936032438023,0.021810861092448144,0.000868842132435059,0.006508474121522362,0.006943193720632507,0.007918407155833525,0.005399776441704394,0.0022126446505032226,0.032259643627524544,0.011947808604762229,0.012297373566512605,0.02552398628705008,0.0022171863109211954,0.001481826892742295,0.0008116901806786745,0.023976178386498254,0.01102541914260959,0.0070126040511992145,0.0014152556962170602,0.004243387809630113,0.004578961765914882,0.009363384806430413
TARA_B110000233,4.079720536301695e-05,0.015525935868318616,0.02732640070369287,0.0011843141290429115,0.00852895269581335,0.00851915525068627,0.009052060031560116,0.0048152960402597905,0.0031552324508377612,0.033739851087214334,0.013843633895772908,0.013623488773911443,0.030375230840610563,0.0026496527585338275,0.001435714343824261,0.0006879972450388498,0.020534279860495788,0.011270723731759334,0.008519163170733151,0.0006360737550271883,0.0036874755928380546,0.005880999199726692,0.010080215956650374
TARA_B110000255,3.407643572812353e-05,0.009706873875833973,0.016242843131824152,0.0006906714768503236,0.004815759309022454,0.005337909546979436,0.005671250741102773,0.003890321948883136,0.0017508347588608359,0.033079928809708746,0.009143939220274077,0.009561859977276843,0.02253609462751809,0.0017072893996720384,0.0009757565750187963,0.0007328173713021238,0.02204645088974304,0.008240669387619541,0.005707624510681901,0.0014903430863498553,0.0030147970964795262,0.004734911801867251,0.0066179920739641435
TARA_B110000253,3.179698162236626e-05,0.014344473923516144,0.01957615316364944,0.0007563314702184933,0.0062950673588991965,0.006331689027043231,0.0066566750100016826,0.003237135011579688,0.002206855435862943,0.030947446813262763,0.01025142941810266,0.010611979709653404,0.02361341147334505,0.001851131039973107,0.0008895657799741025,0.0006037834253575426,0.01604994857089925,0.007806617219316609,0.00665609258923629,0.00033414362662376944,0.0029308890985150523,0.005097931175422123,0.007394971612120358
TARA_B110000257,0.00014802134746114674,0.006144090604445044,0.01044216029664497,0.0003785592532713689,0.002487020945828784,0.00458094563103071,0.0035069044843216773,0.0015355880288407495,0.0013244122508500136,0.014262215648991125,0.004860145256476664,0.010012251956318486,0.0225418325249579,0.001506027663470868,0.00047857271224433916,0.0001707516959174917,0.0071251884678466175,0.032394447153772724,0.004705729216848596,7.936619176041527e-05,0.006751198628597225,0.002184060740540605,0.004948652560739477
TARA_B110000283,0.00016972114822243257,0.009740843366589041,0.018205618349748647,0.0010027331877104013,0.006113874741538035,0.006863828578153484,0.005276436902347472,0.0029945668220737014,0.002253565523406831,0.022363362266520692,0.009017780196298331,0.010736058543183742,0.02853918935343769,0.0032081200804262443,0.0011835214567681015,0.000432409677495073,0.014635547667146137,0.00919156528820212,0.005826835435677522,0.00027784180974632405,0.0029136984759031985,0.0041459708199463,0.010829538295621024
TARA_B110000975,0.0001568819763360568,0.011783186671511377,0.015586605707313909,0.0009447558628482,0.005295594547551916,0.005475358718574771,0.005270942224935693,0.003170235179364522,0.0017777764006794664,0.02494714238439673,0.008493262443700071,0.008845818721833588,0.01587998879486544,0.001368430364410514,0.0009424244587583916,0.0005742528860449242,0.012448696720518059,0.005768083889218332,0.005382272104885457,0.0007551830601112817,0.002683929195733764,0.0042529745683023154,0.0056479999860022615
TARA_B110000966,9.249130734676e-05,0.012309032608346728,0.017865423679972476,0.0007511981616266336,0.006348272037601774,0.005897695108308256,0.005389417390819338,0.002754601095195472,0.002059726553027048,0.022682016393927758,0.009183413185894421,0.011445752245583831,0.024462473441309862,0.00254459719617289,0.0007613588335010411,0.0006645627818449921,0.01306851053543182,0.007859649640969335,0.00614606570948445,0.0002892149253895012,0.004086461657587008,0.004780974294681461,0.006552785079989477
TARA_B110000969,4.994037960973509e-05,0.01950935427624493,0.02258209494938732,0.0012788414951772685,0.006576329690780321,0.009574473044667131,0.009291474944430115,0.003944347484013404,0.0032026120942419737,0.035834284009170735,0.015135913886294525,0.017273934974117014,0.028162285767217694,0.0030678990335703585,0.0008749718691795293,0.0005530775173441403,0.014327672887296273,0.007731214449841736,0.00967043398984088,0.0001737343148139537,0.00424863746824166,0.006952447451262089,0.008770633280348192
TARA_B110000303,7.306970676851951e-05,0.007548753111119498,0.015211865898079031,0.0007250914987969768,0.004308167545149071,0.004908368428210153,0.005849470129498475,0.0026568775884958074,0.0015870748348852215,0.027617668484471496,0.0071860610524505045,0.007969136375503274,0.02014281234729369,0.0017957432462941977,0.000931416115620043,0.0006194717060065025,0.02075897024901377,0.0074425260569600075,0.004930102439946914,0.0003881332896843738,0.0024773096239591873,0.003708607325907471,0.0070537779412342145
TARA_B110000906,0.00011962696603437669,0.01408365514143786,0.0203646838764298,0.0010778813520402367,0.007530913673866574,0.0067028391370529145,0.00559656352140053,0.00315718461264035,0.0023656949800725377,0.021608665095162568,0.011314753190666176,0.012081561639533944,0.02118586932200372,0.00238966622328749,0.001231018507013905,0.0005132167828810784,0.011606495634604638,0.007897145246882283,0.0064131484527810605,0.00023081879931896032,0.004071340014917567,0.0052268562796606135,0.006978248582770939
TARA_B110000901,4.600284124368459e-05,0.016204506118800352,0.020739786008580386,0.0012261461418319325,0.0065084937297608106,0.007107368835766209,0.0077123230440232955,0.004473968817728006,0.002354487553306909,0.029272794873557037,0.012309848320801259,0.012220619922775195,0.021832261231270658,0.00209242775414568,0.0009963653270518322,0.0007144290876213054,0.01657624011368845,0.0063879231511897476,0.0068665682616695905,0.0004879452403238918,0.003669352034067664,0.005973620150349827,0.006037483153156007
TARA_B110000875,9.64114917785871e-05,0.016513375370832004,0.028931387791221883,0.001915378238845957,0.012351255399176943,0.008072915608712443,0.006558494020033789,0.0036374531356343923,0.0026700084057371125,0.02300832504367525,0.015198350408764076,0.015406022868742004,0.02406945233062546,0.003134220695417805,0.0017174218502653206,0.0006344231568972651,0.015305169025884337,0.008738918314762709,0.008204150142429737,0.00028482067378312817,0.004074483733092718,0.0065921759330801345,0.00928406518143168
TARA_B110000494,9.74149002580884e-05,0.0052920110848032565,0.00969199560382416,0.0004976166959425078,0.002592818796298765,0.00362510030622626,0.002846684340830703,0.001639788165087443,0.0011306721935031114,0.016999260670576718,0.005172425311896967,0.007171141294451013,0.016689016988097927,0.002207802585320109,0.0006426764525802791,0.00031311912884355626,0.006422600368500892,0.08437795972383971,0.0044879832766078955,8.451985085614301e-05,0.005007570916837481,0.0025022836513023485,0.00517569155823711
TARA_B110000481,8.119023742662407e-05,0.010535275065709296,0.018330390667348158,0.0011254683582692466,0.005503474415400756,0.0058257532787700005,0.0057609002269386495,0.003112812888397289,0.0020809571800141963,0.03001223065347835,0.009426909014576237,0.01053295112911322,0.023025454921251208,0.002167224240138034,0.0012928939122928153,0.00114340989034382,0.020375971135020845,0.009424871149154931,0.005897052552583585,0.00039663583746331164,0.0041690158749452325,0.004448887026141774,0.007771593561724238
TARA_B110000857,3.3812569711979924e-05,0.009341127828655107,0.01762563010832225,0.0005955709721079794,0.0041505263541970865,0.005560992550486206,0.006438157557807371,0.00290917661670544,0.0019210425932123887,0.030812267107850164,0.007794037604527838,0.008841979149611231,0.020072088997785047,0.0012778688329101564,0.0009931735457442273,0.0012705905702619905,0.022320994651448982,0.006643566132989507,0.005512502970790305,0.0002801225575929863,0.0034615219107364662,0.004270991683097565,0.006546845388580314
TARA_B110000465,5.966657347235365e-05,0.0045145097078921,0.007711155583241777,0.00048606599500468166,0.001997227908846208,0.003301233495394476,0.002695305070517401,0.001399075798328401,0.001164804921394413,0.016905266276325027,0.004400154218843107,0.005896028051537625,0.013955743295625316,0.0015264087094922173,0.0005724925854129607,0.00018113940762259838,0.005888517723360764,0.08506163336706714,0.004028528452405469,9.492315698589405e-05,0.005156702686659383,0.002242090099363964,0.00573815284708599
TARA_B110000457,4.2864100098275495e-05,0.01063231114478557,0.01913021494936604,0.0009253218706741199,0.00613416252293146,0.006238604489191671,0.006358456772371994,0.0031008994934282304,0.0018958650675416004,0.032767340308841736,0.009180553690448156,0.011087860082582158,0.023273771817786244,0.0015085124840234984,0.0009296584676766092,0.0007734672016883508,0.021523147588538846,0.008704106674637727,0.006440051061733904,0.0004929722487042323,0.004470091500639642,0.0043412481150242105,0.008376468501551314
TARA_B110000436,0.00017975057471335525,0.01618992516426699,0.012935177539281091,0.0007701611157636696,0.0033882689512514663,0.006029539904189207,0.0037146092467873646,0.003781350241976048,0.00433130378411287,0.025633043802337857,0.006630280904862678,0.010691066118434818,0.01903983901019409,0.003627331905259111,0.0011801084973304444,0.0001447481930640867,0.006801245140059645,0.02707219621766777,0.004659237701613482,4.9229646856887396e-05,0.004638351499190245,0.0060590928850144,0.0038976031656604406
TARA_B110000442,5.535581008949143e-05,0.007511317056920256,0.014620003972780812,0.0005788416587667152,0.0041999588463696395,0.00557875996056705,0.00469358628921395,0.0021707400048794644,0.0015612335473313614,0.023270487957556558,0.0068729116797388076,0.011445162275734371,0.02139842882202049,0.001979195654896637,0.0007810028715558329,0.0003858523393640512,0.015238553623822253,0.008491651842076503,0.005320329786450193,0.00018650978843282487,0.006259672244180173,0.003249515305653101,0.006833106454422577
