connector_DNA,DNA_transposase,DNA_all_peptidase,DNA_CAZenzyme,DNA_secretory_CAZenzyme,DNA_secretory_peptidase,DNA_Lipid_transport_and_metabolism,DNA_Coenzyme_transport_and_metabolism,DNA_Signal_transduction_mechanisms,DNA_Defense_mechanisms,DNA_Energy_production_and_conversion
TARA_X000000368,8.971937415656646e-05,0.038886410481556465,0.02435570350640676,0.002386992364871529,0.009409199021332757,0.0205292774779033,0.020993965557550474,0.005665264846802629,0.008470099759093904,0.03488778319341017
TARA_Y200000002,0.00014141695122899008,0.036420763067647424,0.024538566776022883,0.002544438197229045,0.007431054037701911,0.020354579288368216,0.02239128376865234,0.005727945065508784,0.008514837552130464,0.03402138104914186
TARA_A200000159,0.002021685028611689,0.0369340497573496,0.0256298827860979,0.0035454411649244845,0.00891321563808197,0.016694902668407497,0.016877826655203244,0.007023462050083857,0.008544213623554734,0.03330987751301465
TARA_A200000113,0.0006456170396000536,0.04622262071753788,0.03108113289990984,0.0036430158070262725,0.01186348270529446,0.02372908150626851,0.023440868010079836,0.007086295974518851,0.01012905615907846,0.045661799756834986
TARA_X000001036,0.00014261014697417067,0.03884627125238462,0.023525090925775573,0.0024209048773299424,0.009232286014577424,0.021016403847946747,0.02073703030112633,0.006176084018131389,0.008456187980331395,0.03613181158654165
TARA_X000000950,0.00030577863533621803,0.036753164063223064,0.0257986172297628,0.00316222200397924,0.009262810184399551,0.019591080160168643,0.020907545008125368,0.006061360498783944,0.00826924449063598,0.03368313666068533
TARA_S200000501,5.637027597478833e-05,0.03899753991320727,0.026227843081083942,0.002742774504843807,0.008871946818125923,0.019963551797002568,0.02239407309839497,0.0057223180467187345,0.008503838044930502,0.03357461390626098
TARA_A100000164,5.2904258184552676e-05,0.0384371065895246,0.025736257353364208,0.0025624861908388565,0.008331665794739412,0.02056767370616601,0.022768522142513688,0.005868649729082113,0.008589140633268244,0.03493996175764976
TARA_E500000081,0.00029475827553853155,0.03949159653210912,0.0266571078810718,0.002641325577741511,0.008834902317387948,0.02133748992667878,0.02082486212834427,0.006344956117294014,0.008932434740002475,0.040019160937282944
TARA_E500000075,0.00016886471715430826,0.03893605103261317,0.026002735366788897,0.002625708226742436,0.008432703661348925,0.022470251344198573,0.02153496897929677,0.006745115812987466,0.008898843833934609,0.04366635193168674
TARA_E500000331,0.00014998797452218682,0.032309973472867806,0.02272017317600717,0.0016627607157534807,0.006132370386159554,0.017425052807882268,0.020294620267411183,0.005565072301176615,0.007444510237096054,0.029630400069434182
TARA_E500000178,0.00020252497159545967,0.0326806183925197,0.022856071731721304,0.002158491541880378,0.006181727798488649,0.019698148350276896,0.02172360939390185,0.0068794879368680615,0.00815115363760269,0.034528818184955616
TARA_A100001011,5.1133105575165336e-05,0.040307176274845896,0.028150499204887238,0.0030925117314035103,0.008946438151072027,0.022030878584828,0.02369133237365041,0.0065247396175026045,0.009034084546037513,0.038628661546727235
TARA_A100001015,8.357925545998145e-05,0.038628095975145584,0.02553481049624315,0.0035566305304910923,0.010161982549717891,0.021061946525925426,0.021747413052456886,0.006188959310711966,0.009367250943793105,0.03602831996281918
TARA_A100001388,6.610938890322587e-05,0.03025844429505684,0.020027682550878827,0.0012519159352169693,0.004717949413969714,0.015761038739011617,0.019856061832149018,0.004455805071127342,0.006922334576082983,0.028786804492645774
TARA_A100001037,0.00020891702034017318,0.035460707952912784,0.019784193598601868,0.0019243435677656288,0.007639539315406847,0.020567752731090686,0.01828182557500876,0.005868354533808779,0.007397378169280273,0.03294382199845233
TARA_A100001035,3.3025142216893653e-05,0.02685632567550554,0.01781673140526957,0.0010255353597605937,0.00407066236722416,0.013154741891629495,0.01699864148268365,0.004037545487683422,0.006350213969806973,0.023371238402420263
TARA_A100001234,8.144654960877024e-05,0.03566982124251451,0.022643489337512444,0.0018007842340642458,0.007050364779583247,0.01974605118275309,0.021607335104723305,0.005554356273038987,0.008094557007892876,0.034855762581777486
TARA_B100000029,0.0003206494712431284,0.02809593336871526,0.014966939561343337,0.0016180441515760173,0.0062543950155829475,0.015444037965684066,0.01487139659925929,0.004755584365305133,0.005946637871137531,0.02562308254156488
TARA_B100000003,9.472081519717604e-05,0.03393222093992629,0.021072227982380072,0.0016497364572940908,0.006384550953948538,0.0192359977113964,0.019630383234143088,0.00573961182922215,0.007741994346236422,0.03362657843366068
TARA_B100000035,0.00014281950621850226,0.0302683440965682,0.018618671040685212,0.0017186838794445384,0.006138488236163044,0.016799757262912503,0.017841098651767383,0.005264835031896457,0.007213383156184895,0.030425894609637082
TARA_Y100000022,4.3846689356889395e-05,0.029775079237966625,0.018111126842774338,0.0015521375614600944,0.0057477622862456825,0.016697072217229478,0.017028603982846082,0.005153814998757225,0.007112616491935992,0.029170310176942188
TARA_B100000315,0.003906873226653969,0.041764251299440516,0.02038887357489091,0.0027452374513372273,0.015555316589937796,0.01813183494340603,0.01568932615497936,0.006749926555245886,0.006948439689817514,0.03332392558961212
TARA_B100000073,0.0001821032311627049,0.029744341077088232,0.019812091080779297,0.0015786296462377244,0.005924385973951904,0.014910188074604775,0.017283389257079302,0.004952289932813203,0.007124371701330253,0.027446085301358503
TARA_Y100000294,0.003566002395746401,0.04081080059433159,0.02193383166753758,0.002121973722712252,0.01250786120077211,0.01996563352765008,0.019297731559401714,0.007252506840724621,0.007301582193052029,0.038924497783464684
TARA_Y100000287,0.00015875937913643125,0.02880648706495775,0.018479246808060682,0.0016359213454686045,0.0054215437067842145,0.014914691017198329,0.01751339099749665,0.004819378087505478,0.006928677213176511,0.02745366087124619
TARA_B100000085,6.862372691629381e-05,0.025347500657914367,0.01774596799803511,0.0014249006850150599,0.004316534852235606,0.012973412290472336,0.01490632004971144,0.004545463675834647,0.006142884829944785,0.023799869653745847
TARA_Y100000031,0.004181625548572807,0.04211902916907085,0.022271098564491564,0.002372729621505163,0.013991926352681757,0.019880383809144985,0.018081772135354487,0.007161181011990283,0.007313300969661061,0.03785921878335185
TARA_B100000287,0.0002433001090764064,0.02954785374275635,0.017936087564710494,0.0014167249987181599,0.006311931892664933,0.014755290972676263,0.014671015398902703,0.004734589247181224,0.006394110388675967,0.026122892826917956
TARA_B100000282,0.0002139545419656374,0.02849618512486452,0.01904462229923448,0.001340987696295657,0.004346574931926977,0.01618968199611089,0.01998163325478149,0.0046371694547187045,0.007174644082170306,0.028534188331220588
TARA_B100000131,0.00011647558592846338,0.030786830227507837,0.01855774418190104,0.0012404072203839914,0.006051158478487671,0.01575251361850833,0.01589297200990635,0.00477074906733481,0.006721991387823775,0.02753789429667584
TARA_B100000123,0.00011056626314642869,0.030159588081919764,0.01952151637690382,0.0013353653282674194,0.004791713107233019,0.017301826725591503,0.020150767890785886,0.0048194943606363035,0.00741407932196565,0.030285292474781164
TARA_B100000161,9.358836640050107e-05,0.031847934926133324,0.02142457687353245,0.0014072464603420846,0.004945101504681807,0.017865378060597417,0.02347676493771749,0.004626427953425048,0.007647054904197754,0.0311754600982925
TARA_B100000242,6.76150694564854e-05,0.03392160732440972,0.022306888108173942,0.0015175238350445214,0.005475087740109936,0.019922043600278792,0.024807009297702496,0.0050122180061445845,0.008241175356231908,0.03333560737747779
TARA_B100000214,0.00012079357758010735,0.03085347441860967,0.01854720593086377,0.0013846806887519336,0.006259892984723257,0.01705350167417142,0.01859940023627626,0.004502140614839143,0.007113231261670794,0.029671599047018382
TARA_B100000212,8.591352187415232e-05,0.03397885129389271,0.021383498945623063,0.0016813829033380367,0.006845859825057052,0.01802384638318812,0.022198463003361424,0.004765248482651828,0.00787064301543192,0.03006808562825545
TARA_B100000378,0.0015237445337921605,0.0321582225004448,0.019762142038627747,0.004297281795085677,0.010441941593562726,0.015191798013913337,0.017346159660474328,0.005984058757023236,0.007790226210063725,0.026470930553182597
TARA_B000000609,3.772430201131351e-05,0.029014651171705024,0.0185978684522438,0.0014164636455540874,0.004938726122181814,0.015804616597159978,0.019456250571639702,0.0043568291743839105,0.006821684365789918,0.02828959876088748
TARA_B000000565,7.348617157298047e-05,0.031794812075955504,0.02159024025362186,0.0019372748965632714,0.006126695570189898,0.017099838001580388,0.020257163168040455,0.0050463261244195,0.007440429891117919,0.03125457926510879
TARA_B000000557,0.00016865520508304858,0.029842164582482088,0.019343958223979888,0.0016592250857970455,0.005165859547301767,0.016338600794975025,0.01887801292069152,0.004813583006045224,0.007113077405761731,0.029237977743701675
TARA_B000000532,5.4636513939866356e-05,0.030597610695263282,0.019491736482847088,0.0016900156538175342,0.005629776024690354,0.016520390142553174,0.01906798575989853,0.004663847133241096,0.007098302227062587,0.029481966745662513
TARA_B100000405,0.00020923027147792925,0.02946978322208587,0.01882834262702816,0.0018798553581876915,0.006304780909414615,0.015184135986044263,0.014906232682455028,0.005068735741676845,0.0060445805010751474,0.028685549898687376
TARA_B100000408,0.0011624940082349655,0.028416074616502824,0.014540329084722003,0.0017955699080203058,0.006314170913921074,0.014752653328093229,0.015578016635913232,0.004920693745156799,0.006021290663915682,0.026553411864729475
TARA_B100000401,4.097058132763323e-05,0.033908428310322286,0.021576750956424428,0.001755725195480221,0.006677478709706819,0.017860889101841748,0.021254953735394936,0.0049189327587182185,0.007499320252959449,0.032367251376824155
TARA_B000000441,0.00022935889664006928,0.033956951796825875,0.02080016256798843,0.0022774760198709647,0.007867066600604858,0.018741529276536,0.01774986735100818,0.0054471091248419895,0.007202077548200459,0.03319566058750141
TARA_B000000460,0.0010472394988694153,0.027726508246430456,0.014398235497510369,0.0019113280174829657,0.006539903993705575,0.014218474795897853,0.014977301246028491,0.00490131937108582,0.00596410133678502,0.025621220088846392
TARA_B000000437,4.47935112110117e-05,0.03473336169408887,0.02084605049371304,0.0019521397843216852,0.007738708104331555,0.01897803891029973,0.018800263077486456,0.005612282538837057,0.0074859253840503315,0.0332727018689348
TARA_B000000477,3.8438784698076665e-05,0.03605314754678751,0.020864065457525564,0.002366179356149071,0.008791576580619544,0.019195107175486142,0.01934977537628837,0.005653124124562269,0.0076425636514803625,0.033379305941819724
TARA_B000000475,2.1120545016905272e-05,0.036335077104418,0.0208632750112902,0.002355884253768664,0.008688238734015169,0.019641702960116414,0.019982031309414915,0.005828234379062161,0.0077298690861337,0.033541422242890126
TARA_B100000497,0.0003422405276468759,0.028399283867103917,0.01889788642312867,0.002234634429859202,0.00683838264470546,0.014041823247824662,0.013875119404657096,0.005290866871588931,0.006349659346194558,0.023759537765817018
TARA_B100000482,0.00047180268603319716,0.02897514385058733,0.021388271473976414,0.002046431143701393,0.006291028592848621,0.01438768516151773,0.01793243231914701,0.005327347975895497,0.006467432251863861,0.025783731001557283
TARA_B100000470,0.0007560990116495707,0.029862777494164317,0.015238537184059741,0.001749619786142247,0.006527257513898285,0.01571521783817031,0.016241267127678424,0.005355951252437403,0.0063778488318197105,0.0284176437157499
TARA_B100000475,0.0003857211951845772,0.02868563398291867,0.02145944184903249,0.0021236754955568198,0.006177616121675508,0.01440938172817064,0.018115286160106013,0.005394503124996252,0.006527933114034653,0.02616728451518789
TARA_B100000446,0.005700458567280924,0.0370650014131931,0.02581448286256049,0.004628737467097382,0.01247374644041398,0.016401707847355784,0.015952707263766738,0.010479037487013995,0.009974977360094908,0.028840741802001725
TARA_B100000459,0.00024589033510530783,0.01830548146457021,0.01166627527961916,0.0013904960718775568,0.004376096493407865,0.009490928768321636,0.01022984564191137,0.003603909611742046,0.004030504422253778,0.016597276418317947
TARA_B100000427,0.0004245178482822934,0.029540786334944637,0.0175879362790958,0.0019345877595192255,0.00703479020745576,0.015896304899667594,0.01521863243438021,0.004775853646767243,0.006628228204245482,0.02731451386416673
TARA_B100000508,0.0016359781181285813,0.02602490879098137,0.017007339964915123,0.002011450955383688,0.006389540002846971,0.012414773830658523,0.014090197550710002,0.005329340575006468,0.006591537234707455,0.02212975925217069
TARA_B100000424,0.0002588469999685856,0.019623179445738183,0.012953352092353952,0.0010790773736108288,0.003519523248587218,0.01026158788760564,0.012169433603903964,0.0035096226756674447,0.004907996547598163,0.01797078120464149
TARA_B100000519,0.0008112997761995926,0.017852162233826487,0.011845372892374506,0.0018244732291620067,0.004616359786197937,0.008977276123014856,0.008428013087894213,0.004046859009343504,0.004290032651196003,0.014862116949225504
TARA_B100000749,0.001762992105648577,0.026307955134705945,0.014568842439265303,0.001641025917046591,0.005620461745288809,0.014826825500242788,0.014912360775529862,0.005790742872630998,0.0065350907727587905,0.025031159699894587
TARA_B100000513,0.00031502570097695067,0.016144798350799332,0.010205429718396908,0.0008668379487266289,0.003066544202567602,0.009040440252642378,0.010226182974362358,0.0029779401811483477,0.003951285692261941,0.01560885949171864
TARA_B100000530,0.00020009323102801446,0.02793387692037621,0.017628474371058134,0.0019774008415486977,0.00586900460887173,0.015875787876958775,0.016569427930351526,0.004882413604425834,0.006297246446667783,0.026960215391567646
TARA_B100000745,0.0008716279182321559,0.02572873407410136,0.013769109524591342,0.0012455895027984837,0.0045717760884355215,0.014520883959338246,0.016040741728210437,0.004715947830608612,0.005938701456014081,0.02602574729476511
TARA_B100000524,0.00014773998023699794,0.0246292072190476,0.016398034800946582,0.0012798722421446414,0.004131442413408645,0.014071255098272102,0.01680127436798123,0.004203429324688141,0.0059880823213329356,0.024453347975345572
TARA_B100000767,0.000548376413974658,0.03767312357013237,0.024229559182244325,0.0033041094632767828,0.011531373904499792,0.018289533066723988,0.01870501706992374,0.006093321712580572,0.00815115921822107,0.03136959073273512
TARA_B100000768,0.0004645550431720837,0.033698567403086827,0.02223497539837386,0.003171948323593766,0.010663108239239659,0.015727288000658812,0.015919894682166168,0.0056571187602825965,0.00712157734025029,0.02678461334393535
TARA_B100000780,0.0006420960551931559,0.030297047288060725,0.018798523543458723,0.00240881111551652,0.009493228295073416,0.014463026118762837,0.014120111381276638,0.005504792141898914,0.006543273523491168,0.024427588631045598
TARA_B100000795,5.493937240929561e-05,0.02939791444319085,0.017523318177235278,0.002140570643875339,0.008758035527483395,0.014187281649132674,0.015204416804045197,0.006068496943324132,0.006356802463008093,0.02521557774233134
TARA_B100000809,0.0012054437246952249,0.028063991257634938,0.01487317471833065,0.002108176873175392,0.0071377456463740845,0.013633805952147363,0.013245717771701028,0.005543045364360393,0.0058112643979219974,0.02339414264550474
TARA_B100000787,0.00011179701163272949,0.03510940991952186,0.021426401766427062,0.0026542955167628427,0.011564358770097358,0.016401508964448863,0.017593250681586296,0.005968286298975283,0.007437937491849726,0.030079008059958362
TARA_B100001059,0.0015412170027289506,0.044042614066619946,0.02787829146051397,0.005267417796994153,0.014770292072919343,0.019117129127613798,0.01957610852273197,0.009183479714361434,0.010697317690953036,0.03442827835328409
TARA_B100001063,0.0009204109157380225,0.03791622193552697,0.0247429806680829,0.004005520006035637,0.011053308038507905,0.0180227980607515,0.01998554151548548,0.007913026189310727,0.009527392421867556,0.031949072865314176
TARA_B100001057,0.0005660794458102232,0.039515202561713265,0.02610348137162867,0.00324966483341578,0.008789428838673664,0.021799087484254256,0.023416118368529568,0.006689476634122395,0.009441185416140578,0.03742707180872976
TARA_B100000989,0.00014546052193513065,0.03244324823374381,0.021268954643151518,0.002172413374992067,0.006223112918022156,0.01941736533973109,0.020690062635437555,0.005180513636900897,0.007687115468336713,0.032536966796549466
TARA_B100001029,6.828520379574173e-05,0.027862350194692024,0.017413792210147647,0.001673736693532756,0.005714875499806439,0.015412677976261746,0.016930359761801014,0.0041932595709570225,0.006325665378773799,0.026699789257131595
TARA_B100001013,0.0007511945499377341,0.02705098633753254,0.012848468796853262,0.001239528457915009,0.0054385227612507355,0.014322887879683947,0.014964997586240238,0.004403457320481858,0.005550336283609712,0.02515980419437828
TARA_B100001027,7.415489354298206e-05,0.02759179663409269,0.01740468673458787,0.0016929389611506304,0.005049184261371634,0.016629969822647188,0.018142034101089558,0.004329625077370536,0.006620199886323165,0.02824759731111532
TARA_B100000886,0.0001020944422464068,0.02996605184479583,0.019317794797333945,0.001872057504861379,0.0056903813205480035,0.016882614697880167,0.019181006808922936,0.004487755013167614,0.00714766496562437,0.028579511450872862
TARA_B100000965,0.0015737261835373694,0.0349486727038723,0.02315390665548113,0.0026636871874945642,0.0092059805304147,0.018130338943151976,0.01883413428760099,0.006176592358773041,0.008664946972603936,0.031714037844499984
TARA_B100000959,0.0018196071616541664,0.03963222988183882,0.02242415282403233,0.003113182505843591,0.010543374555236674,0.019635013406361302,0.01895874397866309,0.007701500784706206,0.007988132984536751,0.036837789614762334
TARA_B100000963,0.0004218242806404467,0.03973177814977815,0.02542637219566921,0.0037680696234718256,0.010928790470282706,0.01969401873008593,0.021115352998413963,0.00559643718969284,0.008621987692592458,0.03303272827752177
TARA_B100000902,0.0002788632393976577,0.029021987484911537,0.017499206057912938,0.0018632582459262147,0.006287065066037618,0.01474833017256352,0.015488027249185831,0.004783342915605403,0.006684254216876002,0.025845638204340427
TARA_B100000953,0.0011028135328769082,0.033322855876399986,0.018110323823512044,0.002297768011019349,0.008029744884790791,0.016762981857577713,0.019364881336039586,0.00603063573359426,0.00730754840955614,0.03142124572830883
TARA_B100000900,3.895487150129954e-05,0.03265482349619783,0.01975176774065685,0.0024344223769726184,0.007799352124899399,0.016789390241897642,0.01785388378945441,0.004843462740258653,0.007230433779234963,0.029592798235875694
TARA_B100000927,0.0003200732978201509,0.032652523146291364,0.02065524192200948,0.002767882812265168,0.007729369316760519,0.016923164740153738,0.01812017974948999,0.004883242779286936,0.00720789682340427,0.0291799675728138
TARA_B100000929,0.001682864115354801,0.032558768474367936,0.017999322275678725,0.002718774836762955,0.008881010306643341,0.01581116539534827,0.015862876399096792,0.006620388045103061,0.007426700198246464,0.029290798989816538
TARA_B100000925,7.864038775880028e-05,0.03612808152153906,0.023090785323126785,0.0030674987099628998,0.008443369404582944,0.018786146066284263,0.020478848947840682,0.0051432422936094745,0.00791379713942896,0.03237843710042733
TARA_B100001113,0.0007767895464767701,0.03498744047704222,0.02046240701705836,0.002557327200961439,0.009266177779742963,0.016659566677205664,0.01697734574642502,0.005181144873544705,0.007543205239926286,0.029505963306465214
TARA_B100001079,0.0007441991553586838,0.032391900907091487,0.017843417529930444,0.0022075778027744086,0.00793242884639077,0.016392626383137616,0.017421523292628447,0.0054020021734076645,0.006745938258384329,0.02991349852189329
TARA_B100001109,0.0003729421893262565,0.03553375962864823,0.02120090161932921,0.0025903829962155515,0.008754252488755256,0.01840274342421149,0.01955178451110943,0.0052489870438595,0.00783612405435265,0.031957958347604745
TARA_B100000579,9.156386214345844e-05,0.033537190199578924,0.020842690533196692,0.0019729972329236628,0.007725679287470837,0.017948428758532687,0.019174613333755752,0.004880152982514541,0.007556173260250684,0.03178103059673111
TARA_B100000586,0.0005428146921534347,0.032066030630954416,0.01606754190989191,0.0019101191092301005,0.007550259761970803,0.016059967046983745,0.016480101573277162,0.0054814561368136065,0.006409036933527108,0.029232398032102487
TARA_B100000575,7.978514619508618e-05,0.033486785841009004,0.019832317162574376,0.002257756032517707,0.008139342572509263,0.017689928353733026,0.018744094369878717,0.004873506861231746,0.0074830253228136655,0.03009545179334325
TARA_B100000945,0.00024175028696784464,0.02590010444496552,0.016142187528967268,0.0018393437699944734,0.006027465798765125,0.013366565966873193,0.014846613627379556,0.003959877998740503,0.005886715309653077,0.02343364966481548
TARA_B100000949,0.0016563959980367882,0.032985515236838465,0.01902083892048549,0.004022261868570058,0.009831099085392965,0.015191747851918012,0.015732544753620858,0.005673582095989003,0.007122191291551798,0.02658250336034449
TARA_B100000941,0.00013121051178640355,0.026298071689915173,0.016598771713816986,0.0017972879098794871,0.005041614456351804,0.01446220188851199,0.017149138049929378,0.004144790119036448,0.0063323873705614896,0.02556698030515693
TARA_B100000700,0.0009956885757895007,0.03440703055789042,0.02242858661645906,0.0028510012278652533,0.009213720527951979,0.01774560135998665,0.017097066003760455,0.0063279037637538746,0.007989747257741221,0.030121276917807294
TARA_B100000678,0.0007545073145081027,0.03200264721215219,0.017374261295683608,0.002445108022291834,0.008301411916799508,0.0163108289044647,0.017014231438897312,0.005688393876721019,0.007076003386708988,0.028489981186953808
TARA_B100001115,0.00018798737012791503,0.03659459275535825,0.0224223571998302,0.002591797197446955,0.009449978848147252,0.018406939759080768,0.01991777151828562,0.005131300050358451,0.007959772556524724,0.03229213190188487
TARA_B100000686,0.0006180136350872607,0.03372880797225613,0.019270460406322024,0.002115389904564724,0.007726260769777605,0.018406092837663108,0.018813456512835232,0.0059210708758919255,0.007581602093002277,0.03216734193724583
TARA_B100000683,0.00018725577851449272,0.029240910768473613,0.01991143343478395,0.002992047474350607,0.007953415955526292,0.014564958727687803,0.014695631465892943,0.0054795389414244436,0.006262804738201798,0.02506800650032549
TARA_B100000676,0.00028634122901431404,0.04060050376144682,0.02450110522109361,0.003118815855806961,0.009948173004381273,0.02190813193996309,0.021895131794541382,0.0066113651372424025,0.00882102515250128,0.036969712968642016
TARA_B100000674,0.00017948022389411994,0.03672248018134309,0.024377341292229543,0.0027148706230627887,0.009169847493730215,0.01882663096479206,0.020504241086458225,0.0058959186024363595,0.008335450657460747,0.03273091928042077
TARA_B100001123,0.0012184812793790527,0.035057462129368784,0.021211601377862592,0.0029455665199934625,0.008737631864458095,0.01874704574439835,0.018451848958592736,0.006270255938555332,0.008002965455356871,0.0324202200542689
TARA_B100001121,0.00023860299509633184,0.038836136600336316,0.0242936938415156,0.00245722142476512,0.009608061230473666,0.020821483633118986,0.02131174780637364,0.0061718219041139825,0.008816496524399196,0.036383745893747634
TARA_B100000614,0.0009342865882150297,0.034342369352365405,0.021454274089577795,0.003043008848253075,0.00947445133888759,0.017265107078231083,0.018027013974150016,0.006238023782443321,0.007868482677582826,0.029250948717914824
TARA_B100000609,0.0002685179328105888,0.035544252718790824,0.021683046074547203,0.0029793278152848864,0.009684432643050843,0.017363754864961303,0.01912155841675177,0.005792598885151538,0.007582214194398306,0.02942808071264845
TARA_B100001250,0.00014295534024543423,0.026042815903046683,0.014108110155749056,0.001381710629853723,0.006249020115313091,0.01259305952815106,0.012525770145249096,0.004351901609420453,0.005612895795786327,0.021385212069310933
TARA_B100001245,0.0009302650009072516,0.0287438851338004,0.014957100888665413,0.0018964182119705774,0.006751962200634093,0.014693447373965962,0.014576959779189796,0.005284379405784961,0.006277414056482339,0.026216400187806355
TARA_B100001248,9.919762082169496e-05,0.029901210698796456,0.019266028292641183,0.0016528537235802946,0.0054266757521490225,0.01644939045264955,0.01979680145990253,0.0047173710957929965,0.007003200745587485,0.02925369538475437
TARA_B100001094,0.00022445566001573668,0.02855512563517495,0.0175698794583144,0.0019662586781774693,0.0062935431595858345,0.013927431996462193,0.014419025288448652,0.005133481976819042,0.006397371453070869,0.024168341425210068
TARA_B100001105,0.00074355423694005,0.030157076081159393,0.015412417546420537,0.0017542780866333446,0.0066194841726207754,0.01574759536063659,0.016761999142929397,0.005518829550598518,0.006441275222975332,0.02849691165500998
TARA_B100001093,0.0001490463382908318,0.033516245707581487,0.02236749737113035,0.002991840320709557,0.007372833430302822,0.017867317826005737,0.01931692541597412,0.0056199702310432975,0.007760436430955447,0.030293733014882883
TARA_B100001964,0.002339359157976742,0.03847859824230846,0.021552998293090767,0.0026583133928241216,0.010570916717497164,0.019294818881070697,0.01838995233815486,0.007364339723134091,0.007477130040223126,0.036680524292106234
TARA_B100001971,0.0034206300579964393,0.036915111617383686,0.020066382411243637,0.002910385355868045,0.01126138615803862,0.017582183688481617,0.016016524026995632,0.006935496292795182,0.00715866011199608,0.03204212932311984
TARA_B100001287,4.372476433484031e-05,0.035130273590420896,0.021272736461528767,0.0022359972990515717,0.0077224334355715735,0.01838194338299608,0.02039497924497488,0.0049651620923604105,0.007776642361948403,0.032971532633044795
TARA_B100001996,0.0003084180757975101,0.025553936878512026,0.013423893960327195,0.0011520584936853392,0.00522800913393475,0.013465534486059048,0.013058457008412645,0.0041934039844760615,0.0057758865723953395,0.02397129656114191
TARA_B100002003,0.003145263603252538,0.035437162877555974,0.019054540536116545,0.002922246975820305,0.010940222390865369,0.017409310638436464,0.015423999291658762,0.007199197517220984,0.007150419379265313,0.03132117065636378
TARA_B100001989,0.00022681044359314863,0.02858881033857532,0.01840958692524269,0.0016333485041133851,0.005266769206699007,0.015337040388823643,0.01806254181160024,0.004616240642813743,0.006904236876447621,0.02723058682693847
TARA_B100002019,0.00024685264913894256,0.03156473805972015,0.020650301858930232,0.0020047612890418762,0.006238454913939853,0.016569781447340164,0.018365822921767447,0.005171307527406655,0.0074513429278762425,0.029405928790093412
TARA_B100001939,0.0001792126440792432,0.0325072618236415,0.021258622605411785,0.0023176926316110357,0.006921293762711726,0.017761678500402802,0.0194326621558244,0.005497881677526175,0.007713985040198292,0.031109751262548824
TARA_B100002052,0.0002402232312169457,0.037665839747317034,0.022455678367984615,0.0025312317376415703,0.00952604318096769,0.019242827391344048,0.01965699113865868,0.005410344293466578,0.00801577153075258,0.033583395785304886
TARA_B100002049,0.0013522818923465936,0.033153262394410986,0.018967226470814467,0.003523889313847551,0.009822739593459551,0.015430575898180345,0.01618083384759688,0.006488855204555026,0.007710712696424526,0.02775719553559454
TARA_B100002051,0.0002009516876942368,0.03714577771361701,0.022433284335392156,0.0021705516166148865,0.008872061440211187,0.019479091554891637,0.019836325335024142,0.005883450302273431,0.0081557442370434,0.034273896665658374
TARA_B100001146,0.0007024417002228612,0.03128024110079878,0.016541387207225845,0.0023287904696887365,0.0076834950778595125,0.015950600205718115,0.01629025516963821,0.005107768450784868,0.0065234682732588254,0.028146114706084458
TARA_B100001142,6.684341319207903e-05,0.032571601561914416,0.019058464707291736,0.0020477530455583737,0.007813452660780616,0.016983686416472972,0.016992370409765215,0.005504421102294421,0.006718134523305007,0.02983995038138897
TARA_B100001167,0.00039411093998984657,0.026372683872885286,0.01289634009651655,0.0016526764994326387,0.0057939299953876314,0.013760770844624914,0.013773957952423655,0.0043047288282126546,0.005396975636623888,0.024624330734730304
TARA_B100001540,0.00013275267788830891,0.03576985274816125,0.021882730232890963,0.0023865152181857486,0.008393789391219073,0.019942043151172296,0.01984927112197572,0.006047457810782029,0.007571032239920824,0.034933646651069516
TARA_B100001741,8.871485349987721e-05,0.03484597172473613,0.021429838274076282,0.0023656253594358943,0.008110196281503938,0.01934043080791452,0.01927563656112952,0.005477804899611835,0.0075636122843822685,0.034214126455747514
TARA_B100001750,0.00045094005865656115,0.028774234398431436,0.013573515223095784,0.0017583739976820602,0.006982185717781649,0.014785706860586645,0.01452924261394461,0.004575754735285008,0.006024184515778944,0.025827857840043846
TARA_B100001765,0.00044995702818612137,0.027262327495110258,0.013722065251671365,0.0017436866310002047,0.006028506130938258,0.014239341598676975,0.01498106970001749,0.00451798113249165,0.0057411336666975685,0.02589830207660973
TARA_B100001758,5.037760209138917e-05,0.033824695972597824,0.019900033787516338,0.0021680377933032072,0.00826708589978723,0.017843190536413624,0.017399462244419354,0.00541279468445239,0.006920937192300006,0.031628438212530134
TARA_B100001778,0.0009891508923421566,0.033640364139289496,0.02269515153784655,0.002752192542575459,0.00822214514519855,0.01683244069994421,0.017853087208249137,0.00587009192594975,0.007826077259828649,0.03050744242619175
TARA_B100001769,4.918201035721121e-05,0.03318598313745285,0.0217279564071075,0.0023649848265379844,0.007304451839152052,0.01737021217377535,0.01910375724173312,0.005276185945716295,0.0072176213548986595,0.03138238145902983
TARA_B100001559,8.538824790135719e-05,0.033782610376235166,0.019693971744063413,0.002620063484944261,0.007994487590618748,0.018496287872920302,0.018184728052233555,0.005588427272401243,0.007274379549456635,0.032036100613136866
TARA_B100001564,5.116347662823969e-05,0.03498228391310707,0.0220184251995995,0.00262236493027118,0.008116481407873036,0.01816589580111196,0.01903085281290649,0.005321919777058461,0.007534614025402681,0.03255691797487671
TARA_B100001179,0.0006186064521243814,0.02866104554734088,0.01450529184391433,0.0017580137515480776,0.0064776982983443645,0.015132011388546772,0.015199392585564138,0.004966872167833205,0.006133767770209071,0.026980842808209872
TARA_B100001175,6.193390540245827e-05,0.03333938121079155,0.02008662808346916,0.002590537877620657,0.008498147981058777,0.01686190260680221,0.017655443417167682,0.0049545830829506535,0.0070410265658368346,0.029375674033810206
TARA_B100001173,7.336079263950515e-05,0.03548285699469846,0.022035999876794814,0.002752458227508734,0.008924015554823094,0.01777228165336572,0.01875547339532556,0.0052171550189740465,0.007469792559754205,0.031401493955351245
TARA_B110000008,0.0002643626922357325,0.03969584770918982,0.02516812458834483,0.002912199920037464,0.0102000156358112,0.02068561807059429,0.020282193099497036,0.006859744765454985,0.008693103252724358,0.034781350344524606
TARA_B110000014,0.00018665323644673936,0.030341447375166086,0.014807369293199068,0.0016182579716478402,0.006860303880307803,0.016253958469940766,0.0169913449395585,0.004731192108756678,0.0063571215139347865,0.02857722079242925
TARA_B110000003,0.00015717530692960314,0.04258629115017946,0.02877576213378895,0.004066997806264942,0.011935395752267295,0.019695429853552472,0.019673281597290572,0.0074419963849527045,0.008774601877372045,0.033504496445170666
TARA_B110001452,0.00010663779280942248,0.03298212737699727,0.019470641387191262,0.0037169938988278156,0.012032440167052422,0.013811049577762342,0.01380205108724618,0.005567104516414952,0.00663559677750337,0.024780206382506484
TARA_B110001454,0.0008675935734218183,0.02802584540269916,0.014621608603471944,0.0016525406154387855,0.006733509904105585,0.014246153353349948,0.015512938709839256,0.0048354087900303825,0.005847113177075065,0.025317378287904112
TARA_B110001450,0.00010232410577270217,0.03840668582354983,0.025744583087964144,0.004374194539098884,0.013283871923889556,0.016909543331779485,0.016847159878214214,0.006596251423403352,0.007764065016370787,0.02832105573641273
TARA_B110000196,0.0008319726074862318,0.029547456709924005,0.016308243841338037,0.002030010758950213,0.007456844840473433,0.015330865027298066,0.015548977214615772,0.005739793101849938,0.006614189266329124,0.02575337013786199
TARA_B110001469,0.00046005271111815906,0.0407350962209793,0.03155367247869754,0.00518990156216185,0.013185715438640843,0.016873994036442786,0.018804527346536096,0.008562509681867257,0.008403601362790388,0.03199334305387773
TARA_B110000046,0.0008021477409592744,0.037931089665537716,0.025742363509975483,0.005033372157119418,0.01398850377651434,0.01391981847923862,0.014298712980471454,0.0064949602730435246,0.007497244969538449,0.024480961958367888
TARA_B110000037,0.00032232190191208287,0.04094363504034041,0.027480082628353025,0.005287406620745647,0.013980755803871672,0.017929133264762826,0.018426137757161124,0.006497336650007937,0.0088788245225984,0.03163444595040133
TARA_B110000027,0.0001394314158509201,0.04025342277443847,0.02688649731854003,0.005538959197725687,0.014598654292125715,0.015965746965375473,0.01780034496632437,0.005735763595495963,0.008403030383997773,0.030844734451675918
TARA_B110000093,0.0002574080154088543,0.04557521374240627,0.0293971215990688,0.004779439741154504,0.016523716168218124,0.019541403408124845,0.019129424474625643,0.007563099448684002,0.0093809496062556,0.032567634919446684
TARA_B110000091,0.0006097936584940972,0.04835375633709306,0.031128197600695743,0.004918646938472686,0.017327482697513674,0.020327624733510453,0.020017283448705268,0.00869311659786233,0.009910698389822715,0.03391549121569275
TARA_B110000090,0.00028636021824766114,0.04926078015409747,0.03281888738060275,0.0052099871422946215,0.01823870203750084,0.02038993211146401,0.020463720630987576,0.008799109955662555,0.00993453008011712,0.033945758105153725
TARA_B110000114,0.00017607095310030486,0.05246680089878375,0.0351754195842342,0.006360560262028832,0.02065013259992024,0.020551808597446014,0.0209064964860966,0.008157548527295994,0.010314412819960431,0.03475461865657379
TARA_B110000116,0.0006298201618752643,0.03610292991341967,0.019845623272912304,0.0027206011012123462,0.0096970194850893,0.01781724565794296,0.017775696866148417,0.005870695432825381,0.007518179982678615,0.03031068492795052
TARA_B110000208,0.00021292523532372105,0.040465235478028085,0.02843992021321435,0.004688785122154607,0.01403411911622547,0.01638291674639934,0.01684522586395066,0.008872398428405485,0.00822995516943167,0.027567660792305958
TARA_B110000503,0.0008760426117886389,0.037331858297558466,0.0254547101591584,0.0035675173059498905,0.011905882525234812,0.01753106571602844,0.017309820946522874,0.007407935289668936,0.008065223952440269,0.028975548997117875
TARA_B110000211,0.0015609660974482465,0.04186286765692,0.027327484787311118,0.004557291339674518,0.015664474110533202,0.01695456573297565,0.016602187764113346,0.008292271641318225,0.008829400383607052,0.028377164248709837
TARA_B110000240,0.0004043202192615251,0.04314877033102181,0.026745782972015058,0.00423668993386415,0.014166716430653157,0.017382835278045843,0.017490218181847206,0.008058247878409431,0.008676245045737652,0.029348788833635824
TARA_B110000238,0.00019379023787904925,0.044777482052587664,0.02859396434457029,0.004587403191716264,0.0152325524023232,0.01815784691680305,0.018196750785390115,0.008261494460090045,0.009146947302156106,0.030354522907097625
TARA_B110000261,0.00015644488322625198,0.037489324747111516,0.02541454684321277,0.0035803999828298485,0.011739645819578351,0.01636491385898468,0.01705958194845689,0.0075204831106132205,0.007916542277145552,0.03004554503197573
TARA_B110000263,0.0006736814179364852,0.03359277483380742,0.017304106593801,0.002148242358639489,0.008066263603116344,0.017546069976291108,0.017447733847014216,0.0053460703828973975,0.006955385891517373,0.029574841718506027
TARA_B110000259,0.00017964172771342958,0.04280766210313758,0.028920770860681188,0.004406764582950457,0.014773362373294982,0.018962072607946964,0.0190643456364081,0.007269072795974414,0.00906010989443225,0.032523059541770684
TARA_B110000285,0.00035581234690213847,0.02265168414032834,0.015787549322441422,0.0023664665125553838,0.00706799033604542,0.009249421017983652,0.009663209413601465,0.004616621460963163,0.004885761251356918,0.01574611647129457
TARA_B110000977,0.0006156770317476098,0.035317916499603634,0.025148904976960314,0.00393376028797161,0.011711558875188188,0.013892924501659272,0.015020765391750766,0.007155892767542634,0.007276280996944089,0.02381123738532217
TARA_B110000967,0.00032994804289146517,0.0411215872481544,0.027522392690627367,0.00418696041473439,0.013596225162397791,0.018607424886393328,0.01864048309132154,0.0074919671980602405,0.008975010162742764,0.03212425976715072
TARA_B110000971,0.0001683795468305167,0.035292451126234706,0.024077323530943884,0.003450655448658308,0.011351462363101377,0.015850298005532382,0.01668851444099923,0.006937597241730869,0.007854392963749944,0.028112107475313567
TARA_B110000305,0.00037906278319233217,0.03651839329661247,0.02600090198257337,0.0040759888256797615,0.01152038294881205,0.016825963509763217,0.016988064954583142,0.006584777701189687,0.007924126680603305,0.02920511783377003
TARA_B110000908,0.0006078955669288264,0.044232529161969764,0.0304067398561162,0.005380450420722504,0.016398058230224558,0.017206087181494568,0.01754475076392682,0.008084940433729933,0.008800169926164052,0.027321269517354856
TARA_B110000914,0.00035135468073555696,0.03280432799205159,0.01965266981604624,0.003066855505571611,0.00952594556385316,0.015744842371271377,0.016043069781240666,0.005741837391625143,0.007082332915614288,0.026718765474959025
TARA_B110000902,0.00030429277923191,0.039464306774498574,0.027258812386883984,0.004539438945457115,0.014411892410494676,0.015136244466944391,0.01578070379445265,0.007683847765667595,0.00774560345694169,0.024755596443482845
TARA_B110000881,0.00042016792581694415,0.033005921012850124,0.019151690650474208,0.0027894865915565037,0.009253334850582351,0.015748629404682475,0.016677182504703108,0.005684845656460027,0.007099998587506562,0.027213005410419086
TARA_B110000879,0.00038130764329116497,0.051276541895266835,0.03454068019055692,0.006189349991559392,0.01976021249408228,0.020372448267842902,0.01983066724588949,0.008353012868612716,0.01001556414405656,0.03198102720671399
TARA_B110000495,0.00041773188871287376,0.03023188701784162,0.01744076314701009,0.002507528814554357,0.007755596925334597,0.015056968479615962,0.017268895828254555,0.005304297842337653,0.006864066117690839,0.02698430259714024
TARA_B110000483,0.00013337552736585967,0.035894951019381685,0.024737894845188874,0.0038541267621621657,0.011063514721670628,0.0168926093635993,0.016947842316505254,0.005845220774052175,0.008006007594421698,0.03007093845859505
TARA_B110000858,2.28657702850375e-05,0.03236983766380354,0.02248498571751071,0.003189289471511102,0.010080070236176164,0.014416375111611916,0.015375995601413825,0.0057296595522674095,0.0071686657518647105,0.02522849586752931
TARA_B110000467,0.0006414190206895892,0.0311155907835362,0.017998389496397208,0.002488804894751191,0.007834330664912762,0.01619593038195799,0.018706070642439173,0.00551656622385012,0.007480875955360076,0.02968107802053845
TARA_B110000459,0.0002650733788158412,0.04079354890647485,0.02651260591588369,0.00399878327981717,0.013448895938685096,0.018444088672867797,0.018316210056306258,0.0062229570552980425,0.008621774511835777,0.031925622784496094
TARA_B110000438,0.0002918381118479669,0.03233019887590816,0.017234743658268426,0.0023179829018212307,0.007987114925571049,0.016775775953690182,0.017757506242258143,0.0053339936717971435,0.007227494834164932,0.029424565318990143
TARA_B110000444,0.00010744742278684872,0.03597317301667168,0.02176000499552601,0.002708481161819971,0.009901250372303723,0.0184614337157329,0.01794502082500399,0.005561536631692155,0.007844950454971395,0.03110835360894857
